row,col,x_m,y_m,lon,lat,land_class,confidence,p_residential,buildings,population,dist_km,underserved
0,0,466960.0,9739940.0,32.70283035450253,-2.3527993004053576,SeaLake,0.9996141,1.1722497e-05,0,0.0,10.534032524748508,False
0,1,467600.0,9739940.0,32.70858661670085,-2.352800521321428,SeaLake,0.99936867,6.0226944e-06,0,0.0,10.25862069557161,False
0,2,468240.0,9739940.0,32.714342881865235,-2.352801718357519,SeaLake,0.9999453,3.5210942e-07,0,0.0,10.016584044411593,False
0,3,468880.0,9739940.0,32.72009914993712,-2.3528028915135706,SeaLake,0.9991866,3.7120276e-06,0,0.0,9.810393124738257,False
0,4,469520.0,9739940.0,32.72585542085791,-2.352804040789524,SeaLake,0.99975604,4.677888e-06,0,0.0,9.642347774534084,False
0,5,470160.0,9739940.0,32.731611694569025,-2.352805166185321,SeaLake,0.9998944,1.211797e-06,0,0.0,9.514469399194741,False
0,6,470800.0,9739940.0,32.73736797101187,-2.3528062677009047,SeaLake,0.9999361,1.2953429e-06,0,0.0,9.428392508342231,False
0,7,471440.0,9739940.0,32.74312425012786,-2.352807345336219,SeaLake,0.99973863,6.323696e-06,0,0.0,9.385267318223526,False
0,8,472080.0,9739940.0,32.74888053185842,-2.352808399091209,SeaLake,0.99993336,6.978389e-07,0,0.0,9.385685908747714,False
0,9,472720.0,9739940.0,32.754636816144945,-2.3528094289658235,SeaLake,0.9998958,1.2551444e-06,0,0.0,9.429642481070857,False
0,10,473360.0,9739940.0,32.76039310292886,-2.3528104349600087,SeaLake,0.9999287,8.0124073e-07,0,0.0,9.516533752578557,False
0,11,474000.0,9739940.0,32.76614939215156,-2.352811417073715,SeaLake,0.9999548,5.488928e-07,0,0.0,9.645199428063561,False
0,12,474640.0,9739940.0,32.77190568375447,-2.352812375306893,SeaLake,0.9999472,7.762822e-07,0,0.0,9.813996604353825,False
0,13,475280.0,9739940.0,32.777661977679,-2.352813309659492,SeaLake,0.999936,1.3751295e-06,0,0.0,10.020897499396904,False
0,14,475920.0,9739940.0,32.78341827386656,-2.352814220131467,SeaLake,0.99995494,7.5631647e-07,0,0.0,10.263598006380116,False
0,15,476560.0,9739940.0,32.78917457225857,-2.352815106722771,SeaLake,0.9988887,1.4681709e-05,0,0.0,10.539625295982805,False
0,16,477200.0,9739940.0,32.79493087279643,-2.35281596943336,SeaLake,0.9993007,1.127403e-05,0,0.0,10.846435300266693,False
0,17,477840.0,9739940.0,32.80068717542156,-2.35281680826319,SeaLake,0.9996054,1.7822847e-06,0,0.0,11.181494357465022,False
0,18,478480.0,9739940.0,32.80644348007535,-2.3528176232122187,SeaLake,0.9998301,3.2552807e-06,0,0.0,11.542342630903525,False
0,19,479120.0,9739940.0,32.812199786699246,-2.3528184142804043,SeaLake,0.9998746,2.862338e-06,0,0.0,11.926639541477039,False
0,20,479760.0,9739940.0,32.817956095234635,-2.3528191814677086,SeaLake,0.9998987,2.6349974e-06,0,0.0,12.332193158375132,False
0,21,480400.0,9739940.0,32.823712405622935,-2.352819924774091,SeaLake,0.9998733,2.1082901e-06,0,0.0,12.756976343892198,False
0,22,481040.0,9739940.0,32.82946871780556,-2.352820644199515,SeaLake,0.99992085,1.3885689e-06,0,0.0,13.199132652631986,False
0,23,481680.0,9739940.0,32.83522503172391,-2.352821339743944,SeaLake,0.9999275,1.3862559e-06,0,0.0,13.656974779391176,False
0,24,482320.0,9739940.0,32.840981347319406,-2.3528220114073424,SeaLake,0.99982977,3.656004e-06,0,0.0,14.128977934304993,False
0,25,482960.0,9739940.0,32.84673766453346,-2.352822659189677,SeaLake,0.9998832,2.7240335e-06,0,0.0,13.818383723036705,False
0,26,483600.0,9739940.0,32.85249398330747,-2.352823283090915,SeaLake,0.9998318,3.0734195e-06,0,0.0,13.488571680369253,False
0,27,484240.0,9739940.0,32.85825030358286,-2.3528238831110246,SeaLake,0.99982226,2.7183712e-06,0,0.0,12.987534411086932,False
0,28,484880.0,9739940.0,32.86400662530103,-2.3528244592499763,SeaLake,0.9998976,1.8406316e-06,0,0.0,12.39765919375677,False
0,29,485520.0,9739940.0,32.8697629484034,-2.35282501150774,SeaLake,0.99992764,1.6753062e-06,0,0.0,11.813003720050052,False
0,30,486160.0,9739940.0,32.87551927283137,-2.3528255398842868,SeaLake,0.9999181,1.1528592e-06,0,0.0,11.234382951247966,False
0,31,486800.0,9739940.0,32.88127559852635,-2.3528260443795923,SeaLake,0.9998952,2.0905388e-06,0,0.0,10.66277936096708,False
0,32,487440.0,9739940.0,32.88703192542977,-2.3528265249936307,SeaLake,0.99990416,1.6645618e-06,0,0.0,10.099384491445017,False
0,33,488080.0,9739940.0,32.89278825348302,-2.3528269817263765,SeaLake,0.99990726,1.585683e-06,0,0.0,9.545651916522763,False
0,34,488720.0,9739940.0,32.898544582627515,-2.352827414577807,SeaLake,0.99992216,1.5378272e-06,0,0.0,9.003364588685127,False
0,35,489360.0,9739940.0,32.904300912804665,-2.352827823547901,SeaLake,0.99983156,5.593379e-06,0,0.0,8.474719896383826,False
0,36,490000.0,9739940.0,32.91005724395588,-2.352828208636637,SeaLake,0.9999403,1.6237875e-06,0,0.0,7.962435602724738,False
0,37,490640.0,9739940.0,32.91581357602258,-2.352828569843997,SeaLake,0.9997784,5.770476e-06,0,0.0,7.469878455029442,False
0,38,491280.0,9739940.0,32.921569908946154,-2.35282890716996,SeaLake,0.99993074,2.3090895e-06,0,0.0,7.001213290443852,False
0,39,491920.0,9739940.0,32.92732624266802,-2.352829220614512,SeaLake,0.99989915,2.7525625e-06,0,0.0,6.561561623856186,False
0,40,492560.0,9739940.0,32.9330825771296,-2.352829510177636,SeaLake,0.999887,2.7982703e-06,0,0.0,6.157141735337657,False
0,41,493200.0,9739940.0,32.93883891227229,-2.3528297758593166,SeaLake,0.99993074,1.4308489e-06,0,0.0,5.7953341365629125,False
0,42,493840.0,9739940.0,32.9445952480375,-2.352830017659541,SeaLake,0.99992776,1.1629824e-06,0,0.0,5.484578485151432,False
0,43,494480.0,9739940.0,32.95035158436666,-2.3528302355782973,SeaLake,0.9999236,1.0459448e-06,0,0.0,5.233975980567791,False
0,44,495120.0,9739940.0,32.956107921201145,-2.352830429615574,SeaLake,0.9998338,2.7451606e-06,0,0.0,5.052485326107851,False
0,45,495760.0,9739940.0,32.96186425848239,-2.3528305997713623,SeaLake,0.9997286,7.3301712e-06,0,0.0,4.947717794691784,False
0,46,496400.0,9739940.0,32.9676205961518,-2.352830746045653,SeaLake,0.9984717,1.8186603e-05,0,0.0,4.924572548078089,False
0,47,497040.0,9739940.0,32.97337693415077,-2.3528308684384376,SeaLake,0.99993086,1.1435914e-06,0,0.0,4.98418681297751,False
0,48,497680.0,9739940.0,32.97913327242073,-2.352830966949711,SeaLake,0.99992156,9.209318e-07,0,0.0,5.123672666362821,False
0,49,498320.0,9739940.0,32.98488961090308,-2.3528310415794684,SeaLake,0.9999509,5.083511e-07,0,0.0,5.336771027260593,False
0,50,498960.0,9739940.0,32.990645949539235,-2.352831092327705,SeaLake,0.9997702,6.1612523e-06,0,0.0,5.615107158619742,False
0,51,499600.0,9739940.0,32.996402288270595,-2.35283111919442,SeaLake,0.99934584,2.2521974e-06,0,0.0,5.949532066318935,False
0,52,500240.0,9739940.0,33.002158627038575,-2.35283112217961,SeaLake,0.9995567,6.6482215e-07,0,0.0,6.331163811933147,False
0,53,500880.0,9739940.0,33.00791496578458,-2.3528311012832765,SeaLake,0.99947345,1.0760261e-05,0,0.0,6.752002563603366,False
0,54,501520.0,9739940.0,33.01367130445002,-2.35283105650542,SeaLake,0.99981856,4.832112e-06,0,0.0,7.205181609389246,False
0,55,502160.0,9739940.0,33.01942764297632,-2.3528309878460427,SeaLake,0.99993086,9.794229e-07,0,0.0,7.684981810626204,False
0,56,502800.0,9739940.0,33.02518398130487,-2.352830895305148,SeaLake,0.99991643,2.2505778e-06,0,0.0,8.186723937878337,False
0,57,503440.0,9739940.0,33.03094031937709,-2.35283077888274,SeaLake,0.99994135,1.8569315e-06,0,0.0,8.706615429683614,False
0,58,504080.0,9739940.0,33.03669665713438,-2.352830638578826,SeaLake,0.99985695,2.1140218e-06,0,0.0,8.825264276142518,False
0,59,504720.0,9739940.0,33.04245299451815,-2.352830474393412,SeaLake,0.99992156,1.2184341e-06,0,0.0,8.409643254176387,False
0,60,505360.0,9739940.0,33.04820933146982,-2.3528302863265065,SeaLake,0.9999435,7.9202573e-07,0,0.0,8.023597060001924,False
0,61,506000.0,9739940.0,33.053965667930804,-2.352830074378119,SeaLake,0.99994457,8.595613e-07,0,0.0,7.671591744874635,False
0,62,506640.0,9739940.0,33.059722003842495,-2.35282983854826,SeaLake,0.99989414,1.7219475e-06,0,0.0,7.35851411759098,False
0,63,507280.0,9739940.0,33.06547833914631,-2.3528295788369418,SeaLake,0.9998481,2.7194994e-06,0,0.0,7.089523265886282,False
0,64,507920.0,9739940.0,33.07123467378366,-2.352829295244177,SeaLake,0.9997032,4.3986433e-06,0,0.0,6.86979987017817,False
0,65,508560.0,9739940.0,33.07699100769595,-2.352828987769981,SeaLake,0.9998336,2.4415938e-06,0,0.0,6.7041897627571005,False
0,66,509200.0,9739940.0,33.0827473408246,-2.3528286564143683,SeaLake,0.99992526,1.2694733e-06,0,0.0,6.596769701438289,False
0,67,509840.0,9739940.0,33.088503673111,-2.352828301177356,SeaLake,0.95219105,0.00024887864,0,0.0,6.550403087793249,False
0,68,510480.0,9739940.0,33.094260004496576,-2.352827922058963,SeaLake,0.99964213,5.663357e-06,0,0.0,6.566383382907858,False
0,69,511120.0,9739940.0,33.100016334922735,-2.352827519059206,SeaLake,0.999907,1.499816e-06,0,0.0,6.644260745190962,False
0,70,511760.0,9739940.0,33.105772664330885,-2.3528270921781083,SeaLake,0.9997964,3.4948573e-06,0,0.0,6.781903196658198,False
0,71,512400.0,9739940.0,33.11152899266244,-2.3528266414156884,SeaLake,0.99974805,4.0482305e-06,0,0.0,6.975773870159482,False
0,72,513040.0,9739940.0,33.11728531985881,-2.352826166771972,SeaLake,0.9998287,2.8883112e-06,0,0.0,7.221345526033005,False
0,73,513680.0,9739940.0,33.12304164586139,-2.3528256682469806,SeaLake,0.99993956,1.5119917e-06,0,0.0,7.513550513912448,False
0,74,514320.0,9739940.0,33.128797970611615,-2.352825145840741,SeaLake,0.9999664,1.0741164e-06,0,0.0,7.847181114506732,False
0,75,514960.0,9739940.0,33.13455429405088,-2.352824599553279,SeaLake,0.99990034,3.8686385e-06,0,0.0,8.217193046450122,False
0,76,515600.0,9739940.0,33.14031061612059,-2.352824029384622,SeaLake,0.99987376,2.541414e-06,0,0.0,8.618901999755268,False
0,77,516240.0,9739940.0,33.14606693676217,-2.3528234353348,SeaLake,0.99991333,1.4998669e-06,0,0.0,9.048087190127118,False
0,78,516880.0,9739940.0,33.151823255917016,-2.352822817403841,SeaLake,0.9997953,3.1244122e-06,0,0.0,9.50102583508221,False
0,79,517520.0,9739940.0,33.15757957352655,-2.3528221755917773,SeaLake,0.9998561,2.2533475e-06,0,0.0,9.974482544856986,False
0,80,518160.0,9739940.0,33.16333588953218,-2.3528215098986416,SeaLake,0.99972385,4.179004e-06,0,0.0,10.46567303886443,False
0,81,518800.0,9739940.0,33.16909220387531,-2.3528208203244665,SeaLake,0.99988604,1.7594307e-06,0,0.0,10.972215923648736,False
0,82,519440.0,9739940.0,33.17484851649736,-2.352820106869288,SeaLake,0.99993193,1.293508e-06,0,0.0,11.492081290781407,False
0,83,520080.0,9739940.0,33.18060482733973,-2.352819369533142,SeaLake,0.9998882,1.9529994e-06,0,0.0,12.02354118022994,False
0,84,520720.0,9739940.0,33.186361136343834,-2.3528186083160643,SeaLake,0.9998318,2.5808197e-06,0,0.0,12.565124457459314,False
0,85,521360.0,9739940.0,33.192117443451096,-2.352817823218096,SeaLake,0.99984443,2.1139388e-06,0,0.0,13.115577103208206,False
1,0,466960.0,9739300.0,32.70282912734031,-2.3585894045366453,SeaLake,0.9996802,2.0403627e-06,0,0.0,9.968400998615694,False
1,1,467600.0,9739300.0,32.70858541330828,-2.3585906284605764,SeaLake,0.999987,1.9069819e-07,0,0.0,9.676904247348586,False
1,2,468240.0,9739300.0,32.714341702242386,-2.358591828445698,SeaLake,0.9983699,1.1176674e-05,0,0.0,9.419932757483137,False
1,3,468880.0,9739300.0,32.72009799408405,-2.3585930044919494,SeaLake,0.99991095,7.9586215e-07,0,0.0,9.200379910561011,False
1,4,469520.0,9739300.0,32.725854288774684,-2.35859415659927,SeaLake,0.9999374,7.3727017e-07,0,0.0,9.020978208698066,False
1,5,470160.0,9739300.0,32.73161058625569,-2.3585952847676035,SeaLake,0.9997877,1.5687924e-06,0,0.0,8.884160353401786,False
1,6,470800.0,9739300.0,32.73736688646849,-2.358596388996892,SeaLake,0.99996257,4.574517e-07,0,0.0,8.791914611056393,False
1,7,471440.0,9739300.0,32.74312318935449,-2.358597469287079,SeaLake,0.9999449,6.5512154e-07,0,0.0,8.745651483523547,False
1,8,472080.0,9739300.0,32.74887949485511,-2.358598525638113,SeaLake,0.9999627,7.35404e-07,0,0.0,8.746100686272046,False
1,9,472720.0,9739300.0,32.75463580291175,-2.3585995580499355,SeaLake,0.9999571,7.871847e-07,0,0.0,8.793255060417565,False
1,10,473360.0,9739300.0,32.76039211346582,-2.358600566522499,SeaLake,0.99996793,5.461222e-07,0,0.0,8.886371132285094,False
1,11,474000.0,9739300.0,32.766148426458734,-2.3586015510557505,SeaLake,0.99992514,1.1684133e-06,0,0.0,9.024026221363757,False
1,12,474640.0,9739300.0,32.77190474183191,-2.3586025116496407,SeaLake,0.99997795,3.3844702e-07,0,0.0,9.204222215212503,False
1,13,475280.0,9739300.0,32.77766105952676,-2.3586034483041205,SeaLake,0.99993205,1.9217498e-06,0,0.0,9.424519294381126,False
1,14,475920.0,9739300.0,32.783417379484675,-2.358604361019144,SeaLake,0.99997866,8.863374e-07,0,0.0,9.682180605282719,False
1,15,476560.0,9739300.0,32.78917370164708,-2.3586052497946635,SeaLake,0.9999857,3.5925672e-07,0,0.0,9.974310934418659,False
1,16,477200.0,9739300.0,32.79493002595539,-2.3586061146306347,SeaLake,0.99970526,2.24535e-06,0,0.0,10.29797727515527,False
1,17,477840.0,9739300.0,32.80068635235101,-2.358606955527015,SeaLake,0.9999603,4.2570264e-07,0,0.0,10.650304845532128,False
1,18,478480.0,9739300.0,32.80644268077533,-2.35860777248376,SeaLake,0.99991715,8.7047704e-07,0,0.0,11.028547077739473,False
1,19,479120.0,9739300.0,32.812199011169795,-2.358608565500829,SeaLake,0.99997437,3.104708e-07,0,0.0,11.430131582316392,False
1,20,479760.0,9739300.0,32.817955343475795,-2.358609334578184,SeaLake,0.9999825,3.9821447e-07,0,0.0,11.852685996524897,False
1,21,480400.0,9739300.0,32.82371167763475,-2.358610079715784,SeaLake,0.99996924,5.708187e-07,0,0.0,12.294048262283995,False
1,22,481040.0,9739300.0,32.829468013588055,-2.3586108009135915,SeaLake,0.9999653,6.905878e-07,0,0.0,12.752265681772744,False
1,23,481680.0,9739300.0,32.83522435127713,-2.3586114981715705,SeaLake,0.999951,1.3210924e-06,0,0.0,13.225586465698585,False
1,24,482320.0,9739300.0,32.84098069064338,-2.3586121714896864,SeaLake,0.999967,6.76918e-07,0,0.0,13.64586542924457,False
1,25,482960.0,9739300.0,32.846737031628216,-2.358612820867904,SeaLake,0.99995375,1.513541e-06,0,0.0,13.280974383396188,False
1,26,483600.0,9739300.0,32.85249337417305,-2.358613446306192,SeaLake,0.99989307,1.8049656e-06,0,0.0,12.937469529695496,False
1,27,484240.0,9739300.0,32.85824971821929,-2.358614047804517,SeaLake,0.9996825,5.2954447e-06,0,0.0,12.617097728525886,False
1,28,484880.0,9739300.0,32.86400606370834,-2.3586146253628497,SeaLake,0.99994063,1.150841e-06,0,0.0,12.157742503659692,False
1,29,485520.0,9739300.0,32.86976241058162,-2.358615178981161,SeaLake,0.9999666,6.1487873e-07,0,0.0,11.560960435477151,False
1,30,486160.0,9739300.0,32.87551875878053,-2.3586157086594226,SeaLake,0.99992836,1.4293671e-06,0,0.0,10.969052356336103,False
1,31,486800.0,9739300.0,32.881275108246484,-2.358616214397608,SeaLake,0.9999589,6.757373e-07,0,0.0,10.382851872265983,False
1,32,487440.0,9739300.0,32.88703145892088,-2.358616696195692,SeaLake,0.99993706,1.2450814e-06,0,0.0,9.803382906262094,False
1,33,488080.0,9739300.0,32.89278781074514,-2.3586171540536487,SeaLake,0.9999782,4.919438e-07,0,0.0,9.231913117667778,False
1,34,488720.0,9739300.0,32.898544163660674,-2.358617587971457,SeaLake,0.9999579,7.0262143e-07,0,0.0,8.67002440697493,False
1,35,489360.0,9739300.0,32.904300517608874,-2.3586179979490938,SeaLake,0.99994695,1.0383442e-06,0,0.0,8.119706067519658,False
1,36,490000.0,9739300.0,32.910056872531165,-2.3586183839865384,SeaLake,0.9999832,4.358336e-07,0,0.0,7.5834774363935535,False
1,37,490640.0,9739300.0,32.91581322836895,-2.3586187460837715,SeaLake,0.9999695,1.0152459e-06,0,0.0,7.064547645367305,False
1,38,491280.0,9739300.0,32.921569585063644,-2.358619084240776,SeaLake,0.99998367,6.111826e-07,0,0.0,6.56701887000786,False
1,39,491920.0,9739300.0,32.927325942556635,-2.3586193984575328,SeaLake,0.9999653,6.5095975e-07,0,0.0,6.096133220691121,False
1,40,492560.0,9739300.0,32.93308230078936,-2.3586196887340267,SeaLake,0.9999746,4.5033582e-07,0,0.0,5.6585460720743885,False
1,41,493200.0,9739300.0,32.93883865970321,-2.358619955070244,SeaLake,0.9999777,3.5958598e-07,0,0.0,5.262570384817963,False
1,42,493840.0,9739300.0,32.94459501923959,-2.3586201974661702,SeaLake,0.99996984,5.78748e-07,0,0.0,4.918267018019423,False
1,43,494480.0,9739300.0,32.950351379339914,-2.3586204159217936,SeaLake,0.9999349,1.0080416e-06,0,0.0,4.637160107858284,False
1,44,495120.0,9739300.0,32.9561077399456,-2.3586206104371024,SeaLake,0.99998224,3.0565485e-07,0,0.0,4.431292957059693,False
1,45,495760.0,9739300.0,32.96186410099804,-2.358620781012088,SeaLake,0.999961,4.835785e-07,0,0.0,4.3114569088257655,False
1,46,496400.0,9739300.0,32.96762046243866,-2.358620927646741,SeaLake,0.999905,2.0208536e-06,0,0.0,4.2848762038168635,False
1,47,497040.0,9739300.0,32.97337682420885,-2.358621050341054,SeaLake,0.99962103,4.851333e-06,0,0.0,4.35325940961604,False
1,48,497680.0,9739300.0,32.97913318625003,-2.3586211490950206,SeaLake,0.99997973,3.2174702e-07,0,0.0,4.512291091317711,False
1,49,498320.0,9739300.0,32.9848895485036,-2.358621223908637,SeaLake,0.9999807,2.7077513e-07,0,0.0,4.752880631591727,False
1,50,498960.0,9739300.0,32.990645910910985,-2.358621274781898,SeaLake,0.9998801,2.2618328e-06,0,0.0,5.0634156163141855,False
1,51,499600.0,9739300.0,32.99640227341358,-2.358621301714801,SeaLake,0.9995609,3.6538952e-06,0,0.0,5.431913208889566,False
1,52,500240.0,9739300.0,33.00215863595278,-2.358621304707346,SeaLake,0.9997334,2.0524592e-05,0,0.0,5.8474254603443665,False
1,53,500880.0,9739300.0,33.00791499847002,-2.358621283759532,SeaLake,0.9999794,5.0510306e-07,0,0.0,6.300657737066672,False
1,54,501520.0,9739300.0,33.01367136090669,-2.358621238871361,SeaLake,0.99995303,1.1491958e-06,0,0.0,6.784054195319543,False
1,55,502160.0,9739300.0,33.01942772320422,-2.358621170042833,SeaLake,0.9999727,9.948787e-07,0,0.0,7.291618114685333,False
1,56,502800.0,9739300.0,33.025184085303984,-2.358621077273953,SeaLake,0.99997234,4.7286179e-07,0,0.0,7.818644264562871,False
1,57,503440.0,9739300.0,33.030940447147415,-2.358620960564726,SeaLake,0.9997228,4.251555e-06,0,0.0,8.143308375669136,False
1,58,504080.0,9739300.0,33.03669680867592,-2.3586208199151577,SeaLake,0.99975556,3.9124316e-06,0,0.0,8.267985147303442,False
1,59,504720.0,9739300.0,33.0424531698309,-2.3586206553252547,SeaLake,0.99984765,2.4221533e-06,0,0.0,7.921462564293499,False
1,60,505360.0,9739300.0,33.04820953055377,-2.358620466795025,SeaLake,0.99988973,2.23969e-06,0,0.0,7.510364789826154,False
1,61,506000.0,9739300.0,33.05396589078593,-2.3586202543244803,SeaLake,0.99993443,1.274862e-06,0,0.0,7.133077133679235,False
1,62,506640.0,9739300.0,33.05972225046879,-2.3586200179136285,SeaLake,0.9999205,1.3693684e-06,0,0.0,6.795233587874274,False
1,63,507280.0,9739300.0,33.06547860954376,-2.3586197575624825,SeaLake,0.99988127,1.8818797e-06,0,0.0,6.50298467109771,False
1,64,507920.0,9739300.0,33.07123496795226,-2.3586194732710566,SeaLake,0.999781,3.467104e-06,0,0.0,6.262716643062251,False
1,65,508560.0,9739300.0,33.07699132563568,-2.3586191650393635,SeaLake,0.9999087,1.4246752e-06,0,0.0,6.080594532613239,False
1,66,509200.0,9739300.0,33.08274768253544,-2.35861883286742,SeaLake,0.99979424,2.9482171e-06,0,0.0,5.961949344702884,False
1,67,509840.0,9739300.0,33.088504038592944,-2.3586184767552427,SeaLake,0.9449801,0.00036316624,0,0.0,5.910604885082427,False
1,68,510480.0,9739300.0,33.0942603937496,-2.3586180967028483,SeaLake,0.99972826,4.819889e-06,0,0.0,5.9283100649609555,False
1,69,511120.0,9739300.0,33.10001674794682,-2.3586176927102582,SeaLake,0.9998206,3.1256443e-06,0,0.0,6.014455116224119,False
1,70,511760.0,9739300.0,33.10577310112601,-2.3586172647774903,SeaLake,0.999882,1.7322504e-06,0,0.0,6.166172270041732,False
1,71,512400.0,9739300.0,33.111529453228584,-2.3586168129045686,SeaLake,0.99977255,3.6845415e-06,0,0.0,6.37878441261254,False
1,72,513040.0,9739300.0,33.11728580419594,-2.3586163370915147,SeaLake,0.9998095,3.1700117e-06,0,0.0,6.646450233120369,False
1,73,513680.0,9739300.0,33.12304215396949,-2.358615837338352,SeaLake,0.999928,4.822061e-06,0,0.0,6.962823480464152,False
1,74,514320.0,9739300.0,33.12879850249065,-2.358615313645107,SeaLake,0.9999409,1.3836011e-06,0,0.0,7.321592787014315,False
1,75,514960.0,9739300.0,33.134554849700834,-2.3586147660118058,SeaLake,0.9999404,1.3157875e-06,0,0.0,7.7168472226432705,False
1,76,515600.0,9739300.0,33.14031119554144,-2.358614194438476,SeaLake,0.9998841,2.2203226e-06,0,0.0,8.143275825880778,False
1,77,516240.0,9739300.0,33.14606753995388,-2.358613598925145,SeaLake,0.99990594,1.4778861e-06,0,0.0,8.596240532647478,False
1,78,516880.0,9739300.0,33.15182388287955,-2.358612979471846,SeaLake,0.9996505,6.259874e-06,0,0.0,9.07176727070798,False
1,79,517520.0,9739300.0,33.15758022425988,-2.3586123360786075,SeaLake,0.99991107,1.5621821e-06,0,0.0,9.566492122645878,False
1,80,518160.0,9739300.0,33.16333656403627,-2.3586116687454632,SeaLake,0.99973184,3.8230037e-06,0,0.0,10.07758808700786,False
1,81,518800.0,9739300.0,33.16909290215013,-2.358610977472447,SeaLake,0.99988663,1.8095454e-06,0,0.0,10.60268795023978,False
1,82,519440.0,9739300.0,33.17484923854288,-2.358610262259593,SeaLake,0.9999006,1.6950019e-06,0,0.0,11.139811573312942,False
1,83,520080.0,9739300.0,33.18060557315591,-2.3586095231069373,SeaLake,0.9998728,1.9224385e-06,0,0.0,11.687301314147508,False
1,84,520720.0,9739300.0,33.18636190593064,-2.358608760014518,SeaLake,0.99983096,2.5790341e-06,0,0.0,12.243766664161448,False
1,85,521360.0,9739300.0,33.19211823680848,-2.358607972982373,SeaLake,0.99926215,1.0964531e-05,0,0.0,12.80803779839786,False
2,0,466960.0,9738660.0,32.70282789715334,-2.364379508184094,SeaLake,0.99854547,3.0853764e-05,0,0.0,9.412300234583752,False
2,1,467600.0,9738660.0,32.70858420694956,-2.3643807351159105,SeaLake,0.99935466,9.454933e-07,0,0.0,9.103013404861937,False
2,2,468240.0,9738660.0,32.71434051971198,-2.364381938050085,SeaLake,0.99993014,6.978486e-07,0,0.0,8.829355038293954,False
2,3,468880.0,9738660.0,32.720096835382016,-2.364383116986559,SeaLake,0.99974126,4.0694104e-06,0,0.0,8.594729067015294,False
2,4,469520.0,9738660.0,32.72585315390108,-2.364384271925271,SeaLake,0.9998573,2.0240846e-06,0,0.0,8.402405910127667,False
2,5,470160.0,9738660.0,32.73160947521057,-2.364385402866162,SeaLake,0.999825,1.7264191e-06,0,0.0,8.25534265925401,False
2,6,470800.0,9738660.0,32.73736579925191,-2.364386509809177,SeaLake,0.99995744,5.8139557e-07,0,0.0,8.155987969881384,False
2,7,471440.0,9738660.0,32.74312212596651,-2.3643875927542592,SeaLake,0.99995065,7.143067e-07,0,0.0,8.106096292791037,False
2,8,472080.0,9738660.0,32.748878455295774,-2.3643886517013537,SeaLake,0.9999598,7.688601e-07,0,0.0,8.106580934719108,False
2,9,472720.0,9738660.0,32.75463478718112,-2.364389686650408,SeaLake,0.9999502,8.28481e-07,0,0.0,8.157432916935456,False
2,10,473360.0,9738660.0,32.76039112156394,-2.364390697601367,SeaLake,0.9998865,1.8016552e-06,0,0.0,8.257721788571764,False
2,11,474000.0,9738660.0,32.76614745838566,-2.364391684554184,SeaLake,0.99983525,2.5316908e-06,0,0.0,8.405678228471727,False
2,12,474640.0,9738660.0,32.77190379758769,-2.3643926475088053,SeaLake,0.9998188,2.8232973e-06,0,0.0,8.59884200481404,False
2,13,475280.0,9738660.0,32.77766013911143,-2.364393586465184,SeaLake,0.9999362,1.0000858e-06,0,0.0,8.834248194776118,False
2,14,475920.0,9738660.0,32.783416482898296,-2.364394501423273,SeaLake,0.9999628,5.965609e-07,0,0.0,9.108622207011104,False
2,15,476560.0,9738660.0,32.7891728288897,-2.3643953923830248,SeaLake,0.9998075,8.9816035e-07,0,0.0,9.418559117678594,False
2,16,477200.0,9738660.0,32.79492917702704,-2.364396259344397,SeaLake,0.99962974,3.6096292e-06,0,0.0,9.760671759482404,False
2,17,477840.0,9738660.0,32.80068552725173,-2.3643971023073416,SeaLake,0.9633322,0.00016155624,0,0.0,10.131701265804677,False
2,18,478480.0,9738660.0,32.806441879505186,-2.36439792127182,SeaLake,0.999554,4.873302e-06,0,0.0,10.528590973281224,False
2,19,479120.0,9738660.0,32.812198233728815,-2.364398716237789,SeaLake,0.9998425,8.570761e-07,0,0.0,10.948528906926702,False
2,20,479760.0,9738660.0,32.817954589864016,-2.3643994872052083,SeaLake,0.99994814,8.906928e-07,0,0.0,11.388965825260884,False
2,21,480400.0,9738660.0,32.823710947852206,-2.3644002341740404,SeaLake,0.9999747,4.3269074e-07,0,0.0,11.847615790196402,False
2,22,481040.0,9738660.0,32.829467307634786,-2.364400957144245,SeaLake,0.9999666,6.9362756e-07,0,0.0,12.32244526282271,False
2,23,481680.0,9738660.0,32.835223669153166,-2.364401656115789,SeaLake,0.999961,7.440956e-07,0,0.0,12.811655419906227,False
2,24,482320.0,9738660.0,32.84098003234877,-2.3644023310886344,SeaLake,0.9999659,1.0582482e-06,0,0.0,13.132608087062986,False
2,25,482960.0,9738660.0,32.846736397162985,-2.364402982062748,SeaLake,0.9999875,4.2301238e-07,0,0.0,12.753040124917892,False
2,26,483600.0,9738660.0,32.85249276353723,-2.364403609038097,SeaLake,0.9999734,5.136638e-07,0,0.0,12.394913056860844,False
2,27,484240.0,9738660.0,32.85824913141291,-2.36440421201465,SeaLake,0.99997115,5.308644e-07,0,0.0,12.06013710313913,False
2,28,484880.0,9738660.0,32.86400550073144,-2.364404790992376,SeaLake,0.99997735,5.2481045e-07,0,0.0,11.750708242735277,False
2,29,485520.0,9738660.0,32.869761871434214,-2.364405345971245,SeaLake,0.99993277,1.3648013e-06,0,0.0,11.3394777433275,False
2,30,486160.0,9738660.0,32.87551824346265,-2.364405876951232,SeaLake,0.9998753,1.8940036e-06,0,0.0,10.735364870221893,False
2,31,486800.0,9738660.0,32.881274616758155,-2.364406383932306,SeaLake,0.99995184,8.6046725e-07,0,0.0,10.135657960989453,False
2,32,487440.0,9738660.0,32.88703099126213,-2.3644068669144453,SeaLake,0.9999722,5.854704e-07,0,0.0,9.541187856212845,False
2,33,488080.0,9738660.0,32.892787366916,-2.364407325897623,SeaLake,0.9999747,7.330434e-07,0,0.0,8.952997772417799,False
2,34,488720.0,9738660.0,32.89854374366115,-2.3644077608818166,SeaLake,0.9999732,5.789354e-07,0,0.0,8.372411392083684,False
2,35,489360.0,9738660.0,32.904300121439,-2.364408171867004,SeaLake,0.99984574,2.5364106e-06,0,0.0,7.801126580415629,False
2,36,490000.0,9738660.0,32.910056500190954,-2.3644085588531656,SeaLake,0.99989104,2.983031e-06,0,0.0,7.241345132573217,False
2,37,490640.0,9738660.0,32.91581287985842,-2.36440892184028,SeaLake,0.99996436,9.371647e-07,0,0.0,6.69595271297643,False
2,38,491280.0,9738660.0,32.92156926038282,-2.36440926082833,SeaLake,0.9996982,1.4354496e-06,15,64.0,6.16876698699108,True
2,39,491920.0,9738660.0,32.927325641705536,-2.364409575817298,SeaLake,0.9999465,1.1955048e-06,0,0.0,5.664873303540476,False
2,40,492560.0,9738660.0,32.93308202376799,-2.364409866807169,SeaLake,0.9999498,7.813064e-07,0,0.0,5.191058943080899,False
2,41,493200.0,9738660.0,32.938838406511586,-2.364410133797928,SeaLake,0.99997246,5.56241e-07,0,0.0,4.756321725442336,False
2,42,493840.0,9738660.0,32.944594789877726,-2.3644103767895595,SeaLake,0.99996746,4.4296834e-07,0,0.0,4.372333445803208,False
2,43,494480.0,9738660.0,32.95035117380783,-2.364410595782054,SeaLake,0.9999162,1.3285182e-06,0,0.0,4.05354205191755,False
2,44,495120.0,9738660.0,32.95610755824329,-2.3644107907754,SeaLake,0.9999403,9.699768e-07,0,0.0,3.8163210782163657,False
2,45,495760.0,9738660.0,32.96186394312553,-2.364410961769585,SeaLake,0.9999355,9.893532e-07,0,0.0,3.67649425096968,False
2,46,496400.0,9738660.0,32.967620328395945,-2.364411108764604,SeaLake,0.9998857,1.669655e-06,0,0.0,3.645286461005184,False
2,47,497040.0,9738660.0,32.97337671399594,-2.364411231760448,SeaLake,0.9999722,5.431908e-07,0,0.0,3.725428403306428,False
2,48,497680.0,9738660.0,32.979133099866935,-2.3644113307571097,SeaLake,0.99999225,7.396922e-08,0,0.0,3.910079307832115,False
2,49,498320.0,9738660.0,32.984889485950326,-2.364411405754585,SeaLake,0.9993111,1.4925794e-05,0,0.0,4.185429918050409,False
2,50,498960.0,9738660.0,32.99064587218753,-2.364411456752872,SeaLake,0.9999758,3.544013e-07,0,0.0,4.5349891956085235,False
2,51,499600.0,9738660.0,32.996402258519936,-2.3644114837519643,SeaLake,0.9987155,4.387568e-06,0,0.0,4.943038580636472,False
2,52,500240.0,9738660.0,33.002158644888965,-2.364411486751864,SeaLake,0.84271,4.4806555e-05,1,4.0,5.396325955225019,True
2,53,500880.0,9738660.0,33.007915031236024,-2.36441146575257,SeaLake,0.9998379,6.9096683e-07,0,0.0,5.884406275947455,False
2,54,501520.0,9738660.0,33.01367141750252,-2.3644114207540814,SeaLake,0.99995506,1.1321241e-06,0,0.0,6.399323450630105,False
2,55,502160.0,9738660.0,33.01942780362986,-2.364411351756403,SeaLake,0.9999794,4.888349e-07,0,0.0,6.9351023086295545,False
2,56,502800.0,9738660.0,33.02518418955944,-2.364411258759536,SeaLake,0.9999374,1.1041296e-06,0,0.0,7.429804779903183,False
2,57,503440.0,9738660.0,33.030940575232684,-2.364411141763488,SeaLake,0.99978745,3.1869404e-06,0,0.0,7.511917608857235,False
2,58,504080.0,9738660.0,33.03669696059099,-2.364411000768263,SeaLake,0.9997675,3.5723679e-06,0,0.0,7.646895661446323,False
2,59,504720.0,9738660.0,33.042453345575765,-2.364410835773868,SeaLake,0.9997017,4.53153e-06,0,0.0,7.456288530662708,False
2,60,505360.0,9738660.0,33.04820973012841,-2.364410646780311,SeaLake,0.9998808,2.2114166e-06,0,0.0,7.017994640297851,False
2,61,506000.0,9738660.0,33.053966114190345,-2.364410433787602,SeaLake,0.99995196,8.381301e-07,0,0.0,6.612674110373691,False
2,62,506640.0,9738660.0,33.05972249770297,-2.3644101967957534,SeaLake,0.99993455,1.0223972e-06,0,0.0,6.246748675011953,False
2,63,507280.0,9738660.0,33.0654788806077,-2.364409935804776,SeaLake,0.9999312,1.226936e-06,0,0.0,5.927518800267167,False
2,64,507920.0,9738660.0,33.07123526284593,-2.364409650814681,SeaLake,0.99995637,6.3371823e-07,0,0.0,5.662887006313814,False
2,65,508560.0,9738660.0,33.07699164435908,-2.3644093418254863,SeaLake,0.999946,8.162371e-07,0,0.0,5.460796587040662,False
2,66,509200.0,9738660.0,33.082748025088534,-2.3644090088372054,SeaLake,0.9997259,4.354496e-06,0,0.0,5.328368369753734,False
2,67,509840.0,9738660.0,33.08850440497573,-2.364408651849855,SeaLake,0.9209286,0.00040037144,0,0.0,5.270855680299848,False
2,68,510480.0,9738660.0,33.09426078396206,-2.3644082708634544,SeaLake,0.99971396,4.708075e-06,0,0.0,5.290702195484668,False
2,69,511120.0,9738660.0,33.10001716198893,-2.3644078658780208,SeaLake,0.9999069,1.7514034e-06,0,0.0,5.387052982852813,False
2,70,511760.0,9738660.0,33.10577353899775,-2.364407436893577,SeaLake,0.99987483,2.1561339e-06,0,0.0,5.5559292615025715,False
2,71,512400.0,9738660.0,33.11152991492993,-2.364406983910144,SeaLake,0.99978626,3.2829496e-06,0,0.0,5.790989559442981,False
2,72,513040.0,9738660.0,33.11728628972687,-2.3644065069277427,SeaLake,0.9999205,1.0714011e-06,0,0.0,6.084568201305228,False
2,73,513680.0,9738660.0,33.12304266332999,-2.364406005946399,SeaLake,0.99998486,4.063965e-07,0,0.0,6.428653071607757,False
2,74,514320.0,9738660.0,33.128799035680686,-2.364405480966139,SeaLake,0.999966,1.7149027e-06,0,0.0,6.81559905172311,False
2,75,514960.0,9738660.0,33.134555406720374,-2.3644049319869875,SeaLake,0.9999014,1.6020887e-06,0,0.0,7.238535801707834,False
2,76,515600.0,9738660.0,33.140311776390455,-2.3644043590089727,SeaLake,0.9999243,1.2488173e-06,0,0.0,7.691528500328344,False
2,77,516240.0,9738660.0,33.14606814463234,-2.364403762032124,SeaLake,0.9998344,2.6966527e-06,0,0.0,8.169578984875555,False
2,78,516880.0,9738660.0,33.15182451138743,-2.3644031410564708,SeaLake,0.9996752,4.6776436e-06,0,0.0,8.668542605817741,False
2,79,517520.0,9738660.0,33.15758087659715,-2.3644024960820453,SeaLake,0.9996511,5.5006713e-06,0,0.0,9.185011759798378,False
2,80,518160.0,9738660.0,33.1633372402029,-2.36440182710888,SeaLake,0.9998739,1.9523904e-06,0,0.0,9.716195301988924,False
2,81,518800.0,9738660.0,33.16909360214608,-2.364401134137008,SeaLake,0.9998653,1.9242805e-06,0,0.0,10.259808052061635,False
2,82,519440.0,9738660.0,33.17484996236811,-2.3644004171664648,SeaLake,0.9997839,3.2024702e-06,0,0.0,10.813975743634062,False
2,83,520080.0,9738660.0,33.180606320810384,-2.3643996761972854,SeaLake,0.99967426,5.0281706e-06,0,0.0,11.377156125441147,False
2,84,520720.0,9738660.0,33.18636267741432,-2.364398911229509,SeaLake,0.99976224,3.8116666e-06,0,0.0,11.948074808161358,False
2,85,521360.0,9738660.0,33.19211903212133,-2.3643981222631743,SeaLake,0.99953,7.562954e-06,0,0.0,12.490245326965594,False
3,0,466960.0,9738020.0,32.70282666394159,-2.3701696113465207,SeaLake,0.96455693,0.0004085669,17,73.0,8.867523495468637,True
3,1,467600.0,9738020.0,32.708582997624646,-2.370170841286245,SeaLake,0.9998741,4.9940445e-07,0,0.0,8.53852623617443,False
3,2,468240.0,9738020.0,32.714339334273966,-2.370172047169498,SeaLake,0.9998206,5.6058457e-06,0,0.0,8.246155930431453,False
3,3,468880.0,9738020.0,32.720095673830954,-2.370173228996216,SeaLake,0.99997795,2.6321456e-07,0,0.0,7.994432123180518,False
3,4,469520.0,9738020.0,32.725852016237035,-2.3701743867663407,SeaLake,0.9986834,2.5504496e-05,0,0.0,7.787297497546328,False
3,5,470160.0,9738020.0,32.7316083614336,-2.3701755204798123,SeaLake,0.99655557,1.7188571e-05,0,0.0,7.628385127826339,False
3,6,470800.0,9738020.0,32.73736470936207,-2.370176630136576,SeaLake,0.9999876,2.990251e-07,0,0.0,7.520752422570019,False
3,7,471440.0,9738020.0,32.743121059963855,-2.370177715736573,SeaLake,0.999962,1.0630425e-06,0,0.0,7.4666173294701235,False
3,8,472080.0,9738020.0,32.74887741318036,-2.3701787772797496,SeaLake,0.9999589,6.8521183e-07,0,0.0,7.467143475780703,False
3,9,472720.0,9738020.0,32.754633768953,-2.3701798147660527,SeaLake,0.99998057,3.5413876e-07,0,0.0,7.522319391719888,False
3,10,473360.0,9738020.0,32.76039012722316,-2.37018082819543,SeaLake,0.999962,7.0414427e-07,0,0.0,7.630959728251474,False
3,11,474000.0,9738020.0,32.766146487932275,-2.37018181756783,SeaLake,0.9999527,7.200252e-07,0,0.0,7.7908281791698215,False
3,12,474640.0,9738020.0,32.77190285102175,-2.370182782883202,SeaLake,0.9999212,1.2287737e-06,0,0.0,7.998853734160746,False
3,13,475280.0,9738020.0,32.77765921643298,-2.370183724141498,SeaLake,0.9999658,6.181484e-07,0,0.0,8.251394936836322,False
3,14,475920.0,9738020.0,32.78341558410739,-2.37018464134267,SeaLake,0.99985385,1.7376335e-06,0,0.0,8.54450558820104,False
3,15,476560.0,9738020.0,32.789171953986376,-2.370185534486673,SeaLake,0.99995565,5.9852084e-07,0,0.0,8.874166613826311,False
3,16,477200.0,9738020.0,32.794928326011345,-2.37018640357346,SeaLake,0.99983764,3.7641692e-07,0,0.0,9.23646525642252,False
3,17,477840.0,9738020.0,32.8006847001237,-2.370187248602988,SeaLake,0.9799457,6.574352e-05,0,0.0,9.627717682620895,False
3,18,478480.0,9738020.0,32.806441076264875,-2.3701880695752147,SeaLake,0.99942344,3.2295486e-06,0,0.0,10.044541060665829,False
3,19,479120.0,9738020.0,32.812197454376246,-2.3701888664900985,SeaLake,0.9999769,3.912736e-07,0,0.0,10.483885847459069,False
3,20,479760.0,9738020.0,32.81795383439925,-2.3701896393475987,SeaLake,0.99996734,5.836803e-07,0,0.0,10.943039788180583,False
3,21,480400.0,9738020.0,32.82371021627526,-2.3701903881476767,SeaLake,0.99990964,1.3076185e-06,0,0.0,11.419613704011798,False
3,22,481040.0,9738020.0,32.82946659994571,-2.3701911128902933,SeaLake,0.9999796,5.4695624e-07,0,0.0,11.911516884595546,False
3,23,481680.0,9738020.0,32.835222985352,-2.3701918135754148,SeaLake,0.99997663,5.3229786e-07,0,0.0,12.41692763267772,False
3,24,482320.0,9738020.0,32.840979372435534,-2.370192490203004,SeaLake,0.99998033,5.637337e-07,0,0.0,12.630928193277489,False
3,25,482960.0,9738020.0,32.84673576113772,-2.3701931427730254,SeaLake,0.99997556,5.6851553e-07,0,0.0,12.235807463469902,False
3,26,483600.0,9738020.0,32.85249215139997,-2.370193771285448,SeaLake,0.99997556,5.5103885e-07,0,0.0,11.862074925681402,False
3,27,484240.0,9738020.0,32.85824854316369,-2.37019437574024,SeaLake,0.9999727,6.7217945e-07,0,0.0,11.511813879743412,False
3,28,484880.0,9738020.0,32.86400493637028,-2.3701949561373703,SeaLake,0.9999665,6.0310833e-07,0,0.0,11.187229150295739,False
3,29,485520.0,9738020.0,32.86976133096115,-2.3701955124768093,SeaLake,0.9999498,8.240279e-07,0,0.0,10.89061675574898,False
3,30,486160.0,9738020.0,32.8755177268777,-2.3701960447585297,SeaLake,0.9998677,2.4486958e-06,0,0.0,10.535426341517747,False
3,31,486800.0,9738020.0,32.88127412406136,-2.370196552982504,SeaLake,0.9999213,1.4990123e-06,0,0.0,9.923644068734054,False
3,32,487440.0,9738020.0,32.88703052245351,-2.370197037148708,SeaLake,0.99988127,1.973619e-06,0,0.0,9.3156542984535,False
3,33,488080.0,9738020.0,32.89278692199556,-2.3701974972571143,SeaLake,0.9999218,1.4865649e-06,0,0.0,8.712251053181935,False
3,34,488720.0,9738020.0,32.89854332262893,-2.3701979333077023,SeaLake,0.99998367,2.7531718e-07,0,0.0,8.1144575800878,False
3,35,489360.0,9738020.0,32.904299724295015,-2.370198345300449,SeaLake,0.99987936,2.109739e-06,0,0.0,7.523611182432205,False
3,36,490000.0,9738020.0,32.91005612693523,-2.3701987332353336,SeaLake,0.9999547,1.2820742e-06,0,0.0,6.941486053417778,False
3,37,490640.0,9738020.0,32.91581253049098,-2.3701990971123363,SeaLake,0.9999635,7.90362e-07,0,0.0,6.370473454553288,False
3,38,491280.0,9738020.0,32.92156893490367,-2.370199436931439,SeaLake,0.9999443,1.0900172e-06,0,0.0,5.813848591126423,False
3,39,491920.0,9738020.0,32.9273253401147,-2.3701997526926246,SeaLake,0.9999645,9.613876e-07,0,0.0,5.276167060084174,False
3,40,492560.0,9738020.0,32.93308174606548,-2.3702000443958777,SeaLake,0.9999318,1.5224281e-06,0,0.0,4.763847421075938,False
3,41,493200.0,9738020.0,32.93883815269741,-2.370200312041182,SeaLake,0.9999664,6.7042544e-07,0,0.0,4.285994126998594,False
3,42,493840.0,9738020.0,32.94459455995191,-2.370200555628525,SeaLake,0.99987864,1.1932391e-06,0,0.0,3.855444081041902,False
3,43,494480.0,9738020.0,32.950350967770376,-2.370200775157896,SeaLake,0.9998882,1.8038262e-06,0,0.0,3.4897496281847533,False
3,44,495120.0,9738020.0,32.95610737609422,-2.3702009706292806,SeaLake,0.999874,2.1298727e-06,0,0.0,3.2111455701649856,False
3,45,495760.0,9738020.0,32.96186378486483,-2.3702011420426707,SeaLake,0.9998534,2.5973104e-06,0,0.0,3.0436424359909293,False
3,46,496400.0,9738020.0,32.967620194023645,-2.370201289398058,SeaLake,0.99983215,2.0547272e-06,0,0.0,3.0058713684286933,False
3,47,497040.0,9738020.0,32.97337660351204,-2.370201412695435,SeaLake,0.9999871,8.044034e-08,0,0.0,3.1025741069173463,False
3,48,497680.0,9738020.0,32.97913301327144,-2.370201511934794,SeaLake,0.9998263,8.5080296e-07,0,0.0,3.322027918950796,False
3,49,498320.0,9738020.0,32.98488942324324,-2.370201587116131,SeaLake,0.99995875,7.1245313e-07,0,0.0,3.6421110498807066,False
3,50,498960.0,9738020.0,32.99064583336885,-2.370201638239444,SeaLake,0.9999634,5.0697616e-07,0,0.0,4.038969708358523,False
3,51,499600.0,9738020.0,32.99640224358968,-2.370201665304726,SeaLake,0.9999931,1.8965649e-07,0,0.0,4.4923022728231805,False
3,52,500240.0,9738020.0,33.002158653847125,-2.37020166831198,SeaLake,0.9964208,1.4190005e-06,6,26.0,4.986730704157475,False
3,53,500880.0,9738020.0,33.0079150640826,-2.3702016472612044,SeaLake,0.99821645,3.241337e-05,0,0.0,5.51120554154547,False
3,54,501520.0,9738020.0,33.013671474237505,-2.3702016021524,SeaLake,0.99996495,8.637565e-07,0,0.0,6.057927857488572,False
3,55,502160.0,9738020.0,33.019427884253254,-2.370201532985568,SeaLake,0.9999703,5.4005494e-07,0,0.0,6.621389078728924,False
3,56,502800.0,9738020.0,33.025184294071245,-2.370201439760714,SeaLake,0.99992037,1.3034468e-06,0,0.0,6.7923953012533405,False
3,57,503440.0,9738020.0,33.030940703632886,-2.3702013224778407,SeaLake,0.9997638,4.3434084e-06,0,0.0,6.882117481071917,False
3,58,504080.0,9738020.0,33.03669711287958,-2.3702011811369563,SeaLake,0.9999273,1.0678963e-06,0,0.0,7.029199678346239,False
3,59,504720.0,9738020.0,33.04245352175274,-2.3702010157380657,SeaLake,0.999779,3.5171308e-06,0,0.0,7.018697040582473,False
3,60,505360.0,9738020.0,33.04820993019377,-2.3702008262811782,SeaLake,0.99983287,2.5611441e-06,0,0.0,6.551192125578236,False
3,61,506000.0,9738020.0,33.05396633814407,-2.370200612766304,SeaLake,0.9999466,1.0268352e-06,0,0.0,6.115008453387076,False
3,62,506640.0,9738020.0,33.05972274554506,-2.370200375193452,SeaLake,0.99995553,9.0193214e-07,0,0.0,5.717319171058453,False
3,63,507280.0,9738020.0,33.06547915233813,-2.3702001135626367,SeaLake,0.9998385,2.838829e-06,0,0.0,5.366688795012212,False
3,64,507920.0,9738020.0,33.071235558464686,-2.37019982787387,SeaLake,0.9999131,1.5476073e-06,0,0.0,5.072884656806888,False
3,65,508560.0,9738020.0,33.07699196386615,-2.370199518127166,SeaLake,0.9998902,1.8098245e-06,0,0.0,4.846253074285727,False
3,66,509200.0,9738020.0,33.08274836848391,-2.3701991843225407,SeaLake,0.999594,6.0960674e-06,0,0.0,4.69652839646275,False
3,67,509840.0,9738020.0,33.088504772259384,-2.370198826460012,SeaLake,0.9327809,0.00029723544,0,0.0,4.631175779166462,False
3,68,510480.0,9738020.0,33.09426117513398,-2.370198444539595,SeaLake,0.99983764,2.7752374e-06,0,0.0,4.653751090926028,False
3,69,511120.0,9738020.0,33.100017577049094,-2.370198038561312,SeaLake,0.99989784,1.6026988e-06,0,0.0,4.763004234204744,False
3,70,511760.0,9738020.0,33.105773977946136,-2.3701976085251824,SeaLake,0.9999659,6.1333685e-07,0,0.0,4.9532029489825495,False
3,71,512400.0,9738020.0,33.11153037776651,-2.3701971544312284,SeaLake,0.99994135,1.1524749e-06,0,0.0,5.215498976374795,False
3,72,513040.0,9738020.0,33.117286776451635,-2.370196676279472,SeaLake,0.999913,2.055256e-06,0,0.0,5.539660611564905,False
3,73,513680.0,9738020.0,33.123043173942904,-2.3701961740699384,SeaLake,0.99991083,1.8822046e-06,0,0.0,5.915526165108289,False
3,74,514320.0,9738020.0,33.12879957018173,-2.370195647802652,SeaLake,0.9999684,8.4522844e-07,0,0.0,6.3338976885357,False
3,75,514960.0,9738020.0,33.13455596510951,-2.37019509747764,SeaLake,0.9999422,1.2321016e-06,0,0.0,6.78691903941656,False
3,76,515600.0,9738020.0,33.140312358667664,-2.3701945230949297,SeaLake,0.9998611,2.2839056e-06,0,0.0,7.2681139346017485,False
3,77,516240.0,9738020.0,33.14606875079759,-2.3701939246545503,SeaLake,0.9996781,5.0486883e-06,0,0.0,7.772251300949373,False
3,78,516880.0,9738020.0,33.151825141440696,-2.370193302156532,SeaLake,0.999268,1.1576083e-05,0,0.0,8.295149209258767,False
3,79,517520.0,9738020.0,33.157581530538394,-2.3701926556009068,SeaLake,0.9996563,4.9963796e-06,0,0.0,8.833476695085771,False
3,80,518160.0,9738020.0,33.163337918032084,-2.3701919849877067,SeaLake,0.9996719,5.243198e-06,0,0.0,9.38457887394957,False
3,81,518800.0,9738020.0,33.16909430386318,-2.3701912903169653,SeaLake,0.9998499,2.316333e-06,0,0.0,9.94633252813004,False
3,82,519440.0,9738020.0,33.174850687973084,-2.370190571588719,SeaLake,0.99975604,3.778689e-06,0,0.0,10.517030991629472,False
3,83,520080.0,9738020.0,33.1806070703032,-2.370189828803003,SeaLake,0.99979854,3.1522893e-06,0,0.0,11.095294092436303,False
3,84,520720.0,9738020.0,33.18636345079494,-2.3701890619598545,SeaLake,0.9997496,3.7819884e-06,0,0.0,11.61525617819133,False
3,85,521360.0,9738020.0,33.19211982938972,-2.3701882710593134,SeaLake,0.9994881,9.13846e-06,0,0.0,11.944534845307649,False
4,0,466960.0,9737380.0,32.70282542770499,-2.375959714022738,SeaLake,0.9999566,7.1885745e-07,0,0.0,8.336291152510887,False
4,1,467600.0,9737380.0,32.708581785333465,-2.3759609469703955,SeaLake,0.9997945,3.1642253e-06,0,0.0,7.985437215493091,False
4,2,468240.0,9737380.0,32.71433814592827,-2.3759621558027484,SeaLake,0.99981046,3.6769458e-07,0,0.0,7.67201830457493,False
4,3,468880.0,9737380.0,32.720094509430815,-2.3759633405197347,SeaLake,0.9999554,2.0933051e-07,0,0.0,7.40079199875821,False
4,4,469520.0,9737380.0,32.7258508757825,-2.3759645011212944,SeaLake,0.999675,6.8179503e-07,0,0.0,7.176543705157399,False
4,5,470160.0,9737380.0,32.73160724492473,-2.375965637607369,SeaLake,0.99937797,3.6545682e-06,0,0.0,7.003787325096689,False
4,6,470800.0,9737380.0,32.73736361679892,-2.3759667499779016,SeaLake,0.9999274,1.0142268e-06,0,0.0,6.886399221533399,False
4,7,471440.0,9737380.0,32.74311999134648,-2.375967838232836,SeaLake,0.99992716,1.0100855e-06,0,0.0,6.827236013313626,False
4,8,472080.0,9737380.0,32.74887636850882,-2.375968902372116,SeaLake,0.9998753,2.0385726e-06,0,0.0,6.8278114300731305,False
4,9,472720.0,9737380.0,32.75463274822733,-2.375969942395689,SeaLake,0.999938,7.985013e-07,0,0.0,6.888110500550063,False
4,10,473360.0,9737380.0,32.76038913044344,-2.375970958303503,SeaLake,0.9999908,9.177904e-08,0,0.0,7.006591440275278,False
4,11,474000.0,9737380.0,32.76614551509854,-2.375971950095505,SeaLake,0.99997497,4.562788e-07,0,0.0,7.180374708473753,False
4,12,474640.0,9737380.0,32.771901902134054,-2.3759729177716467,SeaLake,0.9999517,6.820651e-07,0,0.0,7.405568060401598,False
4,13,475280.0,9737380.0,32.77765829149136,-2.375973861331877,SeaLake,0.99997294,3.9781744e-07,0,0.0,7.677649095940178,False
4,14,475920.0,9737380.0,32.7834146831119,-2.375974780776152,SeaLake,0.999827,1.4671477e-06,0,0.0,7.991830390063455,False
4,15,476560.0,9737380.0,32.78917107693706,-2.3759756761044217,SeaLake,0.9999789,1.3044624e-07,0,0.0,8.343357257524847,False
4,16,477200.0,9737380.0,32.79492747290825,-2.3759765473166423,SeaLake,0.9999242,9.5145907e-07,0,0.0,8.727718354177297,False
4,17,477840.0,9737380.0,32.80068387096688,-2.375977394412769,SeaLake,0.99991083,1.3316288e-06,0,0.0,9.140772670458118,False
4,18,478480.0,9737380.0,32.80644027105435,-2.37597821739276,SeaLake,0.9986014,4.2722395e-06,0,0.0,9.57880902597733,False
4,19,479120.0,9737380.0,32.81219667311207,-2.375979016256574,SeaLake,0.9997877,1.4877368e-06,0,0.0,10.038557650344773,False
4,20,479760.0,9737380.0,32.81795307708145,-2.3759797910041693,SeaLake,0.9999771,4.5988347e-07,0,0.0,10.517171532424783,False
4,21,480400.0,9737380.0,32.82370948290389,-2.375980541635508,SeaLake,0.9999882,2.391739e-07,0,0.0,11.012191170952175,False
4,22,481040.0,9737380.0,32.8294658905208,-2.375981268150552,SeaLake,0.9999777,5.994983e-07,0,0.0,11.521502147235307,False
4,23,481680.0,9737380.0,32.835222299873585,-2.3759819705492635,SeaLake,0.9999697,8.489845e-07,0,0.0,12.043291455075664,False
4,24,482320.0,9737380.0,32.84097871090365,-2.3759826488316085,SeaLake,0.9999896,3.893775e-07,0,0.0,12.142260863573641,False
4,25,482960.0,9737380.0,32.8467351235524,-2.3759833029975512,SeaLake,0.99995697,9.707269e-07,0,0.0,11.730692057097304,False
4,26,483600.0,9737380.0,32.852491537761246,-2.3759839330470607,SeaLake,0.9999505,9.740526e-07,0,0.0,11.340325101063875,False
4,27,484240.0,9737380.0,32.85824795347159,-2.375984538980102,SeaLake,0.9999728,5.4937084e-07,0,0.0,10.973422923463447,False
4,28,484880.0,9737380.0,32.86400437062483,-2.375985120796649,SeaLake,0.99992824,1.1441732e-06,0,0.0,10.632414961642851,False
4,29,485520.0,9737380.0,32.86976078916239,-2.3759856784966686,SeaLake,0.99992716,1.2804223e-06,0,0.0,10.319868466988348,False
4,30,486160.0,9737380.0,32.87551720902566,-2.375986212080134,SeaLake,0.9998869,1.7681674e-06,0,0.0,10.03844223150754,False
4,31,486800.0,9737380.0,32.88127363015605,-2.3759867215470174,SeaLake,0.99991333,1.4733558e-06,0,0.0,9.749105646348914,False
4,32,487440.0,9737380.0,32.887030052494964,-2.3759872068972943,SeaLake,0.99994814,9.610071e-07,0,0.0,9.129499674628773,False
4,33,488080.0,9737380.0,32.89278647598381,-2.37598766813094,SeaLake,0.9999484,1.0266245e-06,0,0.0,8.512911823484455,False
4,34,488720.0,9737380.0,32.89854290056399,-2.3759881052479304,SeaLake,0.99989617,1.7257091e-06,0,0.0,7.900048804899628,False
4,35,489360.0,9737380.0,32.90429932617691,-2.3759885182482434,SeaLake,0.99992156,1.2845662e-06,0,0.0,7.291849869900683,False
4,36,490000.0,9737380.0,32.91005575276398,-2.375988907131859,SeaLake,0.999863,1.6558375e-06,0,0.0,6.689587276547426,False
4,37,490640.0,9737380.0,32.9158121802666,-2.375989271898757,SeaLake,0.99996483,7.338475e-07,0,0.0,6.095021028341066,False
4,38,491280.0,9737380.0,32.921568608626174,-2.37598961254892,SeaLake,0.99995303,1.2786506e-06,0,0.0,5.510642860982226,False
4,39,491920.0,9737380.0,32.92732503778411,-2.375989929082329,SeaLake,0.99992144,1.4209417e-06,0,0.0,4.940069649981563,False
4,40,492560.0,9737380.0,32.93308146768181,-2.3759902214989697,SeaLake,0.99989426,1.836267e-06,0,0.0,4.388689047089523,False
4,41,493200.0,9737380.0,32.93883789826067,-2.3759904897988258,SeaLake,0.99996996,7.203446e-07,0,0.0,3.864724434861836,False
4,42,493840.0,9737380.0,32.94459432946212,-2.375990733981885,SeaLake,0.99996746,6.4091046e-07,0,0.0,3.380946370883857,False
4,43,494480.0,9737380.0,32.95035076122755,-2.375990954048134,SeaLake,0.9999341,1.3152196e-06,0,0.0,2.9571441913047307,False
4,44,495120.0,9737380.0,32.956107193498354,-2.375991149997563,SeaLake,0.99988234,1.9230308e-06,0,0.0,2.622556991476429,False
4,45,495760.0,9737380.0,32.96186362621596,-2.375991321830161,SeaLake,0.9999404,8.2807645e-07,0,0.0,2.414561777821492,False
4,46,496400.0,9737380.0,32.967620059321746,-2.3759914695459194,SeaLake,0.9999708,4.5935107e-07,0,0.0,2.3667724825785577,False
4,47,497040.0,9737380.0,32.97337649275714,-2.375991593144831,SeaLake,0.99976355,4.0381055e-06,0,0.0,2.4884363342600624,False
4,48,497680.0,9737380.0,32.979132926463535,-2.3759916926268896,SeaLake,0.99995613,1.1341418e-06,0,0.0,2.7572121418273645,False
4,49,498320.0,9737380.0,32.98488936038235,-2.3759917679920908,SeaLake,0.9999416,9.2745046e-07,0,0.0,3.1354939324474587,False
4,50,498960.0,9737380.0,32.99064579445496,-2.375991819240429,SeaLake,0.9998771,1.7577546e-06,0,0.0,3.5888195281721,False
4,51,499600.0,9737380.0,32.99640222862279,-2.3759918463719027,SeaLake,0.9997284,2.589571e-06,0,0.0,4.092325623794373,False
4,52,500240.0,9737380.0,33.00215866282725,-2.375991849386512,SeaLake,0.9988255,2.1280195e-05,0,0.0,4.629668715635989,False
4,53,500880.0,9737380.0,33.007915097009736,-2.3759918282842536,River,0.4809595,0.0054447483,5,22.0,5.190350260041529,True
4,54,501520.0,9737380.0,33.01367153111165,-2.375991783065131,SeaLake,0.99999297,8.506848e-08,0,0.0,5.767567877995695,False
4,55,502160.0,9737380.0,33.0194279650744,-2.375991713729145,SeaLake,0.9999124,1.2462838e-06,0,0.0,6.122316693435379,False
4,56,502800.0,9737380.0,33.02518439883939,-2.3759916202763014,SeaLake,0.9998765,1.8148448e-06,0,0.0,6.1555234374913015,False
4,57,503440.0,9737380.0,33.03094083234803,-2.3759915027066016,SeaLake,0.99987304,2.115615e-06,0,0.0,6.254388530007705,False
4,58,504080.0,9737380.0,33.03669726554172,-2.3759913610200543,SeaLake,0.99983597,2.678482e-06,0,0.0,6.415877413033945,False
4,59,504720.0,9737380.0,33.04245369836186,-2.375991195216665,SeaLake,0.99991,1.2115316e-06,0,0.0,6.614164924045219,False
4,60,505360.0,9737380.0,33.04821013074986,-2.375991005296444,SeaLake,0.9999435,1.0071719e-06,0,0.0,6.1158145623642985,False
4,61,506000.0,9737380.0,33.05396656264712,-2.3759907912593987,SeaLake,0.99964106,4.1794694e-05,0,0.0,5.64609580860831,False
4,62,506640.0,9737380.0,33.05972299399506,-2.3759905531055407,SeaLake,0.8201146,0.0013058197,12,52.0,5.212754358181617,True
4,63,507280.0,9737380.0,33.06547942473507,-2.3759902908348827,River,0.63472044,0.00026514032,0,0.0,4.825600285715607,False
4,64,507920.0,9737380.0,33.07123585480855,-2.3759900044474365,SeaLake,0.9724867,0.00017211578,0,0.0,4.49657961524709,False
4,65,508560.0,9737380.0,33.07699228415692,-2.3759896939432186,SeaLake,0.9998565,3.0134647e-06,0,0.0,4.2392497396370485,False
4,66,509200.0,9737380.0,33.082748712721575,-2.3759893593222428,SeaLake,0.9995715,6.9411994e-06,0,0.0,4.067240892026177,False
4,67,509840.0,9737380.0,33.08850514044393,-2.3759890005845263,SeaLake,0.92418224,0.00044688166,0,0.0,3.991598500917522,False
4,68,510480.0,9737380.0,33.09426156726538,-2.3759886177300884,SeaLake,0.99978423,3.3491206e-06,0,0.0,4.017769121201979,False
4,69,511120.0,9737380.0,33.100017993127324,-2.375988210758948,SeaLake,0.99988115,1.9935364e-06,0,0.0,4.143824179431511,False
4,70,511760.0,9737380.0,33.10577441797118,-2.375987779671125,SeaLake,0.9998915,1.6293484e-06,0,0.0,4.361110976436893,False
4,71,512400.0,9737380.0,33.11153084173836,-2.3759873244666405,SeaLake,0.9998597,2.2982179e-06,0,0.0,4.6568765355713975,False
4,72,513040.0,9737380.0,33.11728726437025,-2.375986845145519,SeaLake,0.99987173,2.1884277e-06,0,0.0,5.017261123991114,False
4,73,513680.0,9737380.0,33.12304368580826,-2.3759863417077853,SeaLake,0.99989784,1.6616234e-06,0,0.0,5.429412427240142,False
4,74,514320.0,9737380.0,33.128800105993804,-2.3759858141534624,SeaLake,0.999882,2.011457e-06,0,0.0,5.882459470648889,False
4,75,514960.0,9737380.0,33.13455652486828,-2.37598526248258,SeaLake,0.99990726,1.5351754e-06,0,0.0,6.367679290179737,False
4,76,515600.0,9737380.0,33.1403129423731,-2.375984686695162,SeaLake,0.9998462,3.2199364e-06,0,0.0,6.878266472109163,False
4,77,516240.0,9737380.0,33.14606935844966,-2.3759840867912407,SeaLake,0.9995298,7.628138e-06,0,0.0,7.408978322285614,False
4,78,516880.0,9737380.0,33.15182577303938,-2.375983462770846,SeaLake,0.99949324,8.214509e-06,0,0.0,7.955788452369461,False
4,79,517520.0,9737380.0,33.157582186083644,-2.375982814634008,SeaLake,0.99966216,5.1674447e-06,0,0.0,8.515596280802207,False
4,80,518160.0,9737380.0,33.163338597523875,-2.37598214238076,SeaLake,0.99970585,4.722435e-06,0,0.0,9.085999677326072,False
4,81,518800.0,9737380.0,33.16909500730147,-2.3759814460111373,SeaLake,0.99971837,4.178001e-06,0,0.0,9.665122878428738,False
4,82,519440.0,9737380.0,33.17485141535785,-2.3759807255251726,SeaLake,0.99983156,2.3628515e-06,0,0.0,10.251488202884676,False
4,83,520080.0,9737380.0,33.1806078216344,-2.3759799809229047,SeaLake,0.99980056,3.1615266e-06,0,0.0,10.745255876070976,False
4,84,520720.0,9737380.0,33.186364226072534,-2.3759792122043697,SeaLake,0.99958473,6.703138e-06,0,0.0,11.063410885798042,False
4,85,521360.0,9737380.0,33.192120628613665,-2.375978419369607,SeaLake,0.9995672,7.5929247e-06,0,0.0,11.408628182816345,False
5,0,466960.0,9736740.0,32.70282418844345,-2.381749816211563,SeaLake,0.99934727,4.1765616e-06,0,0.0,7.821363526660441,False
5,1,467600.0,9736740.0,32.70858057007596,-2.381751052167177,SeaLake,0.9999318,1.0037658e-06,0,0.0,7.446286642301987,False
5,2,468240.0,9736740.0,32.71433695467484,-2.381752263948654,SeaLake,0.9999888,1.7287229e-07,0,0.0,7.1091379296280195,False
5,3,468880.0,9736740.0,32.72009334218153,-2.3817534515559307,SeaLake,0.9999615,3.8751028e-07,0,0.0,6.815548359862654,False
5,4,469520.0,9736740.0,32.725849732537405,-2.381754614988949,SeaLake,0.99994266,1.0452808e-06,0,0.0,6.571358823620672,False
5,5,470160.0,9736740.0,32.7316061256839,-2.381755754247648,SeaLake,0.9999423,1.3780632e-06,0,0.0,6.3822420928642325,False
5,6,470800.0,9736740.0,32.73736252156241,-2.3817568693319715,SeaLake,0.9999298,7.8728556e-07,0,0.0,6.253196900392531,False
5,7,471440.0,9736740.0,32.743118920114334,-2.381757960241864,SeaLake,0.9999628,6.008917e-07,0,0.0,6.187982612954686,False
5,8,472080.0,9736740.0,32.7488753212811,-2.381759026977268,SeaLake,0.99975735,1.9586357e-06,0,0.0,6.188617467688584,False
5,9,472720.0,9736740.0,32.75463172500409,-2.381760069538132,SeaLake,0.99984765,8.448701e-07,0,0.0,6.255081414700452,False
5,10,473360.0,9736740.0,32.76038813122472,-2.3817610879244,SeaLake,0.99997115,2.5662993e-07,0,0.0,6.385319165686377,False
5,11,474000.0,9736740.0,32.7661445398844,-2.381762082136025,SeaLake,0.9999372,1.0930188e-06,0,0.0,6.575542425597489,False
5,12,474640.0,9736740.0,32.77190095092454,-2.3817630521729543,SeaLake,0.99994576,9.2903275e-07,0,0.0,6.82073423716122,False
5,13,475280.0,9736740.0,32.777657364286526,-2.38176399803514,SeaLake,0.9999716,4.0532672e-07,0,0.0,7.115214183503825,False
5,14,475920.0,9736740.0,32.78341377991179,-2.381764919722533,SeaLake,0.9999888,1.3074445e-07,0,0.0,7.4531423051143175,False
5,15,476560.0,9736740.0,32.78917019774172,-2.381765817235088,SeaLake,0.99997246,5.9488775e-07,0,0.0,7.828894402368415,False
5,16,477200.0,9736740.0,32.794926617717714,-2.3817666905727584,SeaLake,0.9997928,1.8293898e-06,0,0.0,8.237295970558922,False
5,17,477840.0,9736740.0,32.8006830397812,-2.3817675397355007,SeaLake,0.9996843,1.6008612e-06,0,0.0,8.673736348871632,False
5,18,478480.0,9736740.0,32.806439463873566,-2.3817683647232726,SeaLake,0.9590978,6.2015664e-05,0,0.0,9.134197260454131,False
5,19,479120.0,9736740.0,32.812195889936234,-2.381769165536032,SeaLake,0.98667586,9.275372e-05,0,0.0,9.615228387097131,False
5,20,479760.0,9736740.0,32.81795231791059,-2.381769942173737,SeaLake,0.99942905,7.627762e-06,0,0.0,10.11389510916488,False
5,21,480400.0,9736740.0,32.823708747738046,-2.3817706946363515,SeaLake,0.99996614,1.4170603e-06,0,0.0,10.627715258809863,False
5,22,481040.0,9736740.0,32.829465179360014,-2.3817714229238347,SeaLake,0.99996996,8.6909625e-07,0,0.0,11.154594970929727,False
5,23,481680.0,9736740.0,32.83522161271788,-2.381772127036152,SeaLake,0.9999733,7.342583e-07,0,0.0,11.692768975253102,False
5,24,482320.0,9736740.0,32.84097804775308,-2.3817728069732658,SeaLake,0.9999746,8.0782695e-07,0,0.0,11.668241115712862,False
5,25,482960.0,9736740.0,32.84673448440699,-2.381773462735143,SeaLake,0.99995995,8.5781136e-07,0,0.0,11.239327737626738,False
5,26,483600.0,9736740.0,32.85249092262102,-2.38177409432175,SeaLake,0.9999722,5.412558e-07,0,0.0,10.831266096498574,False
5,27,484240.0,9736740.0,32.85824736233659,-2.381774701733056,SeaLake,0.99996674,9.098046e-07,0,0.0,10.4465000125656,False
5,28,484880.0,9736740.0,32.86400380349509,-2.381775284969029,SeaLake,0.99995697,8.8006766e-07,0,0.0,10.087695463876116,False
5,29,485520.0,9736740.0,32.86976024603792,-2.381775844029639,SeaLake,0.9999436,1.0024585e-06,0,0.0,9.757716793967758,False
5,30,486160.0,9736740.0,32.8755166899065,-2.381776378914859,SeaLake,0.9998236,3.0507827e-06,0,0.0,9.45958108431098,False
5,31,486800.0,9736740.0,32.88127313504222,-2.3817768896246623,SeaLake,0.999881,2.153671e-06,0,0.0,9.196385787363848,False
5,32,487440.0,9736740.0,32.88702958138649,-2.381777376159022,SeaLake,0.9999461,1.1792506e-06,0,0.0,8.971206652920298,False
5,33,488080.0,9736740.0,32.89278602888072,-2.3817778385179147,SeaLake,0.999977,5.0008356e-07,0,0.0,8.35794334840654,False
5,34,488720.0,9736740.0,32.898542477466314,-2.3817782767013167,SeaLake,0.9999666,5.1564706e-07,0,0.0,7.732808055328136,False
5,35,489360.0,9736740.0,32.90429892708466,-2.381778690709205,SeaLake,0.9999064,1.612457e-06,0,0.0,7.11031812410122,False
5,36,490000.0,9736740.0,32.910055377677175,-2.38177908054156,SeaLake,0.999928,1.1563559e-06,0,0.0,6.491234646143743,False
5,37,490640.0,9736740.0,32.91581182918526,-2.3817794461983595,SeaLake,0.99991274,1.4434363e-06,0,0.0,5.876634294957572,False
5,38,491280.0,9736740.0,32.921568281550314,-2.3817797876795885,SeaLake,0.99987626,1.0443006e-06,0,0.0,5.268086373821719,False
5,39,491920.0,9736740.0,32.92732473471375,-2.3817801049852267,SeaLake,0.99995494,8.788665e-07,0,0.0,4.6679585952984475,False
5,40,492560.0,9736740.0,32.93308118861696,-2.3817803981152608,SeaLake,0.99988997,1.7085938e-06,0,0.0,4.07996824164052,False
5,41,493200.0,9736740.0,32.93883764320137,-2.381780667069674,SeaLake,0.9999554,9.013233e-07,0,0.0,3.5102199729033825,False
5,42,493840.0,9736740.0,32.94459409840836,-2.381780911848454,SeaLake,0.99996746,8.803607e-07,0,0.0,2.9692335144855835,False
5,43,494480.0,9736740.0,32.95035055417934,-2.381781132451588,SeaLake,0.9999374,1.6693626e-06,0,0.0,2.4759343829994758,False
5,44,495120.0,9736740.0,32.95610701045571,-2.381781328879064,SeaLake,0.999851,2.274271e-06,0,0.0,2.064789208198644,False
5,45,495760.0,9736740.0,32.96186346717888,-2.381781501130872,SeaLake,0.9999074,1.6715474e-06,0,0.0,1.7932255518110847,False
5,46,496400.0,9736740.0,32.967619924290254,-2.3817816492070047,SeaLake,0.99997413,5.3782736e-07,0,0.0,1.7283406160368842,False
5,47,497040.0,9736740.0,32.97337638173124,-2.381781773107454,SeaLake,0.99989796,2.1960473e-06,3,13.0,1.891524435585579,False
5,48,497680.0,9736740.0,32.97913283944323,-2.3817818728322138,Residential,0.46084648,0.46084648,27,116.0,2.233331165723509,False
5,49,498320.0,9736740.0,32.98488929736764,-2.3817819483812785,HerbaceousVegetation,0.63778347,0.0036562877,18,77.0,2.686423552079328,False
5,50,498960.0,9736740.0,32.990645755445854,-2.381781999754645,SeaLake,0.99974257,1.55538e-06,0,0.0,3.2039311644511184,False
5,51,499600.0,9736740.0,32.9964022136193,-2.381782026952311,SeaLake,0.9999832,2.6290286e-07,0,0.0,3.759345463231025,False
5,52,500240.0,9736740.0,33.00215867182935,-2.381782029974274,River,0.7488449,0.00010633633,0,0.0,4.338131131868915,False
5,53,500880.0,9736740.0,33.007915130017444,-2.381782008820534,Residential,0.5420593,0.5420593,91,391.0,4.932067023334625,False
5,54,501520.0,9736740.0,33.01367158812496,-2.3817819634910924,SeaLake,0.98656076,0.0031871148,12,52.0,5.519718241083196,True
5,55,502160.0,9736740.0,33.01942804609331,-2.381781893985952,SeaLake,0.99998355,2.1718079e-06,5,22.0,5.482316714285466,True
5,56,502800.0,9736740.0,33.0251845038639,-2.381781800305115,SeaLake,0.99750143,9.120401e-06,0,0.0,5.519375295313863,False
5,57,503440.0,9736740.0,33.03094096137812,-2.381781682448588,SeaLake,0.83236104,0.006068788,1,4.0,5.629423660136818,True
5,58,504080.0,9736740.0,33.0366974185774,-2.381781540416376,SeaLake,0.65888566,0.2348991,19,82.0,5.808314543832438,True
5,59,504720.0,9736740.0,33.04245387540311,-2.381781374208485,SeaLake,0.8326178,0.026019685,8,34.0,6.049944209237192,True
5,60,505360.0,9736740.0,33.04821033179668,-2.3817811838249243,SeaLake,0.6310453,0.00014198977,4,17.0,5.719043386460373,True
5,61,506000.0,9736740.0,33.05396678769951,-2.3817809692657046,AnnualCrop,0.6258718,0.030800508,14,60.0,5.2136999697885615,True
5,62,506640.0,9736740.0,33.059723243052986,-2.3817807305308354,HerbaceousVegetation,0.40710688,0.011682479,35,150.0,4.740999630218332,False
5,63,507280.0,9736740.0,33.06547969779852,-2.3817804676203296,Forest,0.3969422,0.032837667,12,52.0,4.311691966326848,False
5,64,507920.0,9736740.0,33.07123615187753,-2.3817801805342,Pasture,0.45618212,0.0039990894,9,39.0,3.939987021710172,False
5,65,508560.0,9736740.0,33.0769926052314,-2.3817798692724605,SeaLake,0.99768734,8.320699e-05,2,9.0,3.6435570326264552,False
5,66,509200.0,9736740.0,33.08274905780154,-2.381779533835128,SeaLake,0.99977106,3.2997934e-06,0,0.0,3.4419061533921598,False
5,67,509840.0,9736740.0,33.08850550952936,-2.381779174222218,SeaLake,0.9975058,3.2274816e-05,0,0.0,3.3521825856471374,False
5,68,510480.0,9736740.0,33.09426196035626,-2.38177879043375,SeaLake,0.99995935,2.5274767e-06,0,0.0,3.3833028546485515,False
5,69,511120.0,9736740.0,33.100018410223655,-2.381778382469744,SeaLake,0.9975001,5.907586e-05,0,0.0,3.532074224167742,False
5,70,511760.0,9736740.0,33.10577485907292,-2.381777950330219,SeaLake,0.9999974,1.0538014e-07,0,0.0,3.7846477304746964,False
5,71,512400.0,9736740.0,33.11153130684548,-2.381777494015197,SeaLake,0.9994868,8.799976e-06,0,0.0,4.121985997373643,False
5,72,513040.0,9736740.0,33.11728775348274,-2.3817770135247014,SeaLake,0.9997284,4.474378e-06,0,0.0,4.525171674235299,False
5,73,513680.0,9736740.0,33.123044198926095,-2.381776508858757,SeaLake,0.9998368,2.7789135e-06,0,0.0,4.9782314932171055,False
5,74,514320.0,9736740.0,33.128800643116946,-2.3817759800173883,SeaLake,0.9998033,3.3740623e-06,0,0.0,5.468784043900045,False
5,75,514960.0,9736740.0,33.13455708599671,-2.381775427000622,SeaLake,0.9998678,2.4493547e-06,0,0.0,5.987621317148641,False
5,76,515600.0,9736740.0,33.14031352750679,-2.381774849808487,SeaLake,0.9996765,5.347094e-06,0,0.0,6.52800269273305,False
5,77,516240.0,9736740.0,33.14606996758858,-2.3817742484410123,SeaLake,0.99949,8.2512515e-06,0,0.0,7.085000301699857,False
5,78,516880.0,9736740.0,33.15182640618349,-2.381773622898228,SeaLake,0.99963725,5.509562e-06,0,0.0,7.654987876792763,False
5,79,517520.0,9736740.0,33.15758284323293,-2.3817729731801647,SeaLake,0.99952775,7.504855e-06,0,0.0,8.2352686363349,False
5,80,518160.0,9736740.0,33.16333927867829,-2.3817722992868573,SeaLake,0.99961793,6.6029033e-06,0,0.0,8.823812080464906,False
5,81,518800.0,9736740.0,33.169095712460994,-2.381771601218337,SeaLake,0.9995571,7.2124067e-06,0,0.0,9.419069473685578,False
5,82,519440.0,9736740.0,33.174852144522426,-2.3817708789746423,SeaLake,0.99989307,1.4876567e-06,0,0.0,9.881562204401888,False
5,83,520080.0,9736740.0,33.180608574804005,-2.3817701325558067,SeaLake,0.999789,3.21668e-06,0,0.0,10.186491456101095,False
5,84,520720.0,9736740.0,33.18636500324713,-2.3817693619618705,SeaLake,0.9997054,4.416349e-06,0,0.0,10.521556195305779,False
5,85,521360.0,9736740.0,33.192121429793204,-2.3817685671928706,SeaLake,0.9995096,7.3861843e-06,0,0.0,10.88397360143501,False
6,0,466960.0,9736100.0,32.70282294615695,-2.387539917911809,SeaLake,0.9999777,3.6767688e-07,0,0.0,7.3261794035443355,False
6,1,467600.0,9736100.0,32.70857935185206,-2.387541156875405,SeaLake,0.9997947,5.3910057e-06,0,0.0,6.9243311587523015,False
6,2,468240.0,9736100.0,32.71433576051362,-2.3875423716060293,SeaLake,0.99992573,1.1911169e-06,0,0.0,6.560413046388065,False
6,3,468880.0,9736100.0,32.720092172083035,-2.38754356210362,SeaLake,0.9999616,8.668582e-07,0,0.0,6.241063746058798,False
6,4,469520.0,9736100.0,32.72584858650171,-2.387544728368118,SeaLake,0.99994814,8.426374e-07,0,0.0,5.973435696943614,False
6,5,470160.0,9736100.0,32.73160500371105,-2.3875458703994634,SeaLake,0.99996984,4.4041047e-07,0,0.0,5.764736886334968,False
6,6,470800.0,9736100.0,32.737361423652466,-2.387546988197601,SeaLake,0.9999622,5.946457e-07,0,0.0,5.6215343734448275,False
6,7,471440.0,9736100.0,32.74311784626736,-2.3875480817624712,SeaLake,0.9997265,2.0474686e-06,0,0.0,5.548901337649867,False
6,8,472080.0,9736100.0,32.74887427149714,-2.3875491510940203,SeaLake,0.99993145,4.0159597e-07,0,0.0,5.5496093013943995,False
6,9,472720.0,9736100.0,32.7546306992832,-2.387550196192194,SeaLake,0.9999727,5.069872e-07,0,0.0,5.623630565859921,False
6,10,473360.0,9736100.0,32.76038712956696,-2.38755121705694,SeaLake,0.9999504,5.8769916e-07,0,0.0,5.768143382790058,False
6,11,474000.0,9736100.0,32.76614356228981,-2.3875522136882057,SeaLake,0.99996245,4.837632e-07,0,0.0,5.978037757289217,False
6,12,474640.0,9736100.0,32.77189999739317,-2.3875531860859427,SeaLake,0.9995621,3.066902e-06,0,0.0,6.2467265644276635,False
6,13,475280.0,9736100.0,32.77765643481843,-2.387554134250099,SeaLake,0.99995875,4.5980397e-07,0,0.0,6.566997039277312,False
6,14,475920.0,9736100.0,32.783412874507,-2.38755505818063,SeaLake,0.99994934,4.512087e-07,0,0.0,6.931703070460227,False
6,15,476560.0,9736100.0,32.78916931640029,-2.3875559578774865,SeaLake,0.9943339,1.09625935e-05,0,0.0,7.334218758680333,False
6,16,477200.0,9736100.0,32.79492576043971,-2.387556833340624,SeaLake,0.9991736,5.440881e-06,0,0.0,7.768669264637878,False
6,17,477840.0,9736100.0,32.80068220656664,-2.3875576845699986,SeaLake,0.99479276,2.1479153e-05,0,0.0,8.229998753735021,False
6,18,478480.0,9736100.0,32.8064386547225,-2.387558511565566,SeaLake,0.9990398,4.369689e-06,0,0.0,8.71393922572511,False
6,19,479120.0,9736100.0,32.81219510484869,-2.387559314327287,SeaLake,0.9956494,2.3798179e-05,0,0.0,9.21692975848148,False
6,20,479760.0,9736100.0,32.81795155688663,-2.387560092855119,SeaLake,0.9999796,5.0913224e-07,0,0.0,9.736018257785481,False
6,21,480400.0,9736100.0,32.8237080107777,-2.3875608471490226,SeaLake,0.99998987,3.258467e-07,0,0.0,10.26876374541176,False
6,22,481040.0,9736100.0,32.82946446646331,-2.3875615772089605,SeaLake,0.99995697,1.5453228e-06,0,0.0,10.813147839654913,False
6,23,481680.0,9736100.0,32.83522092388487,-2.387562283034896,SeaLake,0.9988331,8.971494e-06,0,0.0,11.367498561485922,False
6,24,482320.0,9736100.0,32.84097738298378,-2.387562964626792,SeaLake,0.9999689,9.623882e-07,0,0.0,11.210727121366931,False
6,25,482960.0,9736100.0,32.84673384370144,-2.387563621984616,SeaLake,0.9999275,1.3555622e-06,0,0.0,10.763597904470688,False
6,26,483600.0,9736100.0,32.852490305979266,-2.387564255108334,SeaLake,0.999954,9.218492e-07,0,0.0,10.33677305102997,False
6,27,484240.0,9736100.0,32.85824676975866,-2.3875648639979143,SeaLake,0.99996555,9.077911e-07,0,0.0,9.93287039922867,False
6,28,484880.0,9736100.0,32.864003234981,-2.387565448653324,SeaLake,0.9999714,6.5028485e-07,0,0.0,9.554797309584686,False
6,29,485520.0,9736100.0,32.86975970158771,-2.3875660090745376,SeaLake,0.9999436,1.0730959e-06,0,0.0,9.205736737851046,False
6,30,486160.0,9736100.0,32.87551616952019,-2.387566545261524,SeaLake,0.99995196,9.1972845e-07,0,0.0,8.889107162476673,False
6,31,486800.0,9736100.0,32.88127263871984,-2.387567057214256,SeaLake,0.99995565,1.0318008e-06,0,0.0,8.608487869850766,False
6,32,487440.0,9736100.0,32.88702910912807,-2.3875675449327085,SeaLake,0.9999552,8.766676e-07,0,0.0,8.367502654002653,False
6,33,488080.0,9736100.0,32.89278558068628,-2.387568008416858,SeaLake,0.9999713,5.9787186e-07,0,0.0,8.169659596587554,False
6,34,488720.0,9736100.0,32.898542053335866,-2.387568447666678,SeaLake,0.99991083,3.2844844e-07,0,0.0,7.615843336184076,False
6,35,489360.0,9736100.0,32.90429852701824,-2.38756886268215,SeaLake,0.9999516,8.662338e-07,0,0.0,6.9829344209060125,False
6,36,490000.0,9736100.0,32.9100550016748,-2.3875692534632504,SeaLake,0.99993944,1.0212982e-06,0,0.0,6.351446806204755,False
6,37,490640.0,9736100.0,32.91581147724695,-2.3875696200099608,SeaLake,0.999948,1.1067116e-06,0,0.0,5.7218510936080085,False
6,38,491280.0,9736100.0,32.92156795367608,-2.387569962322262,SeaLake,0.9997193,4.8911506e-06,0,0.0,5.094848706566049,False
6,39,491920.0,9736100.0,32.92732443090361,-2.387570280400137,SeaLake,0.999948,8.243377e-07,0,0.0,4.471530694088138,False
6,40,492560.0,9736100.0,32.93308090887094,-2.3875705742435693,SeaLake,0.9999349,1.2294329e-06,0,0.0,3.8536852691348478,False
6,41,493200.0,9736100.0,32.93883738751947,-2.3875708438525445,SeaLake,0.9999535,8.0162283e-07,0,0.0,3.2444404076699436,False
6,42,493840.0,9736100.0,32.94459386679059,-2.3875710892270496,SeaLake,0.999956,1.0217127e-06,0,0.0,2.6497352630585747,False
6,43,494480.0,9736100.0,32.950350346625726,-2.387571310367071,SeaLake,0.9999751,4.776671e-07,0,0.0,2.0820663701406548,False
6,44,495120.0,9736100.0,32.95610682696626,-2.387571507272598,SeaLake,0.99995923,5.9226574e-07,0,0.0,1.5710199791999044,False
6,45,495760.0,9736100.0,32.9618633077536,-2.3875716799436213,SeaLake,0.99994135,9.066495e-07,0,0.0,1.1918083656443492,False
6,46,496400.0,9736100.0,32.96761978892916,-2.387571828380131,SeaLake,0.99979556,2.6415385e-06,8,34.0,1.091746575810724,False
6,47,497040.0,9736100.0,32.97337627043433,-2.387571952582121,Residential,0.83757275,0.83757275,232,998.0,1.3351456816276746,False
6,48,497680.0,9736100.0,32.97913275221051,-2.387572052549584,HerbaceousVegetation,0.87993985,0.10886183,228,980.0,1.7867617067039507,False
6,49,498320.0,9736100.0,32.98488923419911,-2.3875721282825144,HerbaceousVegetation,0.988991,0.00024362923,0,0.0,2.328437416362785,False
6,50,498960.0,9736100.0,32.990645716341525,-2.3875721797809097,HerbaceousVegetation,0.9742862,6.713812e-05,8,34.0,2.91031342080072,False
6,51,499600.0,9736100.0,32.99640219857916,-2.3875722070447667,HerbaceousVegetation,0.569381,0.38327825,27,116.0,3.512467453609695,False
6,52,500240.0,9736100.0,33.002158680853434,-2.3875722100740844,HerbaceousVegetation,0.9937366,0.00010137721,16,69.0,4.1260309036702525,False
6,53,500880.0,9736100.0,33.007915163105714,-2.387572188868862,HerbaceousVegetation,0.9977738,0.000265626,16,69.0,4.746581340651032,False
6,54,501520.0,9736100.0,33.013671645277434,-2.387572143429101,HerbaceousVegetation,0.8265262,0.14274305,39,168.0,4.884621205576011,False
6,55,502160.0,9736100.0,33.01942812730998,-2.387572073754804,HerbaceousVegetation,0.9975127,1.163244e-05,16,69.0,4.842316740646988,False
6,56,502800.0,9736100.0,33.025184609144766,-2.3875719798459736,HerbaceousVegetation,0.9896539,0.0030842223,8,34.0,4.884233666762604,False
6,57,503440.0,9736100.0,33.030941090723175,-2.387571861702615,HerbaceousVegetation,0.988106,0.0037601236,12,52.0,5.008257741602811,True
6,58,504080.0,9736100.0,33.03669757198663,-2.3875717193247348,HerbaceousVegetation,0.9465142,0.016078768,90,387.0,5.208526922375624,True
6,59,504720.0,9736100.0,33.04245405287652,-2.38757155271234,HerbaceousVegetation,0.924006,0.014562879,133,572.0,5.476683284242289,True
6,60,505360.0,9736100.0,33.04821053333425,-2.387571361865437,HerbaceousVegetation,0.93709654,0.008767432,35,150.0,5.369443802779302,True
6,61,506000.0,9736100.0,33.053967013301225,-2.387571146784038,HerbaceousVegetation,0.71116495,0.021016715,60,258.0,4.8276429932175144,False
6,62,506640.0,9736100.0,33.059723492718845,-2.3875709074681537,Pasture,0.606111,0.02574617,79,340.0,4.312835145089513,False
6,63,507280.0,9736100.0,33.06547997152852,-2.387570643917794,Residential,0.9556125,0.9556125,45,194.0,3.835903688503713,False
6,64,507920.0,9736100.0,33.07123644967164,-2.3875703561329744,Residential,0.92966497,0.92966497,212,912.0,3.4127653341877324,False
6,65,508560.0,9736100.0,33.07699292708961,-2.3875700441137084,River,0.32602048,0.07060857,315,1354.0,3.065775162171978,False
6,66,509200.0,9736100.0,33.082749403723845,-2.387569707860012,SeaLake,0.95777124,0.0010528192,91,391.0,2.8231520440365467,False
6,67,509840.0,9736100.0,33.08850587951573,-2.387569347371903,SeaLake,0.8951407,0.0008440874,74,318.0,2.713042126931472,False
6,68,510480.0,9736100.0,33.09426235440668,-2.387568962649398,Residential,0.33499664,0.33499664,61,262.0,2.7514010433344605,False
6,69,511120.0,9736100.0,33.10001882833809,-2.387568553692517,HerbaceousVegetation,0.92689705,0.009792439,82,353.0,2.9324081946446463,False
6,70,511760.0,9736100.0,33.10577530125136,-2.3875681205012813,HerbaceousVegetation,0.9566848,0.0016233408,15,64.0,3.232186247538373,False
6,71,512400.0,9736100.0,33.11153177308791,-2.3875676630757128,SeaLake,0.9997658,5.1633006e-06,0,0.0,3.621358592784385,False
6,72,513040.0,9736100.0,33.11728824378913,-2.3875671814158337,SeaLake,0.9998621,2.2757065e-06,0,0.0,4.074389301022966,False
6,73,513680.0,9736100.0,33.12304471329642,-2.387566675521669,SeaLake,0.99979043,3.5945266e-06,0,0.0,4.572336196633787,False
6,74,514320.0,9736100.0,33.12880118155119,-2.387566145393244,SeaLake,0.99952966,7.637185e-06,0,0.0,5.10206511265827,False
6,75,514960.0,9736100.0,33.134557648494834,-2.3875655910305853,SeaLake,0.9997012,5.1269913e-06,0,0.0,5.65465105312094,False
6,76,515600.0,9736100.0,33.14031411406877,-2.387565012433721,SeaLake,0.9995178,7.3395995e-06,0,0.0,6.2240090497459,False
6,77,516240.0,9736100.0,33.146070578214385,-2.3875644096026805,SeaLake,0.99987745,2.2948398e-06,0,0.0,6.805931146439551,False
6,78,516880.0,9736100.0,33.15182704087309,-2.3875637825374945,SeaLake,0.9997677,4.032831e-06,0,0.0,7.39745286492811,False
6,79,517520.0,9736100.0,33.15758350198629,-2.387563131238194,SeaLake,0.99927026,1.16836145e-05,0,0.0,7.996444147719048,False
6,80,518160.0,9736100.0,33.163339961495375,-2.387562455704812,SeaLake,0.99920976,1.26425875e-05,0,0.0,8.601344611532973,False
6,81,518800.0,9736100.0,33.16909641934177,-2.387561755937383,SeaLake,0.99950206,8.456303e-06,0,0.0,9.025985783098147,False
6,82,519440.0,9736100.0,33.17485287546687,-2.387561031935943,SeaLake,0.99983144,2.7331273e-06,0,0.0,9.31496408701862,False
6,83,520080.0,9736100.0,33.180609329812064,-2.3875602837005268,SeaLake,0.99960196,8.366914e-06,0,0.0,9.63783650661306,False
6,84,520720.0,9736100.0,33.186365782318774,-2.3875595112311734,SeaLake,0.99882764,1.737441e-05,0,0.0,9.991317686569682,False
6,85,521360.0,9736100.0,33.1921222329284,-2.387558714527921,SeaLake,0.99901855,1.5385145e-05,0,0.0,10.37227871297898,False
7,0,466960.0,9735460.0,32.7028217008454,-2.3933300191222924,SeaLake,0.9999248,1.47154e-06,0,0.0,6.85501873736755,False
7,1,467600.0,9735460.0,32.708578130661714,-2.393331261093893,SeaLake,0.9998374,1.0057531e-06,0,0.0,6.423763634568987,False
7,2,468240.0,9735460.0,32.714334563444545,-2.3933324787736887,SeaLake,0.9998702,1.999102e-06,0,0.0,6.02970949349649,False
7,3,468880.0,9735460.0,32.72009099913529,-2.3933336721616163,SeaLake,0.9998771,1.9926292e-06,0,0.0,5.680603305909722,False
7,4,469520.0,9735460.0,32.72584743767535,-2.3933348412576176,SeaLake,0.99988425,1.7138503e-06,0,0.0,5.385193707032571,False
7,5,470160.0,9735460.0,32.73160387900614,-2.3933359860616323,SeaLake,0.9999851,2.7893165e-07,0,0.0,5.152724386711748,False
7,6,470800.0,9735460.0,32.737360323069055,-2.393337106573604,SeaLake,0.9999336,5.726658e-07,0,0.0,4.991996188757029,False
7,7,471440.0,9735460.0,32.7431167698055,-2.393338202793474,SeaLake,0.99990296,1.1601797e-06,0,0.0,4.910059397982417,False
7,8,472080.0,9735460.0,32.74887321915689,-2.393339274721189,SeaLake,0.99991214,9.180391e-07,0,0.0,4.910859459897646,False
7,9,472720.0,9735460.0,32.75462967106462,-2.3933403223566936,SeaLake,0.99984896,6.801873e-07,0,0.0,4.994356613020035,False
7,10,473360.0,9735460.0,32.76038612547009,-2.393341345699935,SeaLake,0.98733157,4.2499927e-05,0,0.0,5.156535205074014,False
7,11,474000.0,9735460.0,32.766142582314714,-2.3933423447508626,SeaLake,0.9966041,8.940365e-06,0,0.0,5.390298012570219,False
7,12,474640.0,9735460.0,32.77189904153989,-2.3933433195094245,SeaLake,0.99984574,6.2359106e-07,0,0.0,5.6868242462264655,False
7,13,475280.0,9735460.0,32.77765550308702,-2.393344269975572,SeaLake,0.99937856,3.0952938e-06,0,0.0,6.036872315249011,False
7,14,475920.0,9735460.0,32.78341196689751,-2.393345196149258,SeaLake,0.9982461,2.4847322e-06,0,0.0,6.431709313531723,False
7,15,476560.0,9735460.0,32.78916843291275,-2.3933460980304333,SeaLake,0.99993145,7.4227984e-07,0,0.0,6.863609985781641,False
7,16,477200.0,9735460.0,32.79492490107417,-2.3933469756190555,SeaLake,0.9997665,1.9963327e-06,0,0.0,7.3260220706787536,False
7,17,477840.0,9735460.0,32.800681371323144,-2.3933478289150782,SeaLake,0.9972982,5.4312386e-06,0,0.0,7.81353036234089,False
7,18,478480.0,9735460.0,32.8064378436011,-2.39334865791846,SeaLake,0.9993857,3.301552e-06,0,0.0,8.321725426038384,False
7,19,479120.0,9735460.0,32.812194317849425,-2.3933494626291565,SeaLake,0.9948652,1.883932e-05,0,0.0,8.847043088485805,False
7,20,479760.0,9735460.0,32.817950794009526,-2.393350243047129,SeaLake,0.99998486,4.6276074e-07,0,0.0,9.386609012453603,False
7,21,480400.0,9735460.0,32.82370727202281,-2.393350999172337,SeaLake,0.99995315,1.3091452e-06,0,0.0,9.938102741259318,False
7,22,481040.0,9735460.0,32.829463751830666,-2.393351731004744,SeaLake,0.99993753,1.7733215e-06,0,0.0,10.49964491966165,False
7,23,481680.0,9735460.0,32.83522023337451,-2.3933524385443112,SeaLake,0.9996981,4.7871276e-06,0,0.0,11.069706445164996,False
7,24,482320.0,9735460.0,32.84097671659573,-2.393353121791004,SeaLake,0.99985325,3.4862676e-06,0,0.0,10.77182224347822,False
7,25,482960.0,9735460.0,32.84673320143575,-2.393353780744787,SeaLake,0.99990845,1.9810384e-06,0,0.0,10.305667940723968,False
7,26,483600.0,9735460.0,32.85248968783596,-2.393354415405628,SeaLake,0.9999633,6.6359354e-07,0,0.0,9.859037932974974,False
7,27,484240.0,9735460.0,32.858246175737754,-2.393355025773493,SeaLake,0.9999821,3.5512485e-07,0,0.0,9.434705412635473,False
7,28,484880.0,9735460.0,32.86400266508254,-2.3933556118483543,SeaLake,0.9999877,3.064481e-07,0,0.0,9.035812275749578,False
7,29,485520.0,9735460.0,32.86975915581173,-2.3933561736301794,SeaLake,0.99998546,4.6408468e-07,0,0.0,8.665872185877221,False
7,30,486160.0,9735460.0,32.875515647866706,-2.3933567111189413,SeaLake,0.9999783,6.306909e-07,0,0.0,8.328744083073635,False
7,31,486800.0,9735460.0,32.881272141188894,-2.393357224314613,SeaLake,0.99996483,8.3125366e-07,0,0.0,8.028562465392405,False
7,32,487440.0,9735460.0,32.88702863571967,-2.393357713217168,SeaLake,0.9999814,4.584902e-07,0,0.0,7.7696108345322825,False
7,33,488080.0,9735460.0,32.89278513140046,-2.393358177826582,SeaLake,0.9999573,4.4870328e-07,0,0.0,7.5561292855174935,False
7,34,488720.0,9735460.0,32.898541628172644,-2.393358618142832,SeaLake,0.99996686,4.5214964e-07,0,0.0,7.392058376313648,False
7,35,489360.0,9735460.0,32.90429812597763,-2.393359034165893,SeaLake,0.9998574,2.2826732e-06,0,0.0,6.9126928492032444,False
7,36,490000.0,9735460.0,32.91005462475683,-2.393359425895748,SeaLake,0.999895,1.4036176e-06,0,0.0,6.274139449581932,False
7,37,490640.0,9735460.0,32.91581112445164,-2.3933597933323747,SeaLake,0.99995637,8.501836e-07,0,0.0,5.635914232684423,False
7,38,491280.0,9735460.0,32.921567625003455,-2.393360136475755,SeaLake,0.9999069,1.2359428e-06,0,0.0,4.998142919480138,False
7,39,491920.0,9735460.0,32.92732412635368,-2.3933604553258725,SeaLake,0.9999149,1.3539816e-06,0,0.0,4.36102465584913,False
7,40,492560.0,9735460.0,32.93308062844372,-2.39336074988271,SeaLake,0.9999461,1.2754497e-06,0,0.0,3.7248945561315705,False
7,41,493200.0,9735460.0,32.93883713121497,-2.393361020146253,SeaLake,0.999851,1.391696e-06,0,0.0,3.0903629009670035,False
7,42,493840.0,9735460.0,32.94459363460883,-2.393361266116487,SeaLake,0.9999367,1.145162e-06,0,0.0,2.458667579207848,False
7,43,494480.0,9735460.0,32.95035013856671,-2.3933614877934017,SeaLake,0.99994993,2.2557779e-06,0,0.0,1.8327437547083247,False
7,44,495120.0,9735460.0,32.956106643030004,-2.393361685176984,SeaLake,0.9999486,7.5875204e-07,0,0.0,1.2214962446921211,False
7,45,495760.0,9735460.0,32.96186314794012,-2.393361858267224,SeaLake,0.9933123,0.00017382206,86,370.0,0.6666006909473925,False
7,46,496400.0,9735460.0,32.96761965323845,-2.3933620070641144,Residential,0.9572207,0.9572207,339,1458.0,0.4646072390160615,False
7,47,497040.0,9735460.0,32.9733761588664,-2.3933621315676468,HerbaceousVegetation,0.77275413,0.1874326,53,228.0,0.8980886882266775,False
7,48,497680.0,9735460.0,32.97913266476537,-2.3933622317778145,HerbaceousVegetation,0.9274346,0.0035179378,114,490.0,1.4887802716637875,False
7,49,498320.0,9735460.0,32.98488917087677,-2.393362307694612,HerbaceousVegetation,0.9856597,0.00014995497,35,150.0,2.1084520631662196,False
7,50,498960.0,9735460.0,32.99064567714198,-2.3933623593180378,HerbaceousVegetation,0.81067836,0.0014635609,51,219.0,2.737494019727618,False
7,51,499600.0,9735460.0,32.99640218350242,-2.3933623866480875,HerbaceousVegetation,0.99789244,5.1482933e-05,14,60.0,3.3706641650302482,False
7,52,500240.0,9735460.0,33.002158689899474,-2.393362389684759,HerbaceousVegetation,0.6563357,0.2594991,12,52.0,4.006005531548059,False
7,53,500880.0,9735460.0,33.00791519627457,-2.3933623684280536,HerbaceousVegetation,0.9981673,2.7967617e-05,9,39.0,4.393364552161807,False
7,54,501520.0,9735460.0,33.01367170256908,-2.393362322877972,HerbaceousVegetation,0.7031874,0.0340339,14,60.0,4.250995081504932,False
7,55,502160.0,9735460.0,33.01942820872442,-2.3933622530345176,HerbaceousVegetation,0.9687206,2.3502627e-05,19,82.0,4.202316775038066,False
7,56,502800.0,9735460.0,33.02518471468199,-2.393362158897691,HerbaceousVegetation,0.7265367,0.0436943,46,198.0,4.250549772976849,False
7,57,503440.0,9735460.0,33.03094122038319,-2.3933620404675,HerbaceousVegetation,0.95092684,0.017563473,19,82.0,4.392502756668544,False
7,58,504080.0,9735460.0,33.03669772576942,-2.3933618977439486,HerbaceousVegetation,0.6286351,0.0044604708,72,310.0,4.619544085959995,False
7,59,504720.0,9735460.0,33.04245423078208,-2.3933617307270447,HerbaceousVegetation,0.9219564,0.009795109,66,284.0,4.919907992728642,False
7,60,505360.0,9735460.0,33.048210735362574,-2.393361539416797,HerbaceousVegetation,0.9926622,0.00023737246,8,34.0,5.076770257377614,True
7,61,506000.0,9735460.0,33.0539672394523,-2.393361323813215,Forest,0.3360007,0.13616149,20,86.0,4.499867371928986,False
7,62,506640.0,9735460.0,33.05972374299267,-2.393361083916309,Highway,0.58575785,0.15289915,23,99.0,3.9424886155457943,False
7,63,507280.0,9735460.0,33.06548024592506,-2.3933608197260927,Residential,0.88965183,0.88965183,85,366.0,3.4142095135573194,False
7,64,507920.0,9735460.0,33.0712367481909,-2.3933605312425774,HerbaceousVegetation,0.9648775,0.01785164,322,1385.0,2.930808202735625,False
7,65,508560.0,9735460.0,33.076993249731565,-2.3933602184657787,HerbaceousVegetation,0.3861547,0.33361945,349,1501.0,2.5182626630237634,False
7,66,509200.0,9735460.0,33.08274975048848,-2.3933598813957127,HerbaceousVegetation,0.9372524,0.0019021607,291,1251.0,2.2164965505808145,False
7,67,509840.0,9735460.0,33.08850625040304,-2.393359520032395,HerbaceousVegetation,0.94210577,0.015639435,96,413.0,2.074431748092418,False
7,68,510480.0,9735460.0,33.09426274941662,-2.3933591343758467,HerbaceousVegetation,0.9976336,7.006029e-06,23,99.0,2.124353359554591,False
7,69,511120.0,9735460.0,33.10001924747066,-2.393358724426084,HerbaceousVegetation,0.6916743,0.105706885,45,194.0,2.354078867626994,False
7,70,511760.0,9735460.0,33.105775744506545,-2.3933582901831296,HerbaceousVegetation,0.891675,0.0593637,65,280.0,2.7183997928496657,False
7,71,512400.0,9735460.0,33.11153224046567,-2.393357831647005,SeaLake,0.8710904,0.010442095,1,4.0,3.171262769390487,False
7,72,513040.0,9735460.0,33.11728873528944,-2.393357348817732,SeaLake,0.98528546,0.00059120986,0,0.0,3.6801246814855784,False
7,73,513680.0,9735460.0,33.123045228919274,-2.3933568416953377,SeaLake,0.9536543,0.00072702114,1,4.0,4.224799141975444,False
7,74,514320.0,9735460.0,33.12880172129655,-2.393356310279846,SeaLake,0.99993527,3.161007e-07,0,0.0,4.793092729000094,False
7,75,514960.0,9735460.0,33.13455821236267,-2.393355754571283,SeaLake,0.999596,6.3817984e-06,0,0.0,5.377522480431921,False
7,76,515600.0,9735460.0,33.14031470205906,-2.39335517456968,SeaLake,0.99890625,1.701722e-05,0,0.0,5.973354011466907,False
7,77,516240.0,9735460.0,33.14607119032709,-2.3933545702750623,SeaLake,0.9992477,1.1191667e-05,0,0.0,6.577489510828953,False
7,78,516880.0,9735460.0,33.151827677108194,-2.393353941687461,SeaLake,0.9999205,1.5459829e-06,0,0.0,7.18783544495991,False
7,79,517520.0,9735460.0,33.157584162343746,-2.393353288806911,SeaLake,0.9992425,1.2134966e-05,0,0.0,7.802934608375181,False
7,80,518160.0,9735460.0,33.16334064597517,-2.3933526116334427,SeaLake,0.99950063,8.402888e-06,0,0.0,8.181073714000863,False
7,81,518800.0,9735460.0,33.16909712794385,-2.393351910167091,SeaLake,0.99940526,9.983796e-06,0,0.0,8.450497245705286,False
7,82,519440.0,9735460.0,33.17485360819119,-2.3933511844078907,SeaLake,0.9996444,6.0348902e-06,0,0.0,8.758483903360753,False
7,83,520080.0,9735460.0,33.18061008665862,-2.3933504343558787,SeaLake,0.9996814,5.2458436e-06,0,0.0,9.101119539440528,False
7,84,520720.0,9735460.0,33.18636656328751,-2.393349660011094,SeaLake,0.999685,5.091068e-06,0,0.0,9.474645822242799,False
7,85,521360.0,9735460.0,33.19212303801927,-2.393348861373574,SeaLake,0.99984014,2.587318e-06,0,0.0,9.875558214232736,False
8,0,466960.0,9734820.0,32.702820452508746,-2.3991201198418284,SeaLake,0.99984634,2.7010267e-06,0,0.0,6.413178550952965,False
8,1,467600.0,9734820.0,32.70857690650486,-2.399121364821457,SeaLake,0.99993825,8.8404266e-07,0,0.0,5.949984577253452,False
8,2,468240.0,9734820.0,32.71433336346755,-2.3991225854504474,SeaLake,0.99992454,1.1884671e-06,0,0.0,5.522225440228303,False
8,3,468880.0,9734820.0,32.72008982333821,-2.3991237817287354,SeaLake,0.99986124,2.2034894e-06,0,0.0,5.13875774442184,False
8,4,469520.0,9734820.0,32.72584628605826,-2.399124953656263,SeaLake,0.999943,9.283836e-07,0,0.0,4.810185911064788,False
8,5,470160.0,9734820.0,32.73160275156909,-2.399126101232969,SeaLake,0.9999194,1.4161618e-06,0,0.0,4.548422346501798,False
8,6,470800.0,9734820.0,32.737359219812106,-2.3991272244587964,SeaLake,0.999956,1.0966093e-06,0,0.0,4.36550148153768,False
8,7,471440.0,9734820.0,32.743115690728715,-2.3991283233336884,SeaLake,0.9999825,2.2764482e-07,0,0.0,4.271564178197306,False
8,8,472080.0,9734820.0,32.748872164260305,-2.39912939785759,SeaLake,0.9999188,8.0745696e-07,0,0.0,4.272483805891975,False
8,9,472720.0,9734820.0,32.754628640348294,-2.399130448030445,SeaLake,0.99986875,1.3107137e-06,0,0.0,4.3682004549654,False
8,10,473360.0,9734820.0,32.76038511893408,-2.399131473852203,SeaLake,0.9375655,0.00016640431,0,0.0,4.552739017109444,False
8,11,474000.0,9734820.0,32.76614159995907,-2.39913247532281,SeaLake,0.9994935,4.6253027e-07,0,0.0,4.815899697985977,False
8,12,474640.0,9734820.0,32.771898083364654,-2.399133452442217,SeaLake,0.99997497,3.8753583e-07,0,0.0,5.145633803936322,False
8,13,475280.0,9734820.0,32.77765456909225,-2.399134405210374,SeaLake,0.999918,1.4463267e-06,0,0.0,5.530045622539015,False
8,14,475920.0,9734820.0,32.78341105708324,-2.399135333627232,SeaLake,0.9998926,7.172133e-07,0,0.0,5.958562069032569,False
8,15,476560.0,9734820.0,32.78916754727905,-2.399136237692745,SeaLake,0.99936515,2.237736e-06,0,0.0,6.4223608800552805,False
8,16,477200.0,9734820.0,32.794924039621066,-2.3991371174068683,SeaLake,0.99996734,4.2745006e-07,0,0.0,6.9143457114043105,False
8,17,477840.0,9734820.0,32.80068053405069,-2.3991379727695565,SeaLake,0.9995324,2.5505624e-06,0,0.0,7.428918761163426,False
8,18,478480.0,9734820.0,32.80643703050933,-2.399138803780766,SeaLake,0.9999833,5.186642e-07,0,0.0,7.961701533159648,False
8,19,479120.0,9734820.0,32.81219352893838,-2.3991396104404554,SeaLake,0.99996865,9.763413e-07,0,0.0,8.50927427259619,False
8,20,479760.0,9734820.0,32.81795002927925,-2.3991403927485835,SeaLake,0.99567705,3.8314915e-06,0,0.0,9.06895837400405,False
8,21,480400.0,9734820.0,32.823706531473334,-2.399141150705112,SeaLake,0.99996674,5.2835077e-07,0,0.0,9.63864426839008,False
8,22,481040.0,9734820.0,32.82946303546204,-2.399141884310001,SeaLake,0.999948,5.9876004e-07,0,0.0,10.216658978145434,False
8,23,481680.0,9734820.0,32.83521954118676,-2.399142593563214,SeaLake,0.9999194,8.887785e-07,0,0.0,10.801665520597759,False
8,24,482320.0,9734820.0,32.84097604858891,-2.399143278464716,SeaLake,0.9993961,4.489288e-06,0,0.0,10.353893291918364,False
8,25,482960.0,9734820.0,32.84673255760987,-2.3991439390144707,SeaLake,0.99526155,6.292871e-05,0,0.0,9.868016191707722,False
8,26,483600.0,9734820.0,32.852489068191055,-2.3991445752124467,SeaLake,0.9998741,2.5581082e-06,0,0.0,9.400615980837609,False
8,27,484240.0,9734820.0,32.85824558027386,-2.399145187058611,SeaLake,0.999977,5.471661e-07,0,0.0,8.954586426996677,False
8,28,484880.0,9734820.0,32.86400209379969,-2.3991457745529323,SeaLake,0.9999753,5.440152e-07,0,0.0,8.53327928395214,False
8,29,485520.0,9734820.0,32.86975860870995,-2.399146337695382,SeaLake,0.9999763,5.60679e-07,0,0.0,8.140533925812266,False
8,30,486160.0,9734820.0,32.875515124946034,-2.3991468764859305,SeaLake,0.99998176,4.8701156e-07,0,0.0,7.78067669657814,False
8,31,486800.0,9734820.0,32.88127164244934,-2.399147390924551,SeaLake,0.99998164,5.20743e-07,0,0.0,7.458469488846072,False
8,32,487440.0,9734820.0,32.88702816116127,-2.399147881011218,SeaLake,0.99998057,4.1245298e-07,0,0.0,7.178983519651055,False
8,33,488080.0,9734820.0,32.89278468102323,-2.3991483467459065,SeaLake,0.99995315,1.0013758e-06,0,0.0,6.947376600904481,False
8,34,488720.0,9734820.0,32.89854120197661,-2.3991487881285924,SeaLake,0.9999647,7.196007e-07,0,0.0,6.768565497516351,False
8,35,489360.0,9734820.0,32.90429772396283,-2.399149205159253,SeaLake,0.9998127,3.3341328e-06,0,0.0,6.646812480696476,False
8,36,490000.0,9734820.0,32.910054246923266,-2.3991495978378694,SeaLake,0.9999777,3.309494e-07,0,0.0,6.261627195350418,False
8,37,490640.0,9734820.0,32.915810770799325,-2.39914996616442,SeaLake,0.9997093,1.041032e-06,0,0.0,5.621981727018199,False
8,38,491280.0,9734820.0,32.92156729553242,-2.3991503101388862,SeaLake,0.99995434,7.1222036e-07,0,0.0,4.982427314502552,False
8,39,491920.0,9734820.0,32.927323821063936,-2.399150629761252,SeaLake,0.99989164,2.1621972e-06,0,0.0,4.343004184855882,False
8,40,492560.0,9734820.0,32.933080347335284,-2.3991509250315,SeaLake,0.99995995,1.0515339e-06,0,0.0,3.7037803329909154,False
8,41,493200.0,9734820.0,32.93883687428786,-2.3991511959496155,SeaLake,0.99983585,8.0239124e-07,0,0.0,3.0648804479824134,False
8,42,493840.0,9734820.0,32.94459340186306,-2.399151442515585,SeaLake,0.9999651,9.790469e-08,0,0.0,2.426560439346085,False
8,43,494480.0,9734820.0,32.95034993000228,-2.399151664729396,SeaLake,0.999987,6.5195515e-08,0,0.0,1.7894409661047928,False
8,44,495120.0,9734820.0,32.956106458646936,-2.3991518625910366,SeaLake,0.9370982,0.005069261,15,64.0,1.1555095744080361,False
8,45,495760.0,9734820.0,32.961862987738414,-2.399152036100498,Highway,0.7155734,0.0039694384,428,1840.0,0.5361956563822828,False
8,46,496400.0,9734820.0,32.967619517218125,-2.399152185257772,HerbaceousVegetation,0.6400439,0.2864988,483,2077.0,0.2429180670469238,False
8,47,497040.0,9734820.0,32.97337604702745,-2.3991523100628487,HerbaceousVegetation,0.98618245,0.011377003,86,370.0,0.8060475126643593,False
8,48,497680.0,9734820.0,32.97913257710781,-2.3991524105157227,HerbaceousVegetation,0.99210125,9.0698784e-05,0,0.0,1.43513622978691,False
8,49,498320.0,9734820.0,32.9848891074006,-2.39915248661639,HerbaceousVegetation,0.9695668,0.00050190423,15,64.0,2.070922355720169,False
8,50,498960.0,9734820.0,32.99064563784721,-2.3991525383648464,Forest,0.91107506,0.0002062272,19,82.0,2.7086939304388307,False
8,51,499600.0,9734820.0,32.99640216838904,-2.3991525657610886,HerbaceousVegetation,0.9866055,0.0013355303,12,52.0,3.347316270412873,False
8,52,500240.0,9734820.0,33.002158698967506,-2.3991525688051154,HerbaceousVegetation,0.995701,0.0005598444,22,95.0,3.9863805161506263,False
8,53,500880.0,9734820.0,33.007915229523995,-2.3991525474969264,HerbaceousVegetation,0.9960025,0.0028531023,14,60.0,3.785800701200235,False
8,54,501520.0,9734820.0,33.013671759999895,-2.3991525018365247,HerbaceousVegetation,0.9932353,0.0014517799,34,146.0,3.6196124162671617,False
8,55,502160.0,9734820.0,33.019428290336634,-2.399152431823909,HerbaceousVegetation,0.9784767,0.013658747,75,322.0,3.5623168217864354,False
8,56,502800.0,9734820.0,33.025184820475594,-2.399152337459086,HerbaceousVegetation,0.9017203,0.0012599641,44,189.0,3.619089420499281,False
8,57,503440.0,9734820.0,33.03094135035818,-2.399152218742059,HerbaceousVegetation,0.7936037,0.011482115,3,13.0,3.784800566523556,False
8,58,504080.0,9734820.0,33.03669787992578,-2.399152075672834,HerbaceousVegetation,0.9921612,0.00038918466,22,95.0,4.046087298013259,False
8,59,504720.0,9734820.0,33.04245440911981,-2.399151908251419,HerbaceousVegetation,0.9325053,0.00044269965,1,4.0,4.385901220722082,False
8,60,505360.0,9734820.0,33.04821093788166,-2.399151716477822,HerbaceousVegetation,0.9218068,0.0030879602,22,95.0,4.787550168167292,False
8,61,506000.0,9734820.0,33.05396746615274,-2.3991515003520525,HerbaceousVegetation,0.7962154,0.0014969992,3,13.0,4.243898662779308,False
8,62,506640.0,9734820.0,33.05972399387444,-2.399151259874122,HerbaceousVegetation,0.8988596,0.0036901296,0,0.0,3.6476137375957327,False
8,63,507280.0,9734820.0,33.06548052098817,-2.399150995044041,HerbaceousVegetation,0.6775301,0.20096895,99,426.0,3.0689894260903254,False
8,64,507920.0,9734820.0,33.07123704743531,-2.399150705861825,HerbaceousVegetation,0.99792814,0.0010519143,92,396.0,2.520219477785881,False
8,65,508560.0,9734820.0,33.07699357315728,-2.399150392327488,HerbaceousVegetation,0.99173975,0.0029296807,5,22.0,2.0257137840693225,False
8,66,509200.0,9734820.0,33.082750098095474,-2.3991500544410447,HerbaceousVegetation,0.4377552,0.25921136,124,533.0,1.6354590957054131,False
8,67,509840.0,9734820.0,33.08850662219129,-2.399149692202514,HerbaceousVegetation,0.9959987,5.561603e-05,0,0.0,1.437058305178562,False
8,68,510480.0,9734820.0,33.09426314538613,-2.399149305611912,HerbaceousVegetation,0.92745656,0.00024071535,0,0.0,1.508226339525933,False
8,69,511120.0,9734820.0,33.10001966762139,-2.3991488946692603,HerbaceousVegetation,0.34123275,0.26072732,13,56.0,1.817568928540788,False
8,70,511760.0,9734820.0,33.10577618883848,-2.399148459374578,HerbaceousVegetation,0.97421163,0.0038266752,68,292.0,2.269706352979174,False
8,71,512400.0,9734820.0,33.111532708978785,-2.3991479997278886,HerbaceousVegetation,0.9941825,0.00022383743,21,90.0,2.7962076188135843,False
8,72,513040.0,9734820.0,33.11728922798371,-2.399147515729214,HerbaceousVegetation,0.8735937,0.020877047,7,30.0,3.362318718721985,False
8,73,513680.0,9734820.0,33.12304574579467,-2.39914700737858,HerbaceousVegetation,0.91993123,0.0117205065,29,125.0,3.9510501496469725,False
8,74,514320.0,9734820.0,33.128802262353055,-2.399146474676011,HerbaceousVegetation,0.96903145,0.00067319366,12,52.0,4.553636722860364,False
8,75,514960.0,9734820.0,33.13455877760026,-2.3991459176215337,SeaLake,0.99795,0.0002926915,0,0.0,5.165231603959264,False
8,76,515600.0,9734820.0,33.14031529147769,-2.3991453362151773,SeaLake,0.9999285,7.403917e-06,0,0.0,5.78297740280011,False
8,77,516240.0,9734820.0,33.14607180392675,-2.399144730456971,SeaLake,0.999284,1.1202603e-05,0,0.0,6.405094672216315,False
8,78,516880.0,9734820.0,33.15182831488883,-2.3991441003469456,SeaLake,0.99990654,1.5813871e-06,0,0.0,7.030423022749836,False
8,79,517520.0,9734820.0,33.157584824305346,-2.3991434458851324,SeaLake,0.9993979,9.604668e-06,0,0.0,7.3505043956957055,False
8,80,518160.0,9734820.0,33.16334133211769,-2.399142767071563,SeaLake,0.9996444,6.3538805e-06,0,0.0,7.595502054301522,False
8,81,518800.0,9734820.0,33.16909783826726,-2.399142063906276,SeaLake,0.9993461,9.85111e-06,0,0.0,7.884959609449842,False
8,82,519440.0,9734820.0,33.17485434269546,-2.399141336389302,SeaLake,0.9996919,5.0660874e-06,0,0.0,8.214178268604362,False
8,83,520080.0,9734820.0,33.1806108453437,-2.3991405845206795,SeaLake,0.999802,3.231727e-06,0,0.0,8.578581538586022,False
8,84,520720.0,9734820.0,33.18636734615336,-2.399139808300448,SeaLake,0.9998081,3.4026405e-06,0,0.0,8.973884209188666,False
8,85,521360.0,9734820.0,33.19212384506586,-2.3991390077286447,SeaLake,0.9998263,3.04088e-06,0,0.0,9.396187225980677,False
9,0,466960.0,9734180.0,32.70281920114692,-2.4049102200692305,SeaLake,0.9999031,3.8360586e-06,0,0.0,6.007132124661997,False
9,1,467600.0,9734180.0,32.70857567938143,-2.404911468056913,SeaLake,0.9999821,2.5236744e-07,0,0.0,5.509908684025254,False
9,2,468240.0,9734180.0,32.71433216058258,-2.4049126916351216,SeaLake,0.99991214,2.7585925e-06,0,0.0,5.044972849227998,False
9,3,468880.0,9734180.0,32.720088644691764,-2.404913890803793,SeaLake,0.99993014,1.2304781e-06,0,0.0,4.622078362879454,False
9,4,469520.0,9734180.0,32.725845131650395,-2.404915065562869,SeaLake,0.99990964,1.7480656e-06,0,0.0,4.253782520974616,False
9,5,470160.0,9734180.0,32.73160162139986,-2.404916215912289,SeaLake,0.9999678,5.572238e-07,0,0.0,3.9553663646873347,False
9,6,470800.0,9734180.0,32.73735811388157,-2.4049173418519945,SeaLake,0.99992645,1.1211508e-06,0,0.0,3.743578558284927,False
9,7,471440.0,9734180.0,32.74311460903692,-2.4049184433819293,SeaLake,0.9999696,5.4211705e-07,0,0.0,3.63359845954412,False
9,8,472080.0,9734180.0,32.74887110680733,-2.404919520502037,SeaLake,0.99994516,7.074623e-07,0,0.0,3.6346795055894754,False
9,9,472720.0,9734180.0,32.754627607134175,-2.404920573212265,SeaLake,0.999668,2.9452651e-06,0,0.0,3.7467255639428543,False
9,10,473360.0,9734180.0,32.76038410995887,-2.404921601512558,SeaLake,0.9999751,6.210549e-07,0,0.0,3.9603295058181276,False
9,11,474000.0,9734180.0,32.766140615222824,-2.4049226054028647,SeaLake,0.9999732,4.918992e-07,0,0.0,4.260242614899345,False
9,12,474640.0,9734180.0,32.77189712286742,-2.4049235848831354,SeaLake,0.9999206,1.1764841e-06,0,0.0,4.629721857839319,False
9,13,475280.0,9734180.0,32.777653632834074,-2.40492453995332,SeaLake,0.9999653,5.098441e-07,0,0.0,5.053531618987448,False
9,14,475920.0,9734180.0,32.783410145064174,-2.4049254706133696,SeaLake,0.9999579,4.7616066e-07,0,0.0,5.519170152047919,False
9,15,476560.0,9734180.0,32.78916665949914,-2.4049263768632376,SeaLake,0.9995159,2.0115776e-06,0,0.0,6.016934145427172,False
9,16,477200.0,9734180.0,32.79492317608035,-2.4049272587028785,SeaLake,0.9999583,6.9816514e-07,0,0.0,6.53949186508846,False
9,17,477840.0,9734180.0,32.80067969474921,-2.4049281161322487,SeaLake,0.99995506,4.444498e-07,0,0.0,7.08135659296359,False
9,18,478480.0,9734180.0,32.80643621544714,-2.4049289491513024,SeaLake,0.9999565,8.535186e-07,0,0.0,7.638420552696719,False
9,19,479120.0,9734180.0,32.81219273811552,-2.4049297577600006,SeaLake,0.99997985,3.6252283e-07,0,0.0,8.207589529393536,False
9,20,479760.0,9734180.0,32.817949262695755,-2.4049305419583,SeaLake,0.9999777,6.352317e-07,0,0.0,8.786511436637475,False
9,21,480400.0,9734180.0,32.82370578912924,-2.4049313017461613,SeaLake,0.9999373,8.133641e-07,0,0.0,9.373379356950828,False
9,22,481040.0,9734180.0,32.82946231735739,-2.4049320371235474,SeaLake,0.9999018,3.0471103e-06,0,0.0,9.966789749586505,False
9,23,481680.0,9734180.0,32.83521884732159,-2.404932748090421,SeaLake,0.99993896,7.8069615e-07,0,0.0,10.480354044420373,False
9,24,482320.0,9734180.0,32.84097537896325,-2.4049334346467446,SeaLake,0.99992657,1.9350648e-06,0,0.0,9.959581223915599,False
9,25,482960.0,9734180.0,32.84673191222376,-2.404934096792485,SeaLake,0.9999747,9.0471997e-07,0,0.0,9.45345944166186,False
9,26,483600.0,9734180.0,32.85248844704453,-2.404934734527609,SeaLake,0.99996185,7.693552e-07,0,0.0,8.964470574134284,False
9,27,484240.0,9734180.0,32.858244983366944,-2.4049353478520827,SeaLake,0.9999782,3.6108133e-07,0,0.0,8.495573549436973,False
9,28,484880.0,9734180.0,32.86400152113242,-2.4049359367658765,SeaLake,0.9999629,7.2587227e-07,0,0.0,8.050279945024695,False
9,29,485520.0,9734180.0,32.86975806028235,-2.4049365012689607,SeaLake,0.9999778,6.217048e-07,0,0.0,7.63272195567482,False
9,30,486160.0,9734180.0,32.87551460075813,-2.404937041361306,SeaLake,0.99993074,9.299895e-07,0,0.0,7.247694924044065,False
9,31,486800.0,9734180.0,32.88127114250116,-2.4049375570428864,SeaLake,0.99998915,2.4485345e-07,0,0.0,6.900646272008716,False
9,32,487440.0,9734180.0,32.88702768545284,-2.404938048313674,SeaLake,0.9999864,2.5308267e-07,0,0.0,6.597571995117707,False
9,33,488080.0,9734180.0,32.89278422955457,-2.404938515173645,SeaLake,0.99997365,3.533651e-07,0,0.0,6.344776866851593,False
9,34,488720.0,9734180.0,32.89854077474776,-2.4049389576227767,SeaLake,0.9999635,5.014168e-07,0,0.0,6.148465723211668,False
9,35,489360.0,9734180.0,32.90429732097379,-2.404939375661045,SeaLake,0.9998901,1.6423054e-06,0,0.0,6.014172262987022,False
9,36,490000.0,9734180.0,32.91005386817407,-2.4049397692884305,SeaLake,0.99997663,4.0783047e-07,0,0.0,5.946100004898682,False
9,37,490640.0,9734180.0,32.915810416289986,-2.404940138504912,SeaLake,0.99986434,2.2785696e-06,0,0.0,5.680583406629835,False
9,38,491280.0,9734180.0,32.921566965262954,-2.404940483310471,SeaLake,0.9999571,9.2387717e-07,0,0.0,5.048458303784711,False
9,39,491920.0,9734180.0,32.92732351503437,-2.4049408037050912,SeaLake,0.99992967,1.5170651e-06,0,0.0,4.418600983391394,False
9,40,492560.0,9734180.0,32.93308006554562,-2.4049410996887555,SeaLake,0.9999379,1.5062395e-06,0,0.0,3.7921416186374133,False
9,41,493200.0,9734180.0,32.938836616738115,-2.4049413712614487,SeaLake,0.9999734,4.2594053e-07,0,0.0,3.1710946786837773,False
9,42,493840.0,9734180.0,32.944593168553254,-2.404941618423158,SeaLake,0.9993055,1.4908808e-05,0,0.0,2.5594032246895275,False
9,43,494480.0,9734180.0,32.95034972093242,-2.40494184117387,Highway,0.7373902,0.0038382253,228,980.0,1.9658199998793737,False
9,44,495120.0,9734180.0,32.95610627381704,-2.404942039513574,HerbaceousVegetation,0.744055,0.0030953882,114,490.0,1.4133476845066562,False
9,45,495760.0,9734180.0,32.96186282714849,-2.40494221344226,HerbaceousVegetation,0.8482579,0.10806114,322,1385.0,0.9746050906264103,False
9,46,496400.0,9734180.0,32.967619380868165,-2.4049423629599183,Residential,0.9649799,0.9649799,508,2184.0,0.8493282569475126,False
9,47,497040.0,9734180.0,32.97337593491748,-2.4049424880665424,HerbaceousVegetation,0.9950835,0.00083114306,164,705.0,1.145452702395034,False
9,48,497680.0,9734180.0,32.97913248923783,-2.4049425887621263,HerbaceousVegetation,0.9972549,7.3343996e-05,0,0.0,1.6498379613764114,False
9,49,498320.0,9734180.0,32.98488904377061,-2.404942665046664,HerbaceousVegetation,0.9910257,7.807917e-05,0,0.0,2.2250997065689573,False
9,50,498960.0,9734180.0,32.99064559845721,-2.404942716920152,HerbaceousVegetation,0.9852047,1.3563659e-05,2,9.0,2.82831612616904,False
9,51,499600.0,9734180.0,32.99640215323904,-2.404942744382588,HerbaceousVegetation,0.93447083,0.0005181634,8,34.0,3.444833162131721,False
9,52,500240.0,9734180.0,33.00215870805751,-2.404942747433969,HerbaceousVegetation,0.9690457,0.00067994714,18,77.0,3.4974297298783936,False
9,53,500880.0,9734180.0,33.007915262853984,-2.404942726074297,HerbaceousVegetation,0.861172,0.0013698571,22,95.0,3.1909437178089592,False
9,54,501520.0,9734180.0,33.01367181756989,-2.4049426803035723,HerbaceousVegetation,0.98234373,0.0035893952,30,129.0,2.9918938659336956,False
9,55,502160.0,9734180.0,33.01942837214662,-2.4049426101217963,HerbaceousVegetation,0.9962357,0.0012777569,28,120.0,2.9223168890109923,False
9,56,502800.0,9734180.0,33.02518492652557,-2.404942515528974,HerbaceousVegetation,0.5412628,0.0914149,28,120.0,2.9912611210969353,False
9,57,503440.0,9734180.0,33.03094148064814,-2.404942396525109,HerbaceousVegetation,0.9719832,5.4991204e-05,3,13.0,3.189757073724158,False
9,58,504080.0,9734180.0,33.036698034455725,-2.404942253110208,HerbaceousVegetation,0.9655755,2.929916e-05,13,56.0,3.4958056702512104,False
9,59,504720.0,9734180.0,33.04245458788972,-2.4049420852842784,HerbaceousVegetation,0.9098387,0.0016406374,1,4.0,3.884065444730267,False
9,60,505360.0,9734180.0,33.04821114089154,-2.404941893047328,HerbaceousVegetation,0.9954323,1.2346595e-05,10,43.0,4.332490216230723,False
9,61,506000.0,9734180.0,33.05396769340256,-2.4049416763993667,HerbaceousVegetation,0.993767,0.0002830514,3,13.0,4.07329662005223,False
9,62,506640.0,9734180.0,33.0597242453642,-2.404941435340406,Residential,0.38330105,0.38330105,26,112.0,3.4476304143115497,False
9,63,507280.0,9734180.0,33.06548079671785,-2.4049411698704573,HerbaceousVegetation,0.53769475,0.44635078,27,116.0,2.8283856866493906,False
9,64,507920.0,9734180.0,33.0712373474049,-2.404940879989536,HerbaceousVegetation,0.9496054,0.0048561683,16,69.0,2.220940276369506,False
9,65,508560.0,9734180.0,33.076993897366776,-2.404940565697653,HerbaceousVegetation,0.99878603,1.494455e-05,8,34.0,1.6384705764698286,False
9,66,509200.0,9734180.0,33.08275044654484,-2.4049402269948263,Residential,0.4864598,0.4864598,92,396.0,1.1206230181084476,False
9,67,509840.0,9734180.0,33.088506994880525,-2.404939863881074,HerbaceousVegetation,0.8614027,0.036220074,3,13.0,0.8038694343434135,False
9,68,510480.0,9734180.0,33.09426354231521,-2.4049394763564127,HerbaceousVegetation,0.9377169,0.00039159923,0,0.0,0.9251033381351046,False
9,69,511120.0,9734180.0,33.10002008879029,-2.404939064420863,HerbaceousVegetation,0.9235966,0.0038258308,0,0.0,1.3728169233316683,False
9,70,511760.0,9734180.0,33.10577663424718,-2.4049386280744454,HerbaceousVegetation,0.98312473,0.00015948573,0,0.0,1.932003215251709,False
9,71,512400.0,9734180.0,33.11153317862727,-2.404938167317181,HerbaceousVegetation,0.9965308,0.00010647613,5,22.0,2.5297917982514004,False
9,72,513040.0,9734180.0,33.11728972187196,-2.404937682149096,HerbaceousVegetation,0.8164892,0.07309308,69,297.0,3.144241826141426,False
9,73,513680.0,9734180.0,33.123046263922646,-2.404937172570212,HerbaceousVegetation,0.9293026,0.0025340228,18,77.0,3.767209415471123,False
9,74,514320.0,9734180.0,33.12880280472073,-2.404936638580556,Residential,0.36875027,0.36875027,23,99.0,4.395074163057024,False
9,75,514960.0,9734180.0,33.13455934420762,-2.404936080180153,HerbaceousVegetation,0.7286346,0.00211045,8,34.0,5.026001096053253,True
9,76,515600.0,9734180.0,33.14031588232469,-2.4049354973690336,SeaLake,0.9996782,2.0098267e-05,0,0.0,5.658966083683982,False
9,77,516240.0,9734180.0,33.14607241901337,-2.4049348901472265,SeaLake,0.9997249,4.6770997e-06,0,0.0,6.293354213378009,False
9,78,516880.0,9734180.0,33.15182895421505,-2.404934258514763,SeaLake,0.9998894,2.642172e-06,0,0.0,6.539744844286196,False
9,79,517520.0,9734180.0,33.15758548787112,-2.404933602471673,SeaLake,0.999546,6.6425264e-06,0,0.0,6.753576771913135,False
9,80,518160.0,9734180.0,33.16334201992298,-2.404932922017992,SeaLake,0.9996624,6.1312003e-06,0,0.0,7.019439849438231,False
9,81,518800.0,9734180.0,33.16909855031204,-2.4049322171537533,SeaLake,0.99934894,1.0069231e-05,0,0.0,7.331675960217975,False
9,82,519440.0,9734180.0,33.1748550789797,-2.404931487878992,SeaLake,0.9996669,5.718465e-06,0,0.0,7.684634602334384,False
9,83,520080.0,9734180.0,33.18061160586734,-2.4049307341937456,SeaLake,0.99981976,3.2168646e-06,0,0.0,8.072976251491868,False
9,84,520720.0,9734180.0,33.186368130916385,-2.4049299560980515,SeaLake,0.999894,1.7240817e-06,0,0.0,8.491847981617928,False
9,85,521360.0,9734180.0,33.192124654068216,-2.40492915359195,SeaLake,0.99954516,6.811506e-06,0,0.0,8.936958024331615,False
10,0,466960.0,9733540.0,32.70281794675986,-2.4107003198033152,SeaLake,0.9988593,3.352487e-06,0,0.0,5.644609251302443,False
10,1,467600.0,9733540.0,32.70857444929137,-2.410701570799075,SeaLake,0.99991775,1.1678186e-06,0,0.0,5.11224715199098,False
10,2,468240.0,9733540.0,32.714330954789574,-2.410702797326526,SeaLake,0.99992263,2.7843255e-06,0,0.0,4.607355888814173,False
10,3,468880.0,9733540.0,32.720087463195874,-2.410703999385605,SeaLake,0.99988496,1.5802931e-06,0,0.0,4.139998264412846,False
10,4,469520.0,9733540.0,32.725843974451685,-2.410705176976252,SeaLake,0.9995776,7.3056026e-06,0,0.0,3.724331211438119,False
10,5,470160.0,9733540.0,32.73160048849838,-2.4107063300984075,SeaLake,0.99990666,1.4209842e-06,0,0.0,3.3794822555597,False
10,6,470800.0,9733540.0,32.73735700527739,-2.410707458752013,SeaLake,0.999926,1.6530938e-06,0,0.0,3.128954723033497,False
10,7,471440.0,9733540.0,32.74311352473009,-2.410708562937012,SeaLake,0.99992585,1.3513817e-06,0,0.0,2.996500459193086,False
10,8,472080.0,9733540.0,32.7488700467979,-2.410709642653348,SeaLake,0.9999745,4.257769e-07,0,0.0,2.9978112590847217,False
10,9,472720.0,9733540.0,32.7546265714222,-2.410710697900968,SeaLake,0.99994624,1.007267e-06,0,0.0,3.1327192163112665,False
10,10,473360.0,9733540.0,32.76038309854441,-2.410711728679816,SeaLake,0.99205655,2.8197912e-05,0,0.0,3.385289800208636,False
10,11,474000.0,9733540.0,32.766139628105925,-2.4107127349898425,SeaLake,0.99972063,2.3812531e-06,0,0.0,3.7317079701588893,False
10,12,474640.0,9733540.0,32.771896160048136,-2.410713716830996,SeaLake,0.999961,6.971923e-07,0,0.0,4.148530067107882,False
10,13,475280.0,9733540.0,32.777652694312444,-2.4107146742032257,SeaLake,0.99992764,1.045304e-06,0,0.0,4.616726011022191,False
10,14,475920.0,9733540.0,32.783409230840256,-2.410715607106485,SeaLake,0.9999763,5.3651144e-07,0,0.0,5.122227679828341,False
10,15,476560.0,9733540.0,32.78916576957297,-2.410716515540726,SeaLake,0.99997985,3.9085185e-07,0,0.0,5.655039676885599,False
10,16,477200.0,9733540.0,32.79492231045198,-2.4107173995059026,SeaLake,0.9999571,5.3870264e-07,0,0.0,6.208134268063242,False
10,17,477840.0,9733540.0,32.80067885341869,-2.4107182590019702,SeaLake,0.9999416,8.571299e-07,0,0.0,6.7765469402529686,False
10,18,478480.0,9733540.0,32.8064353984145,-2.410719094028886,SeaLake,0.99995995,7.025672e-07,0,0.0,7.356727925960198,False
10,19,479120.0,9733540.0,32.8121919453808,-2.4107199045866072,SeaLake,0.99994254,1.0741718e-06,0,0.0,7.946099868473425,False
10,20,479760.0,9733540.0,32.817948494259,-2.410720690675093,SeaLake,0.99997437,6.3109275e-07,0,0.0,8.542760705000704,False
10,21,480400.0,9733540.0,32.8237050449905,-2.4107214522943035,SeaLake,0.99989796,7.524899e-07,0,0.0,9.145283910631473,False
10,22,481040.0,9733540.0,32.82946159751668,-2.4107221894442006,SeaLake,0.9999238,1.0756565e-06,0,0.0,9.75258299883706,False
10,23,481680.0,9733540.0,32.83521815177897,-2.410722902124747,SeaLake,0.9999685,6.19748e-07,0,0.0,10.131494102635529,False
10,24,482320.0,9733540.0,32.840974707718736,-2.410723590335907,SeaLake,0.9999814,5.7859523e-07,0,0.0,9.591799101894916,False
10,25,482960.0,9733540.0,32.8467312652774,-2.410724254077645,SeaLake,0.9999771,4.6833347e-07,0,0.0,9.065166698438908,False
10,26,483600.0,9733540.0,32.85248782439634,-2.410724893349929,SeaLake,0.99997294,5.7373575e-07,0,0.0,8.554009850933038,False
10,27,484240.0,9733540.0,32.85824438501698,-2.410725508152725,SeaLake,0.9999614,7.9963024e-07,0,0.0,8.061272963324907,False
10,28,484880.0,9733540.0,32.8640009470807,-2.410726098486004,SeaLake,0.99997985,4.5837493e-07,0,0.0,7.590544054849217,False
10,29,485520.0,9733540.0,32.86975751052889,-2.4107266643497325,SeaLake,0.9995509,6.802761e-06,0,0.0,7.146173543091468,False
10,30,486160.0,9733540.0,32.87551407530297,-2.410727205743885,SeaLake,0.9988751,6.7609017e-06,0,0.0,6.733382030403007,False
10,31,486800.0,9733540.0,32.88127064134433,-2.410727722668435,SeaLake,0.99818224,5.0580074e-06,0,0.0,6.35832295709551,False
10,32,487440.0,9733540.0,32.88702720859437,-2.4107282151233536,SeaLake,0.99904174,1.1100684e-05,0,0.0,6.028043470820483,False
10,33,488080.0,9733540.0,32.89278377699447,-2.410728683108617,SeaLake,0.99996006,5.8348286e-07,0,0.0,5.7502648065524005,False
10,34,488720.0,9733540.0,32.89854034648605,-2.4107291266242026,SeaLake,0.9950664,8.90421e-06,0,0.0,5.532900017608196,False
10,35,489360.0,9733540.0,32.9042969170105,-2.410729545670086,SeaLake,0.9999825,5.456548e-07,0,0.0,5.383272226464351,False
10,36,490000.0,9733540.0,32.91005348850922,-2.4107299402462488,SeaLake,0.99995434,8.9510166e-07,0,0.0,5.307113822370509,False
10,37,490640.0,9733540.0,32.9158100609236,-2.410730310352668,SeaLake,0.9998611,2.0009552e-06,0,0.0,5.307588377311279,False
10,38,491280.0,9733540.0,32.92156663419505,-2.410730655989327,SeaLake,0.99995697,8.014766e-07,0,0.0,5.193118576135586,False
10,39,491920.0,9733540.0,32.92732320826495,-2.410730977156207,SeaLake,0.9999535,3.866056e-06,0,0.0,4.583184913483099,False
10,40,492560.0,9733540.0,32.93307978307472,-2.4107312738532927,HerbaceousVegetation,0.7484299,0.0020910583,2,9.0,3.982698501839383,False
10,41,493200.0,9733540.0,32.93883635856574,-2.41073154608057,SeaLake,0.5302019,0.002430288,33,142.0,3.3966734847388924,False
10,42,493840.0,9733540.0,32.944592934679406,-2.410731793838023,River,0.6812605,0.05205633,126,542.0,2.834094946769222,False
10,43,494480.0,9733540.0,32.95034951135713,-2.410732017125641,Residential,0.8052484,0.8052484,296,1273.0,2.312141339251869,False
10,44,495120.0,9733540.0,32.9561060885403,-2.410732215943411,HerbaceousVegetation,0.953096,0.0308607,25,108.0,1.8652348318782848,False
10,45,495760.0,9733540.0,32.96186266617031,-2.4107323902913245,HerbaceousVegetation,0.97597176,0.0015739461,30,129.0,1.559296117941233,False
10,46,496400.0,9733540.0,32.967619244188576,-2.4107325401693727,HerbaceousVegetation,0.9866355,0.011581288,122,525.0,1.4842195891448091,False
10,47,497040.0,9733540.0,32.973375822536475,-2.4107326655775467,HerbaceousVegetation,0.9845281,0.0070020463,117,503.0,1.6714099419878334,False
10,48,497680.0,9733540.0,32.97913240115541,-2.410732766515841,HerbaceousVegetation,0.97311056,0.00026207964,4,17.0,2.0502474483706496,False
10,49,498320.0,9733540.0,32.984888979986785,-2.4107328429842503,HerbaceousVegetation,0.9824118,0.00011726148,7,30.0,2.536260634265522,False
10,50,498960.0,9733540.0,32.990645558971984,-2.410732894982771,HerbaceousVegetation,0.9962638,3.1402e-05,0,0.0,3.0791104901090396,False
10,51,499600.0,9733540.0,32.99640213805242,-2.4107329225114005,HerbaceousVegetation,0.8890812,5.733741e-05,0,0.0,3.430764125040705,False
10,52,500240.0,9733540.0,33.00215871716948,-2.4107329255701373,HerbaceousVegetation,0.9993956,4.4315543e-06,5,22.0,2.9834626822625965,False
10,53,500880.0,9733540.0,33.007915296264564,-2.4107329041589804,HerbaceousVegetation,0.91766644,0.002217132,2,9.0,2.6174714270151522,False
10,54,501520.0,9733540.0,33.013671875279066,-2.4107328582779326,HerbaceousVegetation,0.6226483,0.34081453,26,112.0,2.3707517301539496,False
10,55,502160.0,9733540.0,33.01942845415439,-2.410732787926994,HerbaceousVegetation,0.95510817,0.00011363409,1,4.0,2.282316993937336,False
10,56,502800.0,9733540.0,33.02518503283193,-2.4107326931061714,HerbaceousVegetation,0.99903494,6.237427e-06,13,56.0,2.369953154727402,False
10,57,503440.0,9733540.0,33.030941611253084,-2.4107325738154666,HerbaceousVegetation,0.9887539,3.7101294e-05,0,0.0,2.616024665478056,False
10,58,504080.0,9733540.0,33.03669818935924,-2.410732430054887,HerbaceousVegetation,0.9579794,0.0007742746,0,0.0,2.9815586771312734,False
10,59,504720.0,9733540.0,33.04245476709182,-2.41073226182444,Residential,0.790517,0.790517,36,155.0,3.4285564367476873,False
10,60,505360.0,9733540.0,33.04821134439219,-2.410732069124132,HerbaceousVegetation,0.9982156,3.1794472e-05,4,17.0,3.929313723126623,False
10,61,506000.0,9733540.0,33.05396792120177,-2.4107318519539755,HerbaceousVegetation,0.99441713,0.0001076089,11,47.0,3.9990017316722724,False
10,62,506640.0,9733540.0,33.05972449746194,-2.410731610313979,HerbaceousVegetation,0.9639363,0.0018535996,0,0.0,3.35952749187664,False
10,63,507280.0,9733540.0,33.06548107311412,-2.4107313442041574,HerbaceousVegetation,0.9604766,0.0003717061,10,43.0,2.72030055093772,False
10,64,507920.0,9733540.0,33.0712376480997,-2.410731053624523,HerbaceousVegetation,0.9029153,0.0027833306,43,185.0,2.081548751816584,False
10,65,508560.0,9733540.0,33.07699422236006,-2.410730738575089,HerbaceousVegetation,0.6582315,0.2916512,130,559.0,1.443902810076319,False
10,66,509200.0,9733540.0,33.08275079583662,-2.410730399055873,Highway,0.43535757,0.0005572746,114,490.0,0.8099786686718385,False
10,67,509840.0,9733540.0,33.08850736847076,-2.410730035066892,HerbaceousVegetation,0.3727791,0.09810108,129,555.0,0.21558191589397752,False
10,68,510480.0,9733540.0,33.09426394020389,-2.410729646608164,HerbaceousVegetation,0.98939204,0.0017547254,32,138.0,0.5060490897310574,False
10,69,511120.0,9733540.0,33.100020510977394,-2.4107292336797093,HerbaceousVegetation,0.8774636,0.0011806915,0,0.0,1.1335324432828315,False
10,70,511760.0,9733540.0,33.105777080732686,-2.410728796281547,HerbaceousVegetation,0.52808607,0.0016797862,0,0.0,1.7700016719573628,False
10,71,512400.0,9733540.0,33.11153364941116,-2.4107283344137,Pasture,0.7215018,0.000756515,7,30.0,2.4083430066103486,False
10,72,513040.0,9733540.0,33.1172902169542,-2.410727848076193,HerbaceousVegetation,0.7984117,0.04552053,32,138.0,3.047380211960117,False
10,73,513680.0,9733540.0,33.123046783303224,-2.410727337269049,PermanentCrop,0.70329154,0.03144428,99,426.0,3.686751452838013,False
10,74,514320.0,9733540.0,33.128803348399614,-2.4107268019922947,HerbaceousVegetation,0.87789726,0.008866976,57,245.0,4.32630863366916,False
10,75,514960.0,9733540.0,33.13455991218478,-2.410726242245957,AnnualCrop,0.41468665,0.005135662,2,9.0,4.965979914630891,False
10,76,515600.0,9733540.0,33.140316474600105,-2.410725658030064,SeaLake,0.9994097,9.027798e-06,0,0.0,5.605726235847996,False
10,77,516240.0,9733540.0,33.14607303558701,-2.410725049344644,SeaLake,0.9994966,7.4368586e-06,0,0.0,5.757170345368799,False
10,78,516880.0,9733540.0,33.151829595086866,-2.410724416189729,SeaLake,0.99960005,5.9352997e-06,0,0.0,5.9302906312718475,False
10,79,517520.0,9733540.0,33.1575861530411,-2.410723758565351,SeaLake,0.9993457,1.0618218e-05,0,0.0,6.165296712819864,False
10,80,518160.0,9733540.0,33.16334270939108,-2.410723076471544,SeaLake,0.99957794,6.576841e-06,0,0.0,6.455433381490678,False
10,81,518800.0,9733540.0,33.16909926407823,-2.41072236990834,SeaLake,0.99944097,8.752393e-06,0,0.0,6.7936409037143655,False
10,82,519440.0,9733540.0,33.174855817043934,-2.410721638875778,SeaLake,0.9994732,8.688456e-06,0,0.0,7.173122981963833,False
10,83,520080.0,9733540.0,33.1806123682296,-2.410720883373892,SeaLake,0.99980307,3.0943502e-06,0,0.0,7.587689365026383,False
10,84,520720.0,9733540.0,33.186368917576615,-2.410720103402721,SeaLake,0.99968463,4.502595e-06,0,0.0,8.03190926778255,False
10,85,521360.0,9733540.0,33.192125465026386,-2.4107192989623054,SeaLake,0.99946636,8.539497e-06,0,0.0,8.501135398971599,False
11,0,466960.0,9732900.0,32.7028166893475,-2.416490419042897,SeaLake,0.9998747,3.1165741e-06,0,0.0,5.334490682026926,False
11,1,467600.0,9732900.0,32.708573216234605,-2.4164916730467585,SeaLake,0.99906546,4.5320558e-06,0,0.0,4.767625004106641,False
11,2,468240.0,9732900.0,32.71432974608847,-2.416492902523476,SeaLake,0.9997255,3.6046533e-06,0,0.0,4.221718314020205,False
11,3,468880.0,9732900.0,32.72008627885049,-2.416494107472985,SeaLake,0.9992262,1.2316287e-05,0,0.0,3.7060440993172694,False
11,4,469520.0,9732900.0,32.72584281446207,-2.416495287895226,SeaLake,0.9995985,6.226012e-06,0,0.0,3.235091993936973,False
11,5,470160.0,9732900.0,32.731599352864606,-2.41649644379014,SeaLake,0.99971384,4.8575193e-06,0,0.0,2.831267834802255,False
11,6,470800.0,9732900.0,32.737355893999506,-2.4164975751576674,SeaLake,0.99991155,1.46957e-06,0,0.0,2.5269615936014143,False
11,7,471440.0,9732900.0,32.74311243780816,-2.416498681997752,SeaLake,0.99996626,5.435057e-07,0,0.0,2.360972731457809,False
11,8,472080.0,9732900.0,32.74886898423197,-2.4164997643103376,SeaLake,0.9998927,1.7237737e-06,0,0.0,2.3626361509631773,False
11,9,472720.0,9732900.0,32.754625533212334,-2.4165008220953696,SeaLake,0.9999614,7.919576e-07,0,0.0,2.5316214023800736,False
11,10,473360.0,9732900.0,32.76038208469065,-2.4165018553527937,SeaLake,0.99824417,2.7107305e-06,0,0.0,2.838197362436164,False
11,11,474000.0,9732900.0,32.76613863860832,-2.416502864082559,SeaLake,0.99996173,7.4549257e-07,0,0.0,3.2435816023788187,False
11,12,474640.0,9732900.0,32.77189519490674,-2.416503848284614,SeaLake,0.99990964,1.3133049e-06,0,0.0,3.7155724934982897,False
11,13,475280.0,9732900.0,32.77765175352732,-2.416504807958909,SeaLake,0.99994695,1.2327375e-06,0,0.0,4.231942378812812,False
11,14,475920.0,9732900.0,32.78340831441144,-2.416505743105396,SeaLake,0.99997413,5.464954e-07,0,0.0,4.778325401303536,False
11,15,476560.0,9732900.0,32.7891648775005,-2.4165066537240265,SeaLake,0.99996257,6.164892e-07,0,0.0,5.345526258834891,False
11,16,477200.0,9732900.0,32.79492144273591,-2.416507539814755,SeaLake,0.99998045,5.376887e-07,0,0.0,5.927571874473063,False
11,17,477840.0,9732900.0,32.80067801005906,-2.416508401377538,SeaLake,0.9999292,1.1784425e-06,0,0.0,6.520488146618691,False
11,18,478480.0,9732900.0,32.80643457941136,-2.416509238412331,SeaLake,0.99988496,3.6559932e-06,0,0.0,7.121560433875823,False
11,19,479120.0,9732900.0,32.81219115073419,-2.416510050919092,SeaLake,0.9998828,2.2705922e-06,0,0.0,7.728886100629013,False
11,20,479760.0,9732900.0,32.81794772396896,-2.4165108388977794,SeaLake,0.999979,5.2910207e-07,0,0.0,8.341099310021857,False
11,21,480400.0,9732900.0,32.823704299057056,-2.416511602348354,SeaLake,0.9999652,8.2830707e-07,0,0.0,8.957197945942573,False
11,22,481040.0,9732900.0,32.829460875939894,-2.416512341270777,SeaLake,0.9999616,8.417701e-07,0,0.0,9.576432132373132,False
11,23,481680.0,9732900.0,32.83521745455885,-2.4165130556650105,SeaLake,0.99973005,5.525792e-06,0,0.0,9.812019394960371,False
11,24,482320.0,9732900.0,32.840974034855336,-2.41651374553102,SeaLake,0.99995613,1.208525e-06,0,0.0,9.253710707951278,False
11,25,482960.0,9732900.0,32.84673061677075,-2.416514410868768,SeaLake,0.9999559,8.255707e-07,0,0.0,8.706652578679467,False
11,26,483600.0,9732900.0,32.85248720024648,-2.4165150516782243,SeaLake,0.9999378,1.0781621e-06,0,0.0,8.173104452116066,False
11,27,484240.0,9732900.0,32.85824378522393,-2.4165156679593545,SeaLake,0.9999175,1.5121833e-06,0,0.0,7.655891433698177,False
11,28,484880.0,9732900.0,32.86400037164449,-2.416516259712128,SeaLake,0.9999522,1.1676997e-06,0,0.0,7.158555084927879,False
11,29,485520.0,9732900.0,32.86975695944956,-2.416516826936514,SeaLake,0.9999553,8.063921e-07,0,0.0,6.685532750897303,False
11,30,486160.0,9732900.0,32.87551354858054,-2.4165173696324853,SeaLake,0.9999752,6.0630384e-07,0,0.0,6.242354157102441,False
11,31,486800.0,9732900.0,32.88127013897883,-2.416517887800013,SeaLake,0.99993014,6.9216566e-07,0,0.0,5.835822365534081,False
11,32,487440.0,9732900.0,32.887026730585816,-2.416518381439072,SeaLake,0.9952938,1.1722589e-05,0,0.0,5.474108141189892,False
11,33,488080.0,9732900.0,32.8927833233429,-2.4165188505496378,SeaLake,0.9999387,3.095421e-07,0,0.0,5.166633062335191,False
11,34,488720.0,9732900.0,32.89853991719148,-2.4165192951316854,SeaLake,0.9991605,1.780233e-06,0,0.0,4.923569280531024,False
11,35,489360.0,9732900.0,32.904296512072946,-2.4165197151851925,SeaLake,0.9999769,2.745827e-07,0,0.0,4.754805118988838,False
11,36,490000.0,9732900.0,32.91005310792871,-2.4165201107101386,SeaLake,0.99997973,3.5953323e-07,0,0.0,4.668405400020023,False
11,37,490640.0,9732900.0,32.91580970470015,-2.416520481706504,SeaLake,0.9999455,1.0899291e-06,0,0.0,4.668944874199071,False
11,38,491280.0,9732900.0,32.92156630232868,-2.4165208281742685,SeaLake,0.9995766,1.903381e-06,50,215.0,4.756393959470078,False
11,39,491920.0,9732900.0,32.927322900755684,-2.4165211501134167,Residential,0.792614,0.792614,319,1372.0,4.827663332496454,False
11,40,492560.0,9732900.0,32.93307949992256,-2.4165214475239303,HerbaceousVegetation,0.9088433,0.059487976,459,1974.0,4.2617645004511155,False
11,41,493200.0,9732900.0,32.938836099770704,-2.416521720405795,HerbaceousVegetation,0.8734677,0.09730252,305,1312.0,3.7199650620240963,False
11,42,493840.0,9732900.0,32.944592700241515,-2.416521968758998,HerbaceousVegetation,0.99414176,0.00068609865,24,103.0,3.2144740577666084,False
11,43,494480.0,9732900.0,32.95034930127639,-2.4165221925835256,HerbaceousVegetation,0.9947105,0.0004304242,22,95.0,2.7652751894574816,False
11,44,495120.0,9732900.0,32.956105902816724,-2.416522391879366,HerbaceousVegetation,0.83345723,0.11582316,97,417.0,2.4041319179287353,False
11,45,495760.0,9732900.0,32.96186250480391,-2.4165225666465107,HerbaceousVegetation,0.9838013,0.0016541261,49,211.0,2.175351393264611,False
11,46,496400.0,9732900.0,32.967619107179345,-2.4165227168849497,HerbaceousVegetation,0.9974909,0.0007805151,22,95.0,2.1221821527740903,False
11,47,497040.0,9732900.0,32.97337570988444,-2.416522842594676,HerbaceousVegetation,0.98763776,0.0080033075,70,301.0,2.2570690053535043,False
11,48,497680.0,9732900.0,32.97913231286056,-2.4165229437756834,HerbaceousVegetation,0.85448986,0.026577773,67,288.0,2.55034583935239,False
11,49,498320.0,9732900.0,32.98488891604913,-2.416523020427966,HerbaceousVegetation,0.89286995,0.025769882,26,112.0,2.9552271157521264,False
11,50,498960.0,9732900.0,32.990645519391535,-2.4165230725515205,HerbaceousVegetation,0.85470116,0.0019523782,22,95.0,3.4324438394606283,False
11,51,499600.0,9732900.0,32.99640212282917,-2.4165231001463443,HerbaceousVegetation,0.9219694,0.00075460767,0,0.0,3.0427581801192463,False
11,52,500240.0,9732900.0,33.00215872630343,-2.416523103212436,HerbaceousVegetation,0.98537326,0.0005477572,0,0.0,2.527703391909304,False
11,53,500880.0,9732900.0,33.00791532975571,-2.416523081749795,HerbaceousVegetation,0.9957399,0.00018019172,18,77.0,2.0831206235494406,False
11,54,501520.0,9732900.0,33.01367193312742,-2.416523035758423,HerbaceousVegetation,0.9811477,0.013518329,22,95.0,1.7631501997970052,False
11,55,502160.0,9732900.0,33.01942853635994,-2.416522965238322,HerbaceousVegetation,0.93299717,0.027897747,1,4.0,1.6423171806418606,False
11,56,502800.0,9732900.0,33.02518513939467,-2.416522870189496,HerbaceousVegetation,0.8573802,0.010840772,7,30.0,1.762076280022701,False
11,57,503440.0,9732900.0,33.03094174217301,-2.416522750611948,HerbaceousVegetation,0.9359857,0.0029180497,17,73.0,2.081302455532557,False
11,58,504080.0,9732900.0,33.03669834463636,-2.416522606505687,HerbaceousVegetation,0.9886524,0.0016567638,3,13.0,2.5254558016708706,False
11,59,504720.0,9732900.0,33.0424549467261,-2.416522437870717,HerbaceousVegetation,0.789854,0.04520685,28,120.0,3.0402687547288103,False
11,60,505360.0,9732900.0,33.04821154838364,-2.41652224470705,HerbaceousVegetation,0.8669524,0.0020533944,8,34.0,3.595516819007732,False
11,61,506000.0,9732900.0,33.05396814955038,-2.416522027014693,HerbaceousVegetation,0.847095,0.044999883,25,108.0,3.764467198138418,False
11,62,506640.0,9732900.0,33.059724750167696,-2.4165217847936584,HerbaceousVegetation,0.9891495,0.0034528216,11,47.0,3.39203397147845,False
11,63,507280.0,9732900.0,33.065481350177,-2.416521518043958,HerbaceousVegetation,0.5187639,0.00013308425,7,30.0,2.760345011483344,False
11,64,507920.0,9732900.0,33.07123794951969,-2.416521226765605,HerbaceousVegetation,0.40988144,0.04793501,11,47.0,2.133615406107224,False
11,65,508560.0,9732900.0,33.07699454813716,-2.416520910958614,Residential,0.5655121,0.5655121,75,322.0,1.5180002700708615,False
11,66,509200.0,9732900.0,33.0827511459708,-2.4165205706230024,HerbaceousVegetation,0.9653099,0.00095364783,9,39.0,0.9357002397628861,False
11,67,509840.0,9732900.0,33.088507742962,-2.4165202057587853,HerbaceousVegetation,0.9701665,0.00023091154,13,56.0,0.5156986110602163,False
11,68,510480.0,9732900.0,33.09426433905218,-2.4165198163659825,HerbaceousVegetation,0.9393244,0.009756018,35,150.0,0.6896050871379577,False
11,69,511120.0,9732900.0,33.10002093418272,-2.4165194024446137,HerbaceousVegetation,0.5963104,0.07300086,72,310.0,1.226525700898136,False
11,70,511760.0,9732900.0,33.105777528295015,-2.4165189639946987,HerbaceousVegetation,0.34801033,0.24578078,56,241.0,1.8309493203583702,False
11,71,512400.0,9732900.0,33.11153412133047,-2.416518501016261,Pasture,0.6057304,0.034218904,50,215.0,2.4534843656477396,False
11,72,513040.0,9732900.0,33.117290713230474,-2.4165180135093225,HerbaceousVegetation,0.95506173,0.00047612708,35,150.0,3.083179471136088,False
11,73,513680.0,9732900.0,33.123047303936424,-2.4165175014739098,Residential,0.5065066,0.5065066,25,108.0,3.716396880042835,False
11,74,514320.0,9732900.0,33.12880389338972,-2.416516964910046,HerbaceousVegetation,0.8860284,0.003313591,9,39.0,4.351599233471441,False
11,75,514960.0,9732900.0,33.13456048153177,-2.4165164038177616,SeaLake,0.9959345,8.476226e-06,0,0.0,4.977471401933228,False
11,76,515600.0,9732900.0,33.14031706830395,-2.416515818197082,SeaLake,0.99963343,5.922747e-06,0,0.0,5.0159902454869165,False
11,77,516240.0,9732900.0,33.14607365364768,-2.4165152080480383,SeaLake,0.9997928,2.9187268e-06,0,0.0,5.1346172913447665,False
11,78,516880.0,9732900.0,33.15183023750433,-2.416514573370661,SeaLake,0.99947107,8.154904e-06,0,0.0,5.328004440157067,False
11,79,517520.0,9732900.0,33.15758681981531,-2.4165139141649825,SeaLake,0.99920464,1.278489e-05,0,0.0,5.588395825287449,False
11,80,518160.0,9732900.0,33.163343400522024,-2.416513230431035,SeaLake,0.9991848,1.2479765e-05,0,0.0,5.906936980013156,False
11,81,518800.0,9732900.0,33.16909997956586,-2.416512522168854,SeaLake,0.9993007,1.146242e-05,0,0.0,6.274778169115121,False
11,82,519440.0,9732900.0,33.174856556888216,-2.416511789378475,SeaLake,0.9996669,6.2898625e-06,0,0.0,6.68378468065515,False
11,83,520080.0,9732900.0,33.180613132430494,-2.416511032059935,SeaLake,0.9995911,7.1156687e-06,0,0.0,7.1268726832403315,False
11,84,520720.0,9732900.0,33.18636970613409,-2.416510250213272,SeaLake,0.9997079,4.3642085e-06,0,0.0,7.598082049364432,False
11,85,521360.0,9732900.0,33.1921262779404,-2.416509443838526,SeaLake,0.9993813,1.06733605e-05,0,0.0,8.092501925525305,False
12,0,466960.0,9732260.0,32.70281542890979,-2.422280517786791,SeaLake,0.99946076,8.6496475e-06,0,0.0,5.086370815559467,False
12,1,467600.0,9732260.0,32.70857198021109,-2.422281774798779,SeaLake,0.999925,1.864567e-06,0,0.0,4.488276441633895,False
12,2,468240.0,9732260.0,32.7143285344792,-2.422283007224786,SeaLake,0.9999783,1.8207949e-07,0,0.0,3.9034962225774694,False
12,3,468880.0,9732260.0,32.72008509165555,-2.422284215064749,SeaLake,0.99998593,2.2023364e-07,0,0.0,3.339032809486502,False
12,4,469520.0,9732260.0,32.7258416516815,-2.422285398318608,SeaLake,0.99997985,9.273847e-08,0,0.0,2.8071689379120155,False
12,5,470160.0,9732260.0,32.73159821449848,-2.4222865569863017,SeaLake,0.99997723,3.54899e-07,0,0.0,2.330333621850919,False
12,6,470800.0,9732260.0,32.73735478004786,-2.422287691067773,SeaLake,0.99987817,2.4726057e-06,0,0.0,1.949336331236755,False
12,7,471440.0,9732260.0,32.743111348271064,-2.422288800562965,SeaLake,0.9999312,1.2348501e-06,0,0.0,1.7287479502317054,False
12,8,472080.0,9732260.0,32.74886791910948,-2.4222898854718213,SeaLake,0.99355596,2.1550113e-05,0,0.0,1.7310190116174553,False
12,9,472720.0,9732260.0,32.754624492504504,-2.422290945794286,SeaLake,0.99970454,4.8001643e-06,0,0.0,1.9553731515319068,False
12,10,473360.0,9732260.0,32.760381068397535,-2.422291981530305,SeaLake,0.9998952,8.598263e-07,0,0.0,2.338747849786841,False
12,11,474000.0,9732260.0,32.766137646729966,-2.42229299267983,SeaLake,0.9998715,1.8757459e-06,0,0.0,2.816948499357651,False
12,12,474640.0,9732260.0,32.7718942274432,-2.4222939792428058,SeaLake,0.9999695,2.7341108e-07,0,0.0,3.34960537842655,False
12,13,475280.0,9732260.0,32.77765081047863,-2.422294941219184,SeaLake,0.9999515,1.19321e-06,0,0.0,3.914551511263432,False
12,14,475920.0,9732260.0,32.783407395777665,-2.422295878608916,SeaLake,0.9998555,1.4016748e-06,0,0.0,4.4996411943048935,False
12,15,476560.0,9732260.0,32.78916398328169,-2.4222967914119544,SeaLake,0.9999019,1.3760441e-06,0,0.0,5.097943528584474,False
12,16,477200.0,9732260.0,32.7949205729321,-2.422297679628253,SeaLake,0.99990857,2.5225615e-06,0,0.0,5.705303284119703,False
12,17,477840.0,9732260.0,32.8006771646703,-2.422298543257768,SeaLake,0.9999614,5.635983e-07,0,0.0,6.319109344435956,False
12,18,478480.0,9732260.0,32.806433758437684,-2.4222993823004546,SeaLake,0.99997175,6.931642e-07,0,0.0,6.937650917283787,False
12,19,479120.0,9732260.0,32.81219035417564,-2.4223001967562707,SeaLake,0.99997616,4.536569e-07,0,0.0,7.5597657102081754,False
12,20,479760.0,9732260.0,32.81794695182558,-2.422300986625175,SeaLake,0.9999012,1.8749735e-06,0,0.0,8.184638961884028,False
12,21,480400.0,9732260.0,32.82370355132888,-2.422301751907128,SeaLake,0.9999528,1.0520479e-06,0,0.0,8.81168385040798,False
12,22,481040.0,9732260.0,32.829460152626964,-2.422302492602091,SeaLake,0.9999379,2.2352206e-06,0,0.0,9.440467659109455,False
12,23,481680.0,9732260.0,32.835216755661214,-2.4223032087100256,SeaLake,0.9999317,1.246831e-06,0,0.0,9.524887215207247,False
12,24,482320.0,9732260.0,32.84097336037302,-2.4223039002308977,SeaLake,0.99996984,6.2252997e-07,0,0.0,8.948682233814772,False
12,25,482960.0,9732260.0,32.846729966703776,-2.42230456716467,SeaLake,0.99995947,9.711729e-07,0,0.0,8.38173913821981,False
12,26,483600.0,9732260.0,32.85248657459489,-2.422305209511311,SeaLake,0.9999019,1.6848121e-06,0,0.0,7.826071060279191,False
12,27,484240.0,9732260.0,32.85824318398776,-2.422305827270787,SeaLake,0.99993885,1.186913e-06,0,0.0,7.284258747457639,False
12,28,484880.0,9732260.0,32.86399979482377,-2.422306420443067,SeaLake,0.9999629,5.769733e-07,0,0.0,6.759634809609673,False
12,29,485520.0,9732260.0,32.869756407044314,-2.4223069890281206,SeaLake,0.99998784,3.6645957e-07,0,0.0,6.256524595864741,False
12,30,486160.0,9732260.0,32.8755130205908,-2.4223075330259207,SeaLake,0.999995,4.4469417e-08,0,0.0,5.780548181447338,False
12,31,486800.0,9732260.0,32.88126963540462,-2.422308052436438,SeaLake,0.99999225,7.895759e-08,0,0.0,5.338967553507681,False
12,32,487440.0,9732260.0,32.88702625142716,-2.4223085472596466,SeaLake,0.9999534,3.6912772e-07,0,0.0,4.941013235843581,False
12,33,488080.0,9732260.0,32.892782868599824,-2.422309017495523,SeaLake,0.9505181,0.000121822515,0,0.0,4.598026648047521,False
12,34,488720.0,9732260.0,32.89853948686401,-2.4223094631440416,SeaLake,0.9999397,2.2364136e-07,0,0.0,4.323110722099168,False
12,35,489360.0,9732260.0,32.90429610616111,-2.4223098842051805,SeaLake,0.9991312,3.7376249e-06,0,0.0,4.129881787037306,False
12,36,490000.0,9732260.0,32.91005272643252,-2.4223102806789187,SeaLake,0.99988973,1.8563912e-06,0,0.0,4.030106801844849,False
12,37,490640.0,9732260.0,32.91580934761963,-2.422310652565237,SeaLake,0.99996245,6.8362687e-07,0,0.0,4.030731706979489,False
12,38,491280.0,9732260.0,32.92156596966383,-2.4223109998641146,SeaLake,0.76489884,0.02389047,1,4.0,4.131710947419174,False
12,39,491920.0,9732260.0,32.927322592506535,-2.422311322575535,HerbaceousVegetation,0.8934752,0.000749914,116,499.0,4.225196753527726,False
12,40,492560.0,9732260.0,32.933079216089126,-2.4223116206994826,HerbaceousVegetation,0.8653338,0.020010598,156,671.0,4.375622748871375,False
12,41,493200.0,9732260.0,32.938835840353,-2.422311894235941,HerbaceousVegetation,0.78974676,0.1911323,229,985.0,4.1180200780753395,False
12,42,493840.0,9732260.0,32.94459246523956,-2.422312143184897,HerbaceousVegetation,0.827407,0.14512847,5,22.0,3.6678048978655085,False
12,43,494480.0,9732260.0,32.95034909069019,-2.422312367546339,HerbaceousVegetation,0.9875116,0.00073397876,7,30.0,3.281264416986354,False
12,44,495120.0,9732260.0,32.956105716646285,-2.4223125673202546,HerbaceousVegetation,0.8645476,0.12917176,23,99.0,2.9832531873033146,False
12,45,495760.0,9732260.0,32.96186234304925,-2.4223127425066333,HerbaceousVegetation,0.933957,0.053138487,35,150.0,2.8021604138467824,False
12,46,496400.0,9732260.0,32.96761896984047,-2.422312893105468,HerbaceousVegetation,0.9117449,0.060063988,55,236.0,2.761087899778737,False
12,47,497040.0,9732260.0,32.97337559696135,-2.422313019116749,HerbaceousVegetation,0.9746505,0.0024964854,47,202.0,2.866061722238226,False
12,48,497680.0,9732260.0,32.97913222435327,-2.422313120540471,HerbaceousVegetation,0.9806911,0.0005794095,60,258.0,3.1022916047744014,False
12,49,498320.0,9732260.0,32.984888851957635,-2.4223131973766283,HerbaceousVegetation,0.9884901,0.00010546895,33,142.0,3.4428645931009716,False
12,50,498960.0,9732260.0,32.990645479715845,-2.4223132496252178,HerbaceousVegetation,0.9895528,0.0002551339,14,60.0,3.3547138639400607,False
12,51,499600.0,9732260.0,32.99640210756929,-2.422313277286237,HerbaceousVegetation,0.99456596,8.4514664e-05,10,43.0,2.75060215292922,False
12,52,500240.0,9732260.0,33.00215873545936,-2.4223132803596825,HerbaceousVegetation,0.995912,0.0010157841,10,43.0,2.167191569401762,False
12,53,500880.0,9732260.0,33.00791536332745,-2.4223132588455574,HerbaceousVegetation,0.9989141,1.9309975e-06,8,34.0,1.6269070020358518,False
12,54,501520.0,9732260.0,33.01367199111496,-2.42231321274386,HerbaceousVegetation,0.64944524,0.31487605,62,267.0,1.1900140705304678,False
12,55,502160.0,9732260.0,33.01942861876328,-2.422313142054594,HerbaceousVegetation,0.9374282,0.0015163064,7,30.0,1.002317605775586,False
12,56,502800.0,9732260.0,33.02518524621381,-2.4223130467777625,HerbaceousVegetation,0.98856187,0.0022733647,11,47.0,1.1884223481721108,False
12,57,503440.0,9732260.0,33.03094187340794,-2.4223129269133703,HerbaceousVegetation,0.83610046,0.012609939,42,181.0,1.624578336806854,False
12,58,504080.0,9732260.0,33.036698500287066,-2.422312782461425,HerbaceousVegetation,0.9712425,0.00028930564,27,116.0,2.1645696725236943,False
12,59,504720.0,9732260.0,33.0424551267926,-2.422312613421932,HerbaceousVegetation,0.9972244,4.7923288e-05,10,43.0,2.747848060209397,False
12,60,505360.0,9732260.0,33.0482117528659,-2.422312419794899,HerbaceousVegetation,0.6961861,0.003779217,1,4.0,3.3518914148259267,False
12,61,506000.0,9732260.0,33.0539683784484,-2.4223122015803384,HerbaceousVegetation,0.76463926,0.00926175,17,73.0,3.147068310356319,False
12,62,506640.0,9732260.0,33.05972500348146,-2.422311958778259,Forest,0.5606695,0.07650923,17,73.0,3.0254769302798943,False
12,63,507280.0,9732260.0,33.0654816279065,-2.4223116913886744,HerbaceousVegetation,0.8534883,0.0006002959,0,0.0,2.942477540680625,False
12,64,507920.0,9732260.0,33.07123825166491,-2.4223113994115986,Pasture,0.45579505,0.0033823792,6,26.0,2.3645262096595614,False
12,65,508560.0,9732260.0,33.07699487469808,-2.422311082847045,HerbaceousVegetation,0.8663969,0.0026843487,78,335.0,1.8283857128418302,False
12,66,509200.0,9732260.0,33.0827514969474,-2.422310741695029,HerbaceousVegetation,0.8942994,0.0041698017,60,258.0,1.3835477706538508,False
12,67,509840.0,9732260.0,33.08850811835428,-2.42231037595557,HerbaceousVegetation,0.9363554,0.0010325244,0,0.0,1.142197247605839,False
12,68,510480.0,9732260.0,33.09426473886011,-2.4223099856286847,HerbaceousVegetation,0.7418126,0.0006387074,2,9.0,1.230538366405318,False
12,69,511120.0,9732260.0,33.10002135840628,-2.422309570714394,HerbaceousVegetation,0.94214135,0.0044105295,6,26.0,1.5946895591156862,False
12,70,511760.0,9732260.0,33.105777976934185,-2.422309131212718,HerbaceousVegetation,0.80705583,0.0022396685,3,13.0,2.0954820229984543,False
12,71,512400.0,9732260.0,33.111534594385226,-2.422308667123679,HerbaceousVegetation,0.9966959,0.00045427508,1,4.0,2.6567376662867583,False
12,72,513040.0,9732260.0,33.1172912107008,-2.422308178447301,HerbaceousVegetation,0.99027926,8.04521e-05,4,17.0,3.2472550171219883,False
12,73,513680.0,9732260.0,33.12304782582228,-2.422307665183608,HerbaceousVegetation,0.98151386,0.004370051,2,9.0,3.853605489016881,False
12,74,514320.0,9732260.0,33.128804439691095,-2.422307127332627,SeaLake,0.9992808,7.124014e-05,0,0.0,4.387250769478437,False
12,75,514960.0,9732260.0,33.13456105224863,-2.422306564894384,SeaLake,0.99955076,6.5162353e-06,0,0.0,4.337476904842942,False
12,76,515600.0,9732260.0,33.140317663436264,-2.422305977868908,SeaLake,0.9990796,1.5151013e-05,0,0.0,4.381625552897311,False
12,77,516240.0,9732260.0,33.14607427319541,-2.422305366256228,SeaLake,0.9997137,4.3758696e-06,0,0.0,4.516943554170168,False
12,78,516880.0,9732260.0,33.151830881467454,-2.422304730056376,SeaLake,0.99954456,7.3162864e-06,0,0.0,4.735621992654839,False
12,79,517520.0,9732260.0,33.1575874881938,-2.4223040692693822,SeaLake,0.99956936,7.4621594e-06,0,0.0,5.0267934354887664,False
12,80,518160.0,9732260.0,33.163344093315835,-2.422303383895282,SeaLake,0.9996739,5.2450187e-06,0,0.0,5.378697688923381,False
12,81,518800.0,9732260.0,33.16910069677496,-2.422302673934109,SeaLake,0.9996352,5.666414e-06,0,0.0,5.7802530580058935,False
12,82,519440.0,9732260.0,33.17485729851258,-2.4223019393859,SeaLake,0.99977094,3.964909e-06,0,0.0,6.22185358236139,False
12,83,520080.0,9732260.0,33.18061389847007,-2.422301180250692,SeaLake,0.9995764,7.2305625e-06,0,0.0,6.695580526444291,False
12,84,520720.0,9732260.0,33.18637049658885,-2.422300396528521,SeaLake,0.9996283,5.9731437e-06,0,0.0,7.19509104680801,False
12,85,521360.0,9732260.0,33.1921270928103,-2.4222995882194294,SeaLake,0.9994425,8.545647e-06,0,0.0,7.7153789121217855,False
13,0,466960.0,9731620.0,32.702814165446654,-2.4280706160338124,SeaLake,0.48940378,0.09348748,0,0.0,4.909658370000711,False
13,1,467600.0,9731620.0,32.70857074122075,-2.428071876053952,SeaLake,0.99990785,1.260667e-06,0,0.0,4.2869805986578475,False
13,2,468240.0,9731620.0,32.71432731996172,-2.4280731114292715,SeaLake,0.9999567,1.5505632e-06,0,0.0,3.670267019771116,False
13,3,468880.0,9731620.0,32.72008390161098,-2.4280743221597123,SeaLake,0.9999174,1.7560662e-06,0,0.0,3.0631221555090318,False
13,4,469520.0,9731620.0,32.72584048610991,-2.4280755082452115,SeaLake,0.99994814,8.756254e-07,0,0.0,2.472604837559177,False
13,5,470160.0,9731620.0,32.731597073399925,-2.428076669685709,SeaLake,0.99997234,5.388321e-07,0,0.0,1.9141661437481847,False
13,6,470800.0,9731620.0,32.737353663422404,-2.428077806481147,SeaLake,0.9999852,2.0191999e-07,0,0.0,1.4260046875878587,False
13,7,471440.0,9731620.0,32.74311025611876,-2.428078918631466,SeaLake,0.9762655,0.00071352633,0,0.0,1.1055074455530798,False
13,8,472080.0,9731620.0,32.748866851430385,-2.428080006136614,HerbaceousVegetation,0.9282472,0.027389562,2,9.0,1.10905547892071,False
13,9,472720.0,9731620.0,32.75462344929867,-2.428081068996532,HerbaceousVegetation,0.98291326,0.00045850754,2,9.0,1.43424593374874,False
13,10,473360.0,9731620.0,32.76038004966502,-2.4280821072111687,SeaLake,0.9999198,3.794617e-08,0,0.0,1.924400878617952,False
13,11,474000.0,9731620.0,32.76613665247081,-2.42808312078047,SeaLake,0.99874085,8.071616e-06,0,0.0,2.483702092598123,False
13,12,474640.0,9731620.0,32.77189325765746,-2.428084109704386,SeaLake,0.99994826,8.3182437e-07,0,0.0,3.0746436261666235,False
13,13,475280.0,9731620.0,32.77764986516636,-2.4280850739828668,SeaLake,0.9997966,3.7656432e-06,0,0.0,3.682022646736138,False
13,14,475920.0,9731620.0,32.78340647493891,-2.428086013615862,SeaLake,0.9995813,1.4602317e-06,0,0.0,4.298877541199394,False
13,15,476560.0,9731620.0,32.78916308691649,-2.428086928603326,SeaLake,0.9995691,2.9355356e-06,0,0.0,4.921646620530501,False
13,16,477200.0,9731620.0,32.794919701040506,-2.428087818945213,SeaLake,0.99987435,1.4781397e-06,0,0.0,5.548338742410204,False
13,17,477840.0,9731620.0,32.800676317252346,-2.428088684641476,SeaLake,0.9999205,1.6726697e-06,0,0.0,6.177760123514087,False
13,18,478480.0,9731620.0,32.80643293549342,-2.4280895256920725,SeaLake,0.9998001,3.8634394e-06,0,0.0,6.809153947946216,False
13,19,479120.0,9731620.0,32.81218955570512,-2.42809034209696,SeaLake,0.9999387,1.4456878e-06,0,0.0,7.442018196026014,False
13,20,479760.0,9731620.0,32.81794617782883,-2.428091133856096,SeaLake,0.9999455,9.804139e-07,0,0.0,8.076007192488937,False
13,21,480400.0,9731620.0,32.82370280180595,-2.428091900969442,SeaLake,0.9998921,1.9548443e-06,0,0.0,8.710875358784776,False
13,22,481040.0,9731620.0,32.82945942757788,-2.42809264343696,SeaLake,0.9997335,4.724818e-06,0,0.0,9.346443540696885,False
13,23,481680.0,9731620.0,32.835216055086015,-2.42809336125861,SeaLake,0.99950886,8.5930515e-06,0,0.0,9.273102410615257,False
13,24,482320.0,9731620.0,32.84097268427173,-2.428094054434357,SeaLake,0.99988675,2.3571524e-06,0,0.0,8.680199627723553,False
13,25,482960.0,9731620.0,32.84672931507646,-2.428094722964167,SeaLake,0.99996185,9.692561e-07,0,0.0,8.094473598480992,False
13,26,483600.0,9731620.0,32.852485947441565,-2.428095366848005,SeaLake,0.99987686,2.1884746e-06,0,0.0,7.517602017656926,False
13,27,484240.0,9731620.0,32.858242581308446,-2.428095986085839,SeaLake,0.9999448,1.2003982e-06,0,0.0,6.951789507404057,False
13,28,484880.0,9731620.0,32.8639992166185,-2.4280965806776376,SeaLake,0.999926,1.5712974e-06,0,0.0,6.399969891696898,False
13,29,485520.0,9731620.0,32.86975585331314,-2.42809715062337,SeaLake,0.9999738,6.891272e-07,0,0.0,5.866093408223267,False
13,30,486160.0,9731620.0,32.87551249133374,-2.4280976959230087,SeaLake,0.9998963,2.8802297e-06,0,0.0,5.355528837880917,False
13,31,486800.0,9731620.0,32.88126913062168,-2.428098216576525,SeaLake,0.99998033,3.8272827e-07,0,0.0,4.875605233481049,False
13,32,487440.0,9731620.0,32.88702577111838,-2.4280987125838944,SeaLake,0.99993944,2.0681172e-07,0,0.0,4.4362781306092005,False
13,33,488080.0,9731620.0,32.89278241276524,-2.428099183945089,SeaLake,0.99985754,4.0176585e-07,0,0.0,4.050777815617036,False
13,34,488720.0,9731620.0,32.89853905550363,-2.428099630660088,SeaLake,0.9995966,5.184085e-06,0,0.0,3.7358048892934423,False
13,35,489360.0,9731620.0,32.90429569927496,-2.4281000527288668,SeaLake,0.9999292,1.2173622e-06,0,0.0,3.5103953381695425,False
13,36,490000.0,9731620.0,32.91005234402061,-2.4281004501514047,SeaLake,0.9999168,2.4028927e-06,0,0.0,3.392449364340774,False
13,37,490640.0,9731620.0,32.91580898968199,-2.4281008229276826,SeaLake,0.9999573,7.5580994e-07,0,0.0,3.3931917053107665,False
13,38,491280.0,9731620.0,32.92156563620049,-2.4281011710576803,HerbaceousVegetation,0.8972347,5.7202633e-05,0,0.0,3.512547111194874,False
13,39,491920.0,9731620.0,32.927322283517505,-2.42810149454138,Highway,0.85220027,0.0005684055,7,30.0,3.595330647970278,False
13,40,492560.0,9731620.0,32.933078931574414,-2.428101793378767,HerbaceousVegetation,0.9749532,7.492496e-05,15,64.0,3.7709666270936184,False
13,41,493200.0,9731620.0,32.93883558031263,-2.428102067569825,HerbaceousVegetation,0.9279938,0.00013081919,10,43.0,4.041432436287073,False
13,42,493840.0,9731620.0,32.94459222967353,-2.42810231711454,HerbaceousVegetation,0.8672124,0.106092975,54,232.0,4.170364740590192,False
13,43,494480.0,9731620.0,32.950348879598515,-2.4281025420129,HerbaceousVegetation,0.92828476,0.0063427733,33,142.0,3.8348201359297787,False
13,44,495120.0,9731620.0,32.95610553002899,-2.428102742264893,HerbaceousVegetation,0.99460995,0.00065076683,33,142.0,3.5831479009813525,False
13,45,495760.0,9731620.0,32.96186218090633,-2.4281029178705107,HerbaceousVegetation,0.97741914,0.0036459554,27,116.0,3.433839292349259,False
13,46,496400.0,9731620.0,32.967618832171944,-2.428103068829742,HerbaceousVegetation,0.60870975,0.34169024,27,116.0,3.400405224536665,False
13,47,497040.0,9731620.0,32.973375483767214,-2.42810319514258,HerbaceousVegetation,0.9811148,0.0005281229,2,9.0,3.486181162307953,False
13,48,497680.0,9731620.0,32.97913213563354,-2.428103296809019,HerbaceousVegetation,0.9897584,0.0042676716,67,288.0,3.682847064677736,False
13,49,498320.0,9731620.0,32.984888787712315,-2.4281033738290523,HerbaceousVegetation,0.9159333,0.0057165795,36,155.0,3.858527293559126,False
13,50,498960.0,9731620.0,32.99064543994493,-2.428103426202678,HerbaceousVegetation,0.99229234,0.00024271398,31,133.0,3.2219155746120856,False
13,51,499600.0,9731620.0,32.99640209227278,-2.4281034539298925,HerbaceousVegetation,0.97250044,0.013790576,39,168.0,2.586976432964772,False
13,52,500240.0,9731620.0,33.00215874463726,-2.428103457010694,Residential,0.43478447,0.43478447,60,258.0,1.9553399089422654,False
13,53,500880.0,9731620.0,33.00791539697976,-2.4281034354450823,HerbaceousVegetation,0.98363775,9.133075e-06,13,56.0,1.3317136532639275,False
13,54,501520.0,9731620.0,33.013672049241684,-2.42810338923306,HerbaceousVegetation,0.9431367,0.014044308,88,378.0,0.7367281378342806,False
13,55,502160.0,9731620.0,33.01942870136441,-2.4281033183746272,HerbaceousVegetation,0.8241648,0.0029862737,34,146.0,0.36231953282148194,False
13,56,502800.0,9731620.0,33.025185353289345,-2.4281032228697894,HerbaceousVegetation,0.9702523,0.00079830445,4,17.0,0.734154301663613,False
13,57,503440.0,9731620.0,33.03094200495787,-2.428103102718551,HerbaceousVegetation,0.9762948,0.0026161945,31,133.0,1.3288678013400723,False
13,58,504080.0,9731620.0,33.036698656311394,-2.428102957920917,HerbaceousVegetation,0.7800621,0.018782519,4,17.0,1.9524335400278308,False
13,59,504720.0,9731620.0,33.0424553072913,-2.428102788476896,HerbaceousVegetation,0.8843562,0.006398967,0,0.0,2.5840479529244065,False
13,60,505360.0,9731620.0,33.04821195783898,-2.428102594386496,HerbaceousVegetation,0.969273,0.00899055,52,224.0,2.832983040653607,False
13,61,506000.0,9731620.0,33.05396860789584,-2.428102375649726,HerbaceousVegetation,0.9941214,0.000150732,9,39.0,2.5408787090764164,False
13,62,506640.0,9731620.0,33.05972525740326,-2.428102132266599,HerbaceousVegetation,0.7745297,0.0005117227,14,60.0,2.3886264504615857,False
13,63,507280.0,9731620.0,33.06548190630263,-2.4281018642371253,HerbaceousVegetation,0.9160716,0.0011296665,10,43.0,2.402958182210334,False
13,64,507920.0,9731620.0,33.07123855453536,-2.4281015715613194,HerbaceousVegetation,0.8006628,0.0005631312,23,99.0,2.581100488368957,False
13,65,508560.0,9731620.0,33.076995202042845,-2.428101254239196,HerbaceousVegetation,0.9784565,0.005418029,39,168.0,2.280540245186005,False
13,66,509200.0,9731620.0,33.08275184876646,-2.4281009122707715,HerbaceousVegetation,0.99234575,0.0007308673,3,13.0,1.9421827742697542,False
13,67,509840.0,9731620.0,33.08850849464761,-2.4281005456560627,HerbaceousVegetation,0.7324182,0.0064598513,0,0.0,1.7783374391344497,False
13,68,510480.0,9731620.0,33.094265139627694,-2.428100154395088,HerbaceousVegetation,0.9921191,0.0001999584,6,26.0,1.83632626899045,False
13,69,511120.0,9731620.0,33.100021783648096,-2.4280997384878664,HerbaceousVegetation,0.67436254,0.050277185,23,99.0,2.09783323573193,False
13,70,511760.0,9731620.0,33.10577842665022,-2.428099297934421,HerbaceousVegetation,0.89446425,0.0011905812,66,284.0,2.499782871310749,False
13,71,512400.0,9731620.0,33.11153506857545,-2.428098832734773,Residential,0.7579435,0.7579435,41,176.0,2.9859880311976683,False
13,72,513040.0,9731620.0,33.11729170936519,-2.428098342888945,HerbaceousVegetation,0.9756576,0.0007399745,35,150.0,3.521723248810565,False
13,73,513680.0,9731620.0,33.12304834896082,-2.4280978283969628,River,0.8823434,0.002755282,18,77.0,3.9190709449453887,False
13,74,514320.0,9731620.0,33.12880498730375,-2.428097289258852,SeaLake,0.99931955,1.058161e-05,0,0.0,3.755749413535454,False
13,75,514960.0,9731620.0,33.13456162433537,-2.42809672547464,SeaLake,0.9991043,1.3720367e-05,0,0.0,3.697484312749504,False
13,76,515600.0,9731620.0,33.140318259997066,-2.4280961370443555,SeaLake,0.99934,9.730546e-06,0,0.0,3.749176820154717,False
13,77,516240.0,9731620.0,33.14607489423023,-2.428095523968028,SeaLake,0.999619,5.747101e-06,0,0.0,3.906464311182453,False
13,78,516880.0,9731620.0,33.15183152697628,-2.428094886245688,SeaLake,0.99932283,1.0616659e-05,0,0.0,4.157378982038919,False
13,79,517520.0,9731620.0,33.15758815817659,-2.4280942238773675,SeaLake,0.999741,4.315967e-06,0,0.0,4.486238578815857,False
13,80,518160.0,9731620.0,33.16334478777256,-2.4280935368631016,SeaLake,0.9994736,8.976288e-06,0,0.0,4.877301833166827,False
13,81,518800.0,9731620.0,33.16910141570558,-2.428092825202924,SeaLake,0.9993656,9.626678e-06,0,0.0,5.316860893193394,False
13,82,519440.0,9731620.0,33.17485804191706,-2.4280920888968693,SeaLake,0.99959624,6.622423e-06,0,0.0,5.7938887065015345,False
13,83,520080.0,9731620.0,33.180614666348376,-2.428091327944977,SeaLake,0.9997111,4.5375104e-06,0,0.0,6.299879596395694,False
13,84,520720.0,9731620.0,33.18637128894093,-2.428090542347284,SeaLake,0.9994941,7.8694065e-06,0,0.0,6.828398019655821,False
13,85,521360.0,9731620.0,33.19212790963612,-2.428089732103831,SeaLake,0.9992386,1.148968e-05,0,0.0,7.374602097781025,False
14,0,466960.0,9730980.0,32.70281289895803,-2.433860713782777,River,0.7760354,0.00062389596,2,9.0,4.812226360725462,False
14,1,467600.0,9730980.0,32.70856949926352,-2.4338619768110905,Residential,0.53989893,0.53989893,25,108.0,4.175042501581483,False
14,2,468240.0,9730980.0,32.71432610253595,-2.433863215135749,HerbaceousVegetation,0.957226,0.012667803,1,4.0,3.5388751367012823,False
14,3,468880.0,9730980.0,32.72008270871673,-2.433864428756692,SeaLake,0.9998058,5.864405e-06,0,0.0,2.904392290361836,False
14,4,469520.0,9730980.0,32.72583931774725,-2.4338656176738533,SeaLake,0.999915,1.6887351e-06,0,0.0,2.2730050416714915,False
14,5,470160.0,9730980.0,32.7315959295689,-2.4338667818871764,SeaLake,0.99994457,7.672127e-07,0,0.0,1.648274632036412,False
14,6,470800.0,9730980.0,32.737352544123084,-2.4338679213966024,SeaLake,0.9999161,6.9899547e-06,0,0.0,1.0422411456882326,False
14,7,471440.0,9730980.0,32.74310916135119,-2.433869036202073,HerbaceousVegetation,0.99710494,0.00077540823,3,13.0,0.5243319072078955,False
14,8,472080.0,9730980.0,32.74886578119463,-2.4338701263035323,HerbaceousVegetation,0.95115685,0.01864003,3,13.0,0.5317718421156002,False
14,9,472720.0,9730980.0,32.75462240359478,-2.433871191700925,HerbaceousVegetation,0.9885588,0.00080833345,4,17.0,1.0534887921652365,False
14,10,473360.0,9730980.0,32.76037902849304,-2.4338722323941973,HerbaceousVegetation,0.99227834,0.001224695,2,9.0,1.660149384353263,False
14,11,474000.0,9730980.0,32.76613565583081,-2.433873248383297,HerbaceousVegetation,0.9807238,7.075241e-05,1,4.0,2.285071841653839,False
14,12,474640.0,9730980.0,32.77189228554948,-2.4338742396681723,SeaLake,0.9999461,6.565121e-07,0,0.0,2.916540873135506,False
14,13,475280.0,9730980.0,32.77764891759045,-2.433875206248773,SeaLake,0.99994516,8.144262e-07,0,0.0,3.5510657566174086,False
14,14,475920.0,9730980.0,32.7834055518951,-2.4338761481250515,SeaLake,0.9999386,1.2686322e-06,0,0.0,4.1872574975718315,False
14,15,476560.0,9730980.0,32.789162188404845,-2.433877065296959,SeaLake,0.9996501,5.186489e-06,0,0.0,4.824456725282367,False
14,16,477200.0,9730980.0,32.794918827061075,-2.4338779577644494,SeaLake,0.9993476,5.945027e-06,0,0.0,5.462310869702768,False
14,17,477840.0,9730980.0,32.80067546780517,-2.4338788255274784,SeaLake,0.99947476,5.303309e-06,0,0.0,6.100614508426489,False
14,18,478480.0,9730980.0,32.80643211057854,-2.433879668586,SeaLake,0.99992514,1.8591305e-06,0,0.0,6.73923992179938,False
14,19,479120.0,9730980.0,32.81218875532257,-2.4338804869399744,SeaLake,0.9999771,4.5715046e-07,0,0.0,7.378103554893037,False
14,20,479760.0,9730980.0,32.81794540197866,-2.4338812805893584,SeaLake,0.9999045,1.605999e-06,0,0.0,8.017148458764876,False
14,21,480400.0,9730980.0,32.8237020504882,-2.4338820495341134,SeaLake,0.9996463,5.9460326e-06,0,0.0,8.656334487127145,False
14,22,481040.0,9730980.0,32.82945870079259,-2.433882793774199,SeaLake,0.99947834,8.587653e-06,0,0.0,9.295632528030435,False
14,23,481680.0,9730980.0,32.83521535283322,-2.433883513309579,SeaLake,0.99938893,1.0763744e-05,0,0.0,9.05961258405118,False
14,24,482320.0,9730980.0,32.84097200655147,-2.433884208140216,SeaLake,0.99976283,4.5990964e-06,0,0.0,8.451746413166463,False
14,25,482960.0,9730980.0,32.84672866188875,-2.433884878266075,SeaLake,0.9999682,8.3460304e-07,0,0.0,7.84899067981647,False
14,26,483600.0,9730980.0,32.85248531878644,-2.433885523687123,SeaLake,0.9999505,1.507782e-06,0,0.0,7.2526196612823615,False
14,27,484240.0,9730980.0,32.858241977185955,-2.433886144403327,SeaLake,0.9999516,1.2605551e-06,0,0.0,6.6643476207797825,False
14,28,484880.0,9730980.0,32.86399863702868,-2.4338867404146547,SeaLake,0.9999753,5.528779e-07,0,0.0,6.086523348346478,False
14,29,485520.0,9730980.0,32.869755298256,-2.4338873117210778,SeaLake,0.9999523,9.092815e-07,0,0.0,5.522427340340521,False
14,30,486160.0,9730980.0,32.8755119608093,-2.4338878583225663,SeaLake,0.9999733,6.8227104e-07,0,0.0,4.9767299493456685,False
14,31,486800.0,9730980.0,32.88126862463,-2.433888380219092,SeaLake,0.9999387,1.8311022e-06,0,0.0,4.456195490335652,False
14,32,487440.0,9730980.0,32.88702528965946,-2.43388887741063,SeaLake,0.999974,3.776769e-07,0,0.0,3.970732364118925,False
14,33,488080.0,9730980.0,32.89278195583911,-2.433889349897154,SeaLake,0.99999464,4.1965446e-08,0,0.0,3.5348200473058213,False
14,34,488720.0,9730980.0,32.89853862311032,-2.433889797678641,SeaLake,0.99985456,1.074481e-06,0,0.0,3.168973023900455,False
14,35,489360.0,9730980.0,32.90429529141448,-2.433890220755069,SeaLake,0.99990857,7.3156883e-07,0,0.0,2.8998322857679995,False
14,36,490000.0,9730980.0,32.910051960693,-2.433890619126414,SeaLake,0.99998426,9.98159e-08,0,0.0,2.75587818035488,False
14,37,490640.0,9730980.0,32.915808630887256,-2.433890992792658,SeaLake,0.99985826,6.4940846e-06,0,0.0,2.756791940703866,False
14,38,491280.0,9730980.0,32.92156530193864,-2.433891341753782,HerbaceousVegetation,0.8367978,0.058619138,2,9.0,2.8887939518124286,False
14,39,491920.0,9730980.0,32.92732197378856,-2.4338916660097683,HerbaceousVegetation,0.966358,0.002161278,0,0.0,2.9698008907075755,False
14,40,492560.0,9730980.0,32.933078646378405,-2.4338919655606004,HerbaceousVegetation,0.99982595,9.100649e-06,7,30.0,3.1801736060892893,False
14,41,493200.0,9730980.0,32.93883531964956,-2.433892240406262,HerbaceousVegetation,0.85366106,0.0026176823,64,275.0,3.4966399584867753,False
14,42,493840.0,9730980.0,32.94459199354341,-2.4338924905467416,HerbaceousVegetation,0.49361762,0.39610878,240,1032.0,3.893414675282591,False
14,43,494480.0,9730980.0,32.95034866800137,-2.4338927159820245,HerbaceousVegetation,0.8184104,0.039142653,120,516.0,4.348570416599608,False
14,44,495120.0,9730980.0,32.95610534296481,-2.4338929167121006,HerbaceousVegetation,0.59978455,0.3831964,92,396.0,4.194913369911083,False
14,45,495760.0,9730980.0,32.96186201837514,-2.4338930927369584,HerbaceousVegetation,0.9996301,2.0526446e-05,36,155.0,4.0681201538835285,False
14,46,496400.0,9730980.0,32.96761869417375,-2.43389324405659,HerbaceousVegetation,0.94538146,0.033406846,39,168.0,4.0399387361453805,False
14,47,497040.0,9730980.0,32.97337537030202,-2.4338933706709875,HerbaceousVegetation,0.85036725,0.12022431,78,335.0,4.112396916298634,False
14,48,497680.0,9730980.0,32.97913204670136,-2.4338934725801447,HerbaceousVegetation,0.99725324,0.00029489642,17,73.0,3.9526827787447014,False
14,49,498320.0,9730980.0,32.98488872331315,-2.4338935497840564,HerbaceousVegetation,0.8554574,0.05229777,52,224.0,3.683663348199784,False
14,50,498960.0,9730980.0,32.990645400078776,-2.433893602282719,HerbaceousVegetation,0.61075675,0.27996543,45,194.0,3.21349884564227,False
14,51,499600.0,9730980.0,32.996402076939646,-2.4338936300761294,HerbaceousVegetation,0.98007363,0.0034047037,67,288.0,2.576486352715925,False
14,52,500240.0,9730980.0,33.00215875383714,-2.4338936331642858,HerbaceousVegetation,0.97723675,0.011645229,26,112.0,1.9414399348212192,False
14,53,500880.0,9730980.0,33.007915430712664,-2.4338936115471896,HerbaceousVegetation,0.83888674,0.104430445,4,17.0,1.3112193238759984,False
14,54,501520.0,9730980.0,33.0136721075076,-2.43389356522484,HerbaceousVegetation,0.956762,0.01684321,28,120.0,0.6990015808945215,False
14,55,502160.0,9730980.0,33.019428784163345,-2.43389349419724,HerbaceousVegetation,0.8998172,0.024729993,22,95.0,0.27768742297815796,False
14,56,502800.0,9730980.0,33.02518546062128,-2.4338933984643933,HerbaceousVegetation,0.8183435,0.011729324,4,17.0,0.6962883021187851,False
14,57,503440.0,9730980.0,33.030942136822816,-2.4338932780263054,HerbaceousVegetation,0.9682122,0.002700607,23,99.0,1.3083288938392637,False
14,58,504080.0,9730980.0,33.03669881270933,-2.4338931328829814,HerbaceousVegetation,0.9950801,6.214397e-05,25,108.0,1.9385127260974793,False
14,59,504720.0,9730980.0,33.042455488222224,-2.4338929630344293,Forest,0.56426674,0.004296823,0,0.0,2.573545935869242,False
14,60,505360.0,9730980.0,33.048212163302885,-2.4338927684806566,HerbaceousVegetation,0.95359087,0.0025861298,51,219.0,2.323148418164414,False
14,61,506000.0,9730980.0,33.05396883789271,-2.433892549221674,HerbaceousVegetation,0.99185187,2.367905e-05,16,69.0,1.9563461550622112,False
14,62,506640.0,9730980.0,33.05972551193309,-2.4338923052574937,PermanentCrop,0.36924183,0.043290857,3,13.0,1.7540701194745822,False
14,63,507280.0,9730980.0,33.06548218536541,-2.4338920365881256,HerbaceousVegetation,0.757143,0.001024112,27,116.0,1.773537056179107,False
14,64,507920.0,9730980.0,33.07123885813107,-2.433891743213585,HerbaceousVegetation,0.97740597,5.3029056e-05,4,17.0,2.0083090885736015,False
14,65,508560.0,9730980.0,33.076995530171466,-2.4338914251338863,HerbaceousVegetation,0.9715795,0.0011195504,43,185.0,2.3959084082773714,False
14,66,509200.0,9730980.0,33.08275220142799,-2.433891082349045,HerbaceousVegetation,0.98389226,0.00029545615,34,146.0,2.5395163759383554,False
14,67,509840.0,9730980.0,33.08850887184202,-2.43389071485908,HerbaceousVegetation,0.9901956,0.00051808835,0,0.0,2.4165168202220717,False
14,68,510480.0,9730980.0,33.094265541354964,-2.433890322664007,HerbaceousVegetation,0.9004169,0.0015093755,14,60.0,2.4595047593312978,False
14,69,511120.0,9730980.0,33.100022209908204,-2.433889905763849,HerbaceousVegetation,0.91740245,0.0044018747,13,56.0,2.6604461618176787,False
14,70,511760.0,9730980.0,33.10577887744315,-2.433889464158624,HerbaceousVegetation,0.9939315,0.0009835693,71,305.0,2.9876385153976597,False
14,71,512400.0,9730980.0,33.11153554390118,-2.4338889978483564,HerbaceousVegetation,0.9215825,0.001322033,57,245.0,3.404877973943361,False
14,72,513040.0,9730980.0,33.117292209223685,-2.4338885068330702,HerbaceousVegetation,0.81706053,0.06794017,0,0.0,3.6205890168232497,False
14,73,513680.0,9730980.0,33.12304887335207,-2.433887991112789,River,0.89653766,0.00022006762,2,9.0,3.32204777426483,False
14,74,514320.0,9730980.0,33.12880553622772,-2.4338874506875383,SeaLake,0.9989466,1.6016651e-05,0,0.0,3.1277049093951743,False
14,75,514960.0,9730980.0,33.13456219779203,-2.4338868855573463,SeaLake,0.9992144,1.1516005e-05,0,0.0,3.057494821910814,False
14,76,515600.0,9730980.0,33.140318857986394,-2.4338862957222416,SeaLake,0.9994338,8.649802e-06,0,0.0,3.1198094768380016,False
14,77,516240.0,9730980.0,33.14607551675219,-2.433885681182254,SeaLake,0.99926347,1.1490811e-05,0,0.0,3.3071661218519046,False
14,78,516880.0,9730980.0,33.151832174030844,-2.4338850419374145,SeaLake,0.9992347,1.154333e-05,0,0.0,3.600095046423321,False
14,79,517520.0,9730980.0,33.157588829763725,-2.433884377987755,SeaLake,0.99927455,1.1661802e-05,0,0.0,3.975326518543916,False
14,80,518160.0,9730980.0,33.16334548389223,-2.4338836893333085,SeaLake,0.9991308,1.4248199e-05,0,0.0,4.411910868863429,False
14,81,518800.0,9730980.0,33.16910213635776,-2.433882975974112,SeaLake,0.9990321,1.5735102e-05,0,0.0,4.893454209508047,False
14,82,519440.0,9730980.0,33.17485878710169,-2.4338822379101983,SeaLake,0.99915826,1.3337528e-05,0,0.0,5.407959937565069,False
14,83,520080.0,9730980.0,33.18061543606544,-2.433881475141608,SeaLake,0.99914765,1.3549655e-05,0,0.0,5.94687878404004,False
14,84,520720.0,9730980.0,33.186372083190385,-2.433880687668377,SeaLake,0.999332,1.0713881e-05,0,0.0,6.504145128902208,False
14,85,521360.0,9730980.0,33.19212872841793,-2.433879875490547,SeaLake,0.99875736,1.8076009e-05,0,0.0,7.075425106916127,False
15,0,466960.0,9730340.0,32.70281162944386,-2.4396508110325,SeaLake,0.9991881,1.2362771e-05,0,0.0,4.798906102811764,False
15,1,467600.0,9730340.0,32.70856825433934,-2.4396520770690127,SeaLake,0.5643348,0.0014967893,0,0.0,4.15968233483697,False
15,2,468240.0,9730340.0,32.71432488220184,-2.439653318343033,Residential,0.99415046,0.99415046,16,69.0,3.52074061383475,False
15,3,468880.0,9730340.0,32.72008151297275,-2.4396545348545,SeaLake,0.72635484,0.064277135,1,4.0,2.882268518555522,False
15,4,469520.0,9730340.0,32.72583814659345,-2.4396557266033474,SeaLake,0.9997901,3.6132187e-06,0,0.0,2.244666825211927,False
15,5,470160.0,9730340.0,32.73159478300535,-2.43965689358952,SeaLake,0.9997702,4.028301e-06,0,0.0,1.6089706334665472,False
15,6,470800.0,9730340.0,32.737351422149835,-2.4396580358129563,SeaLake,0.9991124,5.3513573e-05,75,322.0,0.9788993015159898,False
15,7,471440.0,9730340.0,32.74310806396831,-2.4396591532735985,Residential,0.4314953,0.4314953,78,335.0,0.3832769046776005,False
15,8,472080.0,9730340.0,32.74886470840215,-2.439660245971392,HerbaceousVegetation,0.8664034,0.02317013,30,129.0,0.39339360545132435,False
15,9,472720.0,9730340.0,32.75462135539277,-2.43966131390628,HerbaceousVegetation,0.9819163,0.0022810574,9,39.0,0.9908662230395898,False
15,10,473360.0,9730340.0,32.76037800488156,-2.439662357078208,HerbaceousVegetation,0.97086525,0.018618563,2,9.0,1.6211333119492337,False
15,11,474000.0,9730340.0,32.7661346568099,-2.4396633754871253,SeaLake,0.99269074,2.0577787e-05,2,9.0,2.2568851451197602,False
15,12,474640.0,9730340.0,32.77189131111919,-2.43966436913298,SeaLake,0.99520844,3.2605274e-06,0,0.0,2.8945099587690124,False
15,13,475280.0,9730340.0,32.77764796775084,-2.43966533801572,SeaLake,0.99985826,2.480343e-06,0,0.0,3.5329938076033676,False
15,14,475920.0,9730340.0,32.78340462664622,-2.439666282135298,SeaLake,0.99994326,8.173721e-07,0,0.0,4.171942303977188,False
15,15,476560.0,9730340.0,32.78916128774674,-2.439667201491667,SeaLake,0.99995816,3.4329167e-07,0,0.0,4.811170328606673,False
15,16,477200.0,9730340.0,32.79491795099377,-2.4396680960847785,SeaLake,0.9998256,3.883604e-06,0,0.0,5.450579535610502,False
15,17,477840.0,9730340.0,32.800674616328735,-2.4396689659145894,SeaLake,0.9999535,4.834204e-07,0,0.0,6.090112857506562,False
15,18,478480.0,9730340.0,32.806431283693,-2.4396698109810546,SeaLake,0.99993384,1.787438e-06,0,0.0,6.729734910107343,False
15,19,479120.0,9730340.0,32.81218795302798,-2.439670631284132,SeaLake,0.99992394,2.022577e-06,0,0.0,7.3694225895566765,False
15,20,479760.0,9730340.0,32.81794462427505,-2.4396714268237787,SeaLake,0.9999261,1.2007639e-06,0,0.0,8.009160171117756,False
15,21,480400.0,9730340.0,32.823701297375614,-2.439672197599957,SeaLake,0.99985003,2.6181842e-06,0,0.0,8.648936581439926,False
15,22,481040.0,9730340.0,32.82945797227106,-2.4396729436126257,SeaLake,0.99979043,3.206357e-06,0,0.0,9.165450202578615,False
15,23,481680.0,9730340.0,32.835214648902785,-2.4396736648617487,SeaLake,0.9997594,3.7071916e-06,0,0.0,8.675894596835159,False
15,24,482320.0,9730340.0,32.84097132721217,-2.4396743613472887,SeaLake,0.9999037,1.722698e-06,0,0.0,8.207071139867047,False
15,25,482960.0,9730340.0,32.84672800714062,-2.4396750330692107,SeaLake,0.9998081,2.8501088e-06,0,0.0,7.649314122663928,False
15,26,483600.0,9730340.0,32.85248468862952,-2.439675680027481,SeaLake,0.9999608,6.469236e-07,0,0.0,7.036038928726836,False
15,27,484240.0,9730340.0,32.85824137162027,-2.439676302222067,SeaLake,0.99996126,1.0271254e-06,0,0.0,6.427976436323732,False
15,28,484880.0,9730340.0,32.86399805605425,-2.439676899652937,SeaLake,0.9999521,9.1782016e-07,0,0.0,5.826758818185871,False
15,29,485520.0,9730340.0,32.86975474187285,-2.4396774723200605,SeaLake,0.9999733,4.810601e-07,0,0.0,5.234745035307878,False
15,30,486160.0,9730340.0,32.87551142901749,-2.4396780202234085,SeaLake,0.9999764,5.9263186e-07,0,0.0,4.655447652380396,False
15,31,486800.0,9730340.0,32.88126811742953,-2.439678543362955,SeaLake,0.9999466,9.871051e-07,0,0.0,4.094267956964688,False
15,32,487440.0,9730340.0,32.88702480705037,-2.439679041738671,SeaLake,0.9939071,2.8490771e-05,0,0.0,3.5597847354582366,False
15,33,488080.0,9730340.0,32.89278149782142,-2.4396795153505337,SeaLake,0.9997509,1.5924178e-06,0,0.0,3.065991621347836,False
15,34,488720.0,9730340.0,32.89853818968405,-2.4396799641985187,SeaLake,0.99999607,6.207769e-08,0,0.0,2.6358569539238657,False
15,35,489360.0,9730340.0,32.904294882579656,-2.4396803882826017,SeaLake,0.9998481,2.3196578e-06,9,39.0,2.3052937211822844,False
15,36,490000.0,9730340.0,32.91005157644963,-2.439680787602762,SeaLake,0.9963517,6.7464043e-07,0,0.0,2.1213713489853987,False
15,37,490640.0,9730340.0,32.91580827123537,-2.439681162158981,River,0.8055088,1.043963e-05,9,39.0,2.122558281807544,False
15,38,491280.0,9730340.0,32.921564966878265,-2.4396815119512376,Highway,0.9500066,0.00042991966,63,271.0,2.2489209319674184,False
15,39,491920.0,9730340.0,32.9273216633197,-2.439681836979516,Residential,0.29190683,0.29190683,0,0.0,2.3520697678131586,False
15,40,492560.0,9730340.0,32.93307836050108,-2.4396821372437985,HerbaceousVegetation,0.94467825,0.003067838,0,0.0,2.6126651195819353,False
15,41,493200.0,9730340.0,32.93883505836378,-2.439682412744072,HerbaceousVegetation,0.96864825,0.0036394922,24,103.0,2.9898170280971264,False
15,42,493840.0,9730340.0,32.9445917568492,-2.4396826634803186,HerbaceousVegetation,0.985661,0.00075676705,67,288.0,3.4454597219992253,False
15,43,494480.0,9730340.0,32.950348455898734,-2.4396828894525284,HerbaceousVegetation,0.991602,5.6718113e-06,94,404.0,3.9525408954669174,False
15,44,495120.0,9730340.0,32.95610515545376,-2.4396830906606906,Highway,0.587729,0.0038703587,191,821.0,4.4936807145988755,False
15,45,495760.0,9730340.0,32.96186185545569,-2.439683267104793,HerbaceousVegetation,0.5485178,0.3400198,181,778.0,4.70395056172841,False
15,46,496400.0,9730340.0,32.967618555845895,-2.4396834187848286,HerbaceousVegetation,0.66295075,0.32542264,68,292.0,4.263874063592793,False
15,47,497040.0,9730340.0,32.973375256565774,-2.439683545700788,HerbaceousVegetation,0.5185617,0.44047993,102,439.0,3.8062969594692446,False
15,48,497680.0,9730340.0,32.979131957556724,-2.4396836478526662,HerbaceousVegetation,0.9760208,0.008096012,54,232.0,3.4079863639912533,False
15,49,498320.0,9730340.0,32.98488865876013,-2.439683725240457,HerbaceousVegetation,0.88506216,0.10453713,45,194.0,3.091932336037745,False
15,50,498960.0,9730340.0,32.990645360117384,-2.439683777864157,HerbaceousVegetation,0.9357358,0.009200436,75,322.0,2.885293760455135,False
15,51,499600.0,9730340.0,32.996402061569874,-2.4396838057237646,HerbaceousVegetation,0.854664,0.00447649,56,241.0,2.720903670979126,False
15,52,500240.0,9730340.0,33.002158763059,-2.439683808819276,HerbaceousVegetation,0.74793535,0.006051012,14,60.0,2.1293717105134307,False
15,53,500880.0,9730340.0,33.00791546452615,-2.4396837871506927,HerbaceousVegetation,0.9929858,0.00093764317,15,64.0,1.5761760613339182,False
15,54,501520.0,9730340.0,33.0136721659127,-2.4396837407180163,HerbaceousVegetation,0.99701035,0.00027000034,7,30.0,1.1196598015063832,False
15,55,502160.0,9730340.0,33.01942886716007,-2.439683669521247,HerbaceousVegetation,0.9874286,0.0075256056,24,103.0,0.9176846767253575,False
15,56,502800.0,9730340.0,33.02518556820962,-2.4396835735603903,HerbaceousVegetation,0.99791056,0.0008605094,0,0.0,1.1179679157666977,False
15,57,503440.0,9730340.0,33.03094226900277,-2.43968345283545,HerbaceousVegetation,0.9416117,0.011669265,31,133.0,1.573772332794977,False
15,58,504080.0,9730340.0,33.036698969480895,-2.4396833073464337,HerbaceousVegetation,0.93276083,0.0049043284,15,64.0,2.126703188096109,False
15,59,504720.0,9730340.0,33.04245566958539,-2.4396831370933465,HerbaceousVegetation,0.7371392,0.00036361234,0,0.0,2.4446620485052333,False
15,60,505360.0,9730340.0,33.048212369257634,-2.439682942076199,HerbaceousVegetation,0.7645962,0.0003566511,17,73.0,1.8940549720134,False
15,61,506000.0,9730340.0,33.05396906843903,-2.439682722295,HerbaceousVegetation,0.9590373,0.008797121,23,99.0,1.420463284501067,False
15,62,506640.0,9730340.0,33.05972576707097,-2.4396824777497605,PermanentCrop,0.5030167,0.0010861574,24,103.0,1.1256942960779523,False
15,63,507280.0,9730340.0,33.065482465094846,-2.4396822084404937,HerbaceousVegetation,0.884374,0.0123856915,25,108.0,1.1557938197746669,False
15,64,507920.0,9730340.0,33.07123916245205,-2.439681914367212,HerbaceousVegetation,0.8888071,0.014084457,25,108.0,1.49121797851159,False
15,65,508560.0,9730340.0,33.076995859083965,-2.439681595529932,HerbaceousVegetation,0.8707414,0.045212645,64,275.0,1.9826252205202755,False
15,66,509200.0,9730340.0,33.08275255493199,-2.4396812519286675,HerbaceousVegetation,0.86425656,0.019403648,49,211.0,2.541077423190791,False
15,67,509840.0,9730340.0,33.08850924993752,-2.439680883563437,HerbaceousVegetation,0.98200643,0.002414107,0,0.0,3.0554579096111123,False
15,68,510480.0,9730340.0,33.09426594404193,-2.43968049043426,Residential,0.52275395,0.52275395,11,47.0,3.089568441734577,False
15,69,511120.0,9730340.0,33.10002263718662,-2.439680072541156,HerbaceousVegetation,0.9141297,0.0033495063,45,194.0,3.251806155803162,False
15,70,511760.0,9730340.0,33.10577932931299,-2.4396796298841443,HerbaceousVegetation,0.994876,7.9356105e-05,19,82.0,3.524521725521982,False
15,71,512400.0,9730340.0,33.11153602036242,-2.439679162463249,HerbaceousVegetation,0.98667216,0.00012448877,33,142.0,3.535054820786681,False
15,72,513040.0,9730340.0,33.11729271027631,-2.439678670278494,HerbaceousVegetation,0.9814903,0.0011672649,26,112.0,3.099152976495984,False
15,73,513680.0,9730340.0,33.12304939899605,-2.4396781533299032,River,0.6621559,0.0076107853,10,43.0,2.7444645666287406,False
15,74,514320.0,9730340.0,33.12880608646303,-2.439677611617502,SeaLake,0.99944323,3.6431542e-05,0,0.0,2.50571792970347,False
15,75,514960.0,9730340.0,33.13456277261864,-2.43967704514132,SeaLake,0.999119,1.35082755e-05,0,0.0,2.4175108953206825,False
15,76,515600.0,9730340.0,33.140319457404274,-2.439676453901384,SeaLake,0.9995036,7.6177394e-06,0,0.0,2.4958556678524046,False
15,77,516240.0,9730340.0,33.14607614076132,-2.4396758378977244,SeaLake,0.99960506,5.5539513e-06,0,0.0,2.726432119182089,False
15,78,516880.0,9730340.0,33.15183282263117,-2.439675197130372,SeaLake,0.9995172,9.506986e-06,0,0.0,3.075185959623336,False
15,79,517520.0,9730340.0,33.15758950295523,-2.43967453159936,AnnualCrop,0.5533362,0.032773197,0,0.0,3.507036537023996,False
15,80,518160.0,9730340.0,33.163346181674875,-2.439673841304721,SeaLake,0.9991664,1.338841e-05,0,0.0,3.9951272642780764,False
15,81,518800.0,9730340.0,33.16910285873151,-2.4396731262464906,SeaLake,0.99898726,1.6272175e-05,0,0.0,4.521280619861456,False
15,82,519440.0,9730340.0,33.17485953406652,-2.439672386424704,SeaLake,0.9988954,1.7613567e-05,0,0.0,5.073668793810999,False
15,83,520080.0,9730340.0,33.1806162076213,-2.4396716218394,SeaLake,0.99885666,1.790243e-05,0,0.0,5.644594902652299,False
15,84,520720.0,9730340.0,33.18637287933724,-2.439670832490617,SeaLake,0.9989328,1.7011249e-05,0,0.0,6.228963653835611,False
15,85,521360.0,9730340.0,33.19212954915574,-2.439670018378393,SeaLake,0.99847347,2.3226017e-05,0,0.0,6.823322122438736,False
16,0,466960.0,9729700.0,32.70281035690407,-2.445440907781796,SeaLake,0.9993844,8.983836e-06,0,0.0,4.87038776899201,False
16,1,467600.0,9729700.0,32.70856700644816,-2.4454421768265338,SeaLake,0.9992543,1.2360418e-05,0,0.0,4.2419493589030175,False
16,2,468240.0,9729700.0,32.71432365895932,-2.4454434210499403,SeaLake,0.9997707,9.1448493e-07,0,0.0,3.617567097739649,False
16,3,468880.0,9729700.0,32.72008031437896,-2.445444640451953,SeaLake,0.9861967,0.0007494169,0,0.0,2.999774833183187,False
16,4,469520.0,9729700.0,32.72583697264846,-2.445445835032512,SeaLake,0.9992499,2.9051537e-06,0,0.0,2.3936805118791367,False
16,5,470160.0,9729700.0,32.7315936337092,-2.445447004791556,SeaLake,0.6014147,0.06973274,1,4.0,1.8110670159054623,False
16,6,470800.0,9729700.0,32.7373502975026,-2.445448149729024,SeaLake,0.999549,7.4987684e-06,0,0.0,1.2842978935011402,False
16,7,471440.0,9729700.0,32.74310696397004,-2.44544926984486,SeaLake,0.9998317,3.0632914e-06,0,0.0,0.9154662322566659,False
16,8,472080.0,9729700.0,32.748863633052906,-2.445450365139008,SeaLake,0.9931999,0.00048835773,0,0.0,0.9197476640649681,False
16,9,472720.0,9729700.0,32.7546203046926,-2.445451435611412,Residential,0.74405354,0.74405354,6,26.0,1.2934423484267537,False
16,10,473360.0,9729700.0,32.760376978830514,-2.4454524812620164,Residential,0.7191907,0.7191907,23,99.0,1.821881020224555,False
16,11,474000.0,9729700.0,32.76613365540804,-2.445453502090771,SeaLake,0.99998605,1.4183668e-07,0,0.0,2.405141949034446,False
16,12,474640.0,9729700.0,32.77189033436657,-2.4454544980976225,SeaLake,0.99995315,5.253255e-07,0,0.0,3.0115386662229597,False
16,13,475280.0,9729700.0,32.77764701564749,-2.445455469282522,SeaLake,0.9998561,2.899272e-06,0,0.0,3.6294934193777943,False
16,14,475920.0,9729700.0,32.7834036991922,-2.4454564156454186,SeaLake,0.99970585,2.1504677e-06,0,0.0,4.253972240677819,False
16,15,476560.0,9729700.0,32.789160384942086,-2.445457337186267,SeaLake,0.99787676,5.6901968e-06,0,0.0,4.882472444121749,False
16,16,477200.0,9729700.0,32.79491707283855,-2.445458233905018,SeaLake,0.99995553,4.1760978e-07,0,0.0,5.513619003046816,False
16,17,477840.0,9729700.0,32.800673762822974,-2.4454591058016275,SeaLake,0.99980974,7.668453e-07,0,0.0,6.146596770076081,False
16,18,478480.0,9729700.0,32.80643045483676,-2.4454599528760514,SeaLake,0.99989223,1.2563399e-06,0,0.0,6.780892949830462,False
16,19,479120.0,9729700.0,32.81218714882128,-2.445460775128248,SeaLake,0.9999695,3.4676103e-07,0,0.0,7.416169263185085,False
16,20,479760.0,9729700.0,32.817943844717945,-2.4454615725581736,SeaLake,0.99991035,1.8371038e-06,0,0.0,8.05219373111216,False
16,21,480400.0,9729700.0,32.82370054246814,-2.4454623451657898,SeaLake,0.9999584,7.5282674e-07,0,0.0,8.688802059347003,False
16,22,481040.0,9729700.0,32.829457242013255,-2.445463092951057,SeaLake,0.9998547,2.4348622e-06,0,0.0,8.778669363848149,False
16,23,481680.0,9729700.0,32.83521394329468,-2.445463815913937,SeaLake,0.99982417,3.2541745e-06,0,0.0,8.266238893185411,False
16,24,482320.0,9729700.0,32.840970646253815,-2.445464514054393,SeaLake,0.9998733,1.92975e-06,0,0.0,7.772745658945508,False
16,25,482960.0,9729700.0,32.84672735083204,-2.445465187372391,SeaLake,0.99979913,3.4635846e-06,0,0.0,7.302030177841047,False
16,26,483600.0,9729700.0,32.85248405697075,-2.445465835867896,SeaLake,0.99996793,6.6413793e-07,0,0.0,6.858783737481919,False
16,27,484240.0,9729700.0,32.85824076461134,-2.445466459540876,SeaLake,0.9998568,2.7286312e-06,0,0.0,6.2484744475170215,False
16,28,484880.0,9729700.0,32.86399747369519,-2.4454670583912987,SeaLake,0.9999217,1.7394825e-06,0,0.0,5.6281142650666585,False
16,29,485520.0,9729700.0,32.8697541841637,-2.4454676324191347,SeaLake,0.999964,4.7754287e-07,0,0.0,5.012694628642411,False
16,30,486160.0,9729700.0,32.875510895958264,-2.4454681816243538,SeaLake,0.999972,4.432298e-07,0,0.0,4.404287081854922,False
16,31,486800.0,9729700.0,32.88126760902026,-2.44546870600693,SeaLake,0.99997926,7.209382e-07,0,0.0,3.806255634973538,False
16,32,487440.0,9729700.0,32.887024323291094,-2.445469205566835,SeaLake,0.9999502,4.9670837e-07,0,0.0,3.224378888738337,False
16,33,488080.0,9729700.0,32.89278103871214,-2.4454696803040448,SeaLake,0.99956673,9.170995e-06,0,0.0,2.6692426786478483,False
16,34,488720.0,9729700.0,32.898537755224794,-2.445470130218535,SeaLake,0.9998212,4.9380706e-06,0,0.0,2.161548920771585,False
16,35,489360.0,9729700.0,32.90429447277045,-2.445470555310283,Residential,0.9939738,0.9939738,144,619.0,1.7432529926153773,False
16,36,490000.0,9729700.0,32.910051191290506,-2.445470955579267,Residential,0.82334274,0.82334274,222,955.0,1.4915657061075565,False
16,37,490640.0,9729700.0,32.915807910726336,-2.445471331025467,Residential,0.37824237,0.37824237,26,112.0,1.4932533324957953,False
16,38,491280.0,9729700.0,32.92156463101934,-2.4454716816488644,Pasture,0.39358848,0.04497597,38,163.0,1.609148911833313,False
16,39,491920.0,9729700.0,32.92732135211091,-2.4454720074494407,AnnualCrop,0.49815676,0.0011528635,20,86.0,1.7504133954222874,False
16,40,492560.0,9729700.0,32.93307807394242,-2.44547230842718,PermanentCrop,0.94904566,0.0048376727,7,30.0,2.0875185961550677,False
16,41,493200.0,9729700.0,32.93883479645528,-2.445472584582068,HerbaceousVegetation,0.72214293,0.0014339595,0,0.0,2.543761137314718,False
16,42,493840.0,9729700.0,32.94459151959087,-2.4454728359140883,HerbaceousVegetation,0.9346996,0.0026598368,2,9.0,3.0664160771382796,False
16,43,494480.0,9729700.0,32.95034824329059,-2.44547306242323,HerbaceousVegetation,0.99827373,2.0133331e-05,96,413.0,3.6268849433848267,False
16,44,495120.0,9729700.0,32.95610496749581,-2.4454732641094816,HerbaceousVegetation,0.84614074,0.008278865,84,361.0,4.014916718688833,False
16,45,495760.0,9729700.0,32.96186169214794,-2.4454734409728323,Residential,0.9678674,0.9678674,248,1066.0,4.4011597730005745,False
16,46,496400.0,9729700.0,32.967618417188355,-2.445473593013274,Residential,0.6379431,0.6379431,153,658.0,3.87175566609577,False
16,47,497040.0,9729700.0,32.97337514255846,-2.445473720230799,HerbaceousVegetation,0.6658627,0.24150437,57,245.0,3.3612150260627787,False
16,48,497680.0,9729700.0,32.97913186819963,-2.4454738226254,HerbaceousVegetation,0.67788583,0.23624763,39,168.0,2.9024543002286376,False
16,49,498320.0,9729700.0,32.98488859405327,-2.445473900197072,HerbaceousVegetation,0.5862897,0.29476368,48,206.0,2.5238691484308804,False
16,50,498960.0,9729700.0,32.99064532006075,-2.44547395294581,Residential,0.88898724,0.88898724,127,546.0,2.2660075004038984,False
16,51,499600.0,9729700.0,32.99640204616348,-2.445473980871614,HerbaceousVegetation,0.9041756,0.003357376,56,241.0,2.1722947556379704,False
16,52,500240.0,9729700.0,33.00215877230284,-2.445473983974481,HerbaceousVegetation,0.78361714,0.09212622,14,60.0,2.2632143112965983,False
16,53,500880.0,9729700.0,33.007915498420225,-2.4454739622544115,HerbaceousVegetation,0.862973,0.0035438095,4,17.0,2.0170686248460603,False
16,54,501520.0,9729700.0,33.01367222445701,-2.445473915711406,HerbaceousVegetation,0.9899334,0.0014841737,8,34.0,1.6845987451395026,False
16,55,502160.0,9729700.0,33.0194289503546,-2.445473844345467,HerbaceousVegetation,0.9987645,2.1527785e-06,11,47.0,1.5576841871550207,False
16,56,502800.0,9729700.0,33.025185676054384,-2.4454737481565982,HerbaceousVegetation,0.9732131,0.012285061,14,60.0,1.6834747166797626,False
16,57,503440.0,9729700.0,33.03094240149775,-2.4454736271448043,HerbaceousVegetation,0.9132944,0.025554368,37,159.0,2.0151908635380464,False
16,58,504080.0,9729700.0,33.03669912662609,-2.445473481310091,HerbaceousVegetation,0.5159306,0.0016201091,29,125.0,2.4712550073342143,False
16,59,504720.0,9729700.0,33.04245585138078,-2.445473310652466,HerbaceousVegetation,0.88263714,0.003315854,0,0.0,2.2329348838671192,False
16,60,505360.0,9729700.0,33.048212575703225,-2.44547311517194,HerbaceousVegetation,0.7665088,0.0015734893,0,0.0,1.6115427084621565,False
16,61,506000.0,9729700.0,33.05396929953481,-2.445472894868519,HerbaceousVegetation,0.9979843,8.782596e-05,3,13.0,1.0135786140228202,False
16,62,506640.0,9729700.0,33.059726022816925,-2.445472649742217,HerbaceousVegetation,0.8591356,0.04526049,166,714.0,0.5261305089151349,False
16,63,507280.0,9729700.0,33.06548274549096,-2.445472379793045,HerbaceousVegetation,0.85208344,0.009675105,38,163.0,0.5877797359710324,False
16,64,507920.0,9729700.0,33.07123946749832,-2.445472085021017,HerbaceousVegetation,0.9484707,0.017471842,0,0.0,1.11056594744529,False
16,65,508560.0,9729700.0,33.07699618878036,-2.4454717654261486,HerbaceousVegetation,0.8970708,0.061955526,50,215.0,1.7147677478982197,False
16,66,509200.0,9729700.0,33.0827529092785,-2.4454714210084547,HerbaceousVegetation,0.8659329,0.0057388605,19,82.0,2.3380975460486693,False
16,67,509840.0,9729700.0,33.08850962893412,-2.445471051767954,HerbaceousVegetation,0.9982394,2.177478e-05,15,64.0,2.968530249205099,False
16,68,510480.0,9729700.0,33.09426634768861,-2.4454706577046634,HerbaceousVegetation,0.66278297,0.120032914,44,189.0,3.6023386217917612,False
16,69,511120.0,9729700.0,33.10002306548336,-2.4454702388186047,HerbaceousVegetation,0.9934562,0.00013370313,17,73.0,3.858719058173095,False
16,70,511760.0,9729700.0,33.10577978225976,-2.4454697951097986,HerbaceousVegetation,0.99587375,0.0012465694,19,82.0,3.6773577937417454,False
16,71,512400.0,9729700.0,33.111536497959214,-2.4454693265782663,HerbaceousVegetation,0.94680786,0.0018566585,20,86.0,3.132394759437246,False
16,72,513040.0,9729700.0,33.11729321252309,-2.445468833224033,HerbaceousVegetation,0.8989811,0.0014948292,31,133.0,2.6305956577753804,False
16,73,513680.0,9729700.0,33.123049925892786,-2.445468315047122,HerbaceousVegetation,0.71128094,0.18690121,8,34.0,2.2016743856582086,False
16,74,514320.0,9729700.0,33.1288066380097,-2.445467772047561,SeaLake,0.62385136,0.030582035,0,0.0,1.8957601868960678,False
16,75,514960.0,9729700.0,33.13456334881522,-2.4454672042253764,SeaLake,0.9995695,3.987214e-05,0,0.0,1.7775385430355588,False
16,76,515600.0,9729700.0,33.14032005825073,-2.445466611580598,SeaLake,0.9992505,1.1486782e-05,0,0.0,1.88270546228924,False
16,77,516240.0,9729700.0,33.14607676625763,-2.445465994113254,SeaLake,0.99909365,1.4263861e-05,0,0.0,2.1791549838160904,False
16,78,516880.0,9729700.0,33.151833472777305,-2.445465351823378,SeaLake,0.99908984,1.3901014e-05,0,0.0,2.6023168579647,False
16,79,517520.0,9729700.0,33.157590177751146,-2.445464684711,SeaLake,0.9991695,1.2644587e-05,0,0.0,3.1007401721208487,False
16,80,518160.0,9729700.0,33.163346881120546,-2.445463992776154,SeaLake,0.99849,2.1993337e-05,0,0.0,3.6436693319730313,False
16,81,518800.0,9729700.0,33.16910358282689,-2.445463276018877,SeaLake,0.99876934,1.9099038e-05,0,0.0,4.213936732619222,False
16,82,519440.0,9729700.0,33.17486028281158,-2.445462534439203,SeaLake,0.99889296,1.7325028e-05,0,0.0,4.801812092561966,False
16,83,520080.0,9729700.0,33.180616981016,-2.44546176803717,SeaLake,0.9988129,1.872189e-05,0,0.0,5.401549403461111,False
16,84,520720.0,9729700.0,33.18637367738154,-2.4454609768128184,SeaLake,0.99886876,1.7647466e-05,0,0.0,6.009598367926749,False
16,85,521360.0,9729700.0,33.1921303718496,-2.4454601607661863,SeaLake,0.9957319,6.4437576e-05,0,0.0,6.6236703669147525,False
17,0,466960.0,9729060.0,32.70280908133859,-2.45123100402948,SeaLake,0.9999378,2.7480658e-06,0,0.0,5.023052284924967,False
17,1,467600.0,9729060.0,32.7085657555899,-2.4512322760824663,SeaLake,0.9997658,3.6338472e-06,0,0.0,4.416391241753915,False
17,2,468240.0,9729060.0,32.714322432808345,-2.451233523255284,SeaLake,0.9999505,6.897437e-07,0,0.0,3.820624156259215,False
17,3,468880.0,9729060.0,32.72007911293532,-2.4512347455478687,SeaLake,0.9997865,3.136924e-06,0,0.0,3.2417628362577955,False
17,4,469520.0,9729060.0,32.72583579591221,-2.45123594296016,SeaLake,0.9998487,8.965077e-06,0,0.0,2.6907403497351687,False
17,5,470160.0,9729060.0,32.731592481680416,-2.4512371154920967,SeaLake,0.9739957,0.0006863432,1,4.0,2.1886847586721325,False
17,6,470800.0,9729060.0,32.73734917018133,-2.4512382631436207,SeaLake,0.99992514,1.5787131e-06,0,0.0,1.7775821544993184,False
17,7,471440.0,9729060.0,32.743105861356334,-2.451239385914672,SeaLake,0.9998636,2.1546791e-06,0,0.0,1.532467180446351,False
17,8,472080.0,9729060.0,32.74886255514684,-2.451240483805196,SeaLake,0.9998995,1.7162171e-06,0,0.0,1.5350286649753284,False
17,9,472720.0,9729060.0,32.75461925149421,-2.451241556815136,SeaLake,0.999463,1.6491509e-05,0,0.0,1.7842001976927053,False
17,10,473360.0,9729060.0,32.76037595033986,-2.4512426049444382,SeaLake,0.9999566,1.1134068e-07,4,17.0,2.197641392174219,False
17,11,474000.0,9729060.0,32.76613265162518,-2.45124362819305,SeaLake,0.99993193,1.1076546e-06,0,0.0,2.700941508390766,False
17,12,474640.0,9729060.0,32.77188935529154,-2.451244626560919,SeaLake,0.99987054,1.1421872e-06,0,0.0,3.252651591378784,False
17,13,475280.0,9729060.0,32.77764606128035,-2.4512456000479954,SeaLake,0.99989605,1.443565e-06,0,0.0,3.8319185427210853,False
17,14,475920.0,9729060.0,32.783402769533,-2.4512465486542294,SeaLake,0.99995077,5.494284e-07,0,0.0,4.427940498832435,False
17,15,476560.0,9729060.0,32.78915947999088,-2.451247472379574,SeaLake,0.9999311,1.0212838e-06,0,0.0,5.034770541380331,False
17,16,477200.0,9729060.0,32.794916192595366,-2.451248371223981,SeaLake,0.9999379,9.0508104e-07,0,0.0,5.6489266013555115,False
17,17,477840.0,9729060.0,32.80067290728787,-2.4512492451874075,SeaLake,0.9999343,7.980613e-07,0,0.0,6.268255665705786,False
17,18,478480.0,9729060.0,32.80642962400976,-2.451250094269807,SeaLake,0.99988306,7.16749e-07,0,0.0,6.891363176745472,False
17,19,479120.0,9729060.0,32.812186342702454,-2.451250918471138,SeaLake,0.9998747,8.6557185e-07,0,0.0,7.517309610289721,False
17,20,479760.0,9729060.0,32.81794306330732,-2.451251717791358,SeaLake,0.99996006,7.553544e-07,0,0.0,8.145440511114481,False
17,21,480400.0,9729060.0,32.82369978576575,-2.451252492230428,SeaLake,0.9999256,2.3955279e-06,0,0.0,8.775286802336188,False
17,22,481040.0,9729060.0,32.82945651001914,-2.451253241788306,SeaLake,0.9999176,1.7117628e-06,0,0.0,8.42281391125221,False
17,23,481680.0,9729060.0,32.83521323600888,-2.4512539664649577,SeaLake,0.999812,3.7250966e-06,0,0.0,7.887297624854082,False
17,24,482320.0,9729060.0,32.840969963676365,-2.4512546662603447,SeaLake,0.9997563,5.0408557e-06,0,0.0,7.36846886825709,False
17,25,482960.0,9729060.0,32.846726692962974,-2.451255341174431,SeaLake,0.99977136,3.4081436e-06,0,0.0,6.870109395192992,False
17,26,483600.0,9729060.0,32.8524834238101,-2.451255991207184,SeaLake,0.99991775,1.6799196e-06,0,0.0,6.3970049821275055,False
17,27,484240.0,9729060.0,32.85824015615914,-2.45125661635857,SeaLake,0.9999075,1.7758238e-06,0,0.0,5.955177779110311,False
17,28,484880.0,9729060.0,32.86399688995147,-2.4512572166285573,SeaLake,0.9999305,2.464446e-06,0,0.0,5.497219482246167,False
17,29,485520.0,9729060.0,32.8697536251285,-2.451257792017117,SeaLake,0.99996793,6.969558e-07,0,0.0,4.865270731969649,False
17,30,486160.0,9729060.0,32.8755103616316,-2.4512583425242176,SeaLake,0.99990773,1.6844622e-06,0,0.0,4.235740378580131,False
17,31,486800.0,9729060.0,32.88126709940216,-2.451258868149833,SeaLake,0.99995935,8.335879e-07,0,0.0,3.609893878510532,False
17,32,487440.0,9729060.0,32.88702383838158,-2.451259368893937,SeaLake,0.99941087,8.7988365e-06,0,0.0,2.9900453296700165,False
17,33,488080.0,9729060.0,32.89278057851125,-2.451259844756503,SeaLake,0.99996996,5.139015e-07,0,0.0,2.3808839393920787,False
17,34,488720.0,9729060.0,32.89853731973254,-2.451260295737508,SeaLake,0.9998834,1.0437267e-06,16,69.0,1.7933336533475324,False
17,35,489360.0,9729060.0,32.90429406198686,-2.451260721836929,Residential,0.6166182,0.6166182,246,1058.0,1.258047237428894,False
17,36,490000.0,9729060.0,32.9100508052156,-2.4512611230547434,Residential,0.9994974,0.9994974,582,2503.0,0.8766527881528338,False
17,37,490640.0,9729060.0,32.91580754936014,-2.4512614993909327,AnnualCrop,0.6643374,0.2907964,460,1978.0,0.8795211028450665,False
17,38,491280.0,9729060.0,32.92156429436186,-2.4512618508454764,Highway,0.59114087,0.0002078866,0,0.0,0.9696778241598966,False
17,39,491920.0,9729060.0,32.92732104016216,-2.4512621774183576,HerbaceousVegetation,0.9880139,0.00043131755,9,39.0,1.1894796833434842,False
17,40,492560.0,9729060.0,32.933077786702434,-2.4512624791095594,HerbaceousVegetation,0.9862297,0.0042674127,7,30.0,1.6457972996412285,False
17,41,493200.0,9729060.0,32.93883453392405,-2.451262755919068,Highway,0.44189152,0.0029400687,4,17.0,2.1958223029029016,False
17,42,493840.0,9729060.0,32.94459128176843,-2.4512630078468662,AnnualCrop,0.35788935,0.032637488,12,52.0,2.784568623745023,False
17,43,494480.0,9729060.0,32.95034803017693,-2.451263234892944,River,0.43850717,0.13738315,33,142.0,3.132943216788756,False
17,44,495120.0,9729060.0,32.956104779090964,-2.45126343705729,HerbaceousVegetation,0.7662126,0.002911474,47,202.0,3.4995405825756656,False
17,45,495760.0,9729060.0,32.961861528451905,-2.451263614339892,HerbaceousVegetation,0.9181498,0.005100166,108,464.0,3.936678216284052,False
17,46,496400.0,9729060.0,32.967618278201144,-2.451263766740744,Highway,0.33263758,0.28919727,139,598.0,3.552402264061615,False
17,47,497040.0,9729060.0,32.97337502828007,-2.4512638942598346,PermanentCrop,0.78631675,0.007790615,158,679.0,2.987781176591685,False
17,48,497680.0,9729060.0,32.97913177863008,-2.4512639968971603,HerbaceousVegetation,0.5635471,0.1484346,113,486.0,2.460347713775657,False
17,49,498320.0,9729060.0,32.98488852919256,-2.451264074652715,HerbaceousVegetation,0.905222,0.046007127,45,194.0,1.9997463304545922,False
17,50,498960.0,9729060.0,32.99064527990888,-2.451264127526493,HerbaceousVegetation,0.49084446,0.44668612,111,477.0,1.662486059987305,False
17,51,499600.0,9729060.0,32.99640203072045,-2.451264155518495,Residential,0.50629944,0.50629944,77,331.0,1.5322971034161812,False
17,52,500240.0,9729060.0,33.00215878156866,-2.451264158628717,Residential,0.7494927,0.7494927,69,297.0,1.6586768602181454,False
17,53,500880.0,9729060.0,33.00791553239488,-2.4512641368571604,HerbaceousVegetation,0.99567056,0.0017125633,67,288.0,1.993410003012083,False
17,54,501520.0,9729060.0,33.013672283140515,-2.4512640902038254,HerbaceousVegetation,0.9809115,0.00024110694,19,82.0,2.2893902666740464,False
17,55,502160.0,9729060.0,33.019429033746945,-2.4512640186687147,HerbaceousVegetation,0.9685051,0.00078541547,2,9.0,2.1976839827256947,False
17,56,502800.0,9729060.0,33.02518578415557,-2.451263922251832,Residential,0.36663944,0.36663944,0,0.0,2.288563301007049,False
17,57,503440.0,9729060.0,33.030942534307755,-2.451263800953181,HerbaceousVegetation,0.6767798,0.02711045,9,39.0,2.5425241547532034,False
17,58,504080.0,9729060.0,33.03669928414492,-2.45126365477277,HerbaceousVegetation,0.6031548,0.30789956,62,267.0,2.832481624684024,False
17,59,504720.0,9729060.0,33.04245603360843,-2.4512634837106044,HerbaceousVegetation,0.9621645,0.0025181652,3,13.0,2.1942706897234734,False
17,60,505360.0,9729060.0,33.04821278263968,-2.451263287766694,HerbaceousVegetation,0.9913966,0.001616073,2,9.0,1.5575286724122948,False
17,61,506000.0,9729060.0,33.05396953118006,-2.451263066941048,HerbaceousVegetation,0.8259714,0.0033971292,52,224.0,0.9252930730278288,False
17,62,506640.0,9729060.0,33.05972627917097,-2.451262821233678,Residential,0.61712176,0.61712176,184,791.0,0.32502150175051603,False
17,63,507280.0,9729060.0,33.06548302655377,-2.4512625506445964,HerbaceousVegetation,0.97057015,0.0014543947,3,13.0,0.4175053079986391,False
17,64,507920.0,9729060.0,33.07123977326987,-2.451262255173817,HerbaceousVegetation,0.94277155,0.003991365,0,0.0,1.030622330348958,False
17,65,508560.0,9729060.0,33.07699651926066,-2.451261934821354,HerbaceousVegetation,0.9734081,0.00030612922,2,9.0,1.6641075967078556,False
17,66,509200.0,9729060.0,33.08275326446752,-2.451261589587223,HerbaceousVegetation,0.9891221,0.00088159234,16,69.0,2.3012009471203663,False
17,67,509840.0,9729060.0,33.08851000883185,-2.4512612194714443,HerbaceousVegetation,0.985038,0.009271157,28,120.0,2.9395573654267317,False
17,68,510480.0,9729060.0,33.09426675229503,-2.451260824474034,HerbaceousVegetation,0.9221918,0.00018907261,6,26.0,3.578500972508101,False
17,69,511120.0,9729060.0,33.10002349479845,-2.4512604045950126,HerbaceousVegetation,0.9907647,0.0006498271,13,56.0,4.023395096236406,False
17,70,511760.0,9729060.0,33.1057802362835,-2.451259959834402,HerbaceousVegetation,0.8970124,0.004990788,45,194.0,3.4143000287285723,False
17,71,512400.0,9729060.0,33.11153697669156,-2.451259490192224,HerbaceousVegetation,0.9918166,0.0024465732,4,17.0,2.8189326476403602,False
17,72,513040.0,9729060.0,33.11729371596404,-2.451258995668502,HerbaceousVegetation,0.98966885,0.0018170943,39,168.0,2.2482254908459374,False
17,73,513680.0,9729060.0,33.123050454042314,-2.4512584762632623,Highway,0.52963513,0.011440972,95,408.0,1.7268046917489595,False
17,74,514320.0,9729060.0,33.128807190867775,-2.4512579319765297,HerbaceousVegetation,0.9738591,0.000775317,33,142.0,1.3146828625957603,False
17,75,514960.0,9729060.0,33.134563926381816,-2.451257362808332,SeaLake,0.8007403,0.0019264042,3,13.0,1.1375972991176388,False
17,76,515600.0,9729060.0,33.140320660525816,-2.451256768758699,SeaLake,0.9987822,1.9584812e-05,0,0.0,1.2957870969864265,False
17,77,516240.0,9729060.0,33.14607739324117,-2.4512561498276595,SeaLake,0.9991874,1.27588955e-05,0,0.0,1.6979990537315603,False
17,78,516880.0,9729060.0,33.15183412446927,-2.451255506015245,SeaLake,0.9992049,1.2724658e-05,0,0.0,2.2150705117964162,False
17,79,517520.0,9729060.0,33.1575908541515,-2.451254837321489,SeaLake,0.9991955,1.2900636e-05,0,0.0,2.783715854390818,False
17,80,518160.0,9729060.0,33.163347582229264,-2.451254143746425,SeaLake,0.9989266,1.6853814e-05,0,0.0,3.377989127238802,False
17,81,518800.0,9729060.0,33.16910430864393,-2.451253425290086,SeaLake,0.9988425,1.739564e-05,0,0.0,3.9864454253758863,False
17,82,519440.0,9729060.0,33.17486103333691,-2.4512526819525107,SeaLake,0.99914813,1.3391075e-05,0,0.0,4.603464316713783,False
17,83,520080.0,9729060.0,33.180617756249575,-2.4512519137337354,SeaLake,0.9989743,1.5601077e-05,0,0.0,5.226013806048915,False
17,84,520720.0,9729060.0,33.186374477323334,-2.451251120633799,SeaLake,0.9989667,1.5704632e-05,0,0.0,5.852329184758033,False
17,85,521360.0,9729060.0,33.19213119649955,-2.4512503026527424,SeaLake,0.99898475,1.5751533e-05,0,0.0,6.481318806579984,False
18,0,466960.0,9728420.0,32.70280780274738,-2.457021099774368,SeaLake,0.9998896,1.9697059e-06,0,0.0,5.249822044015675,False
18,1,467600.0,9728420.0,32.708564501764506,-2.457022374835628,SeaLake,0.9998939,1.8017854e-06,0,0.0,4.6726960993610165,False
18,2,468240.0,9728420.0,32.71432120374883,-2.45702362495788,SeaLake,0.999912,1.6646511e-06,0,0.0,4.11421270477529,False
18,3,468880.0,9728420.0,32.72007790864175,-2.4570248501410603,SeaLake,0.99957734,7.6695405e-06,0,0.0,3.5830997088115146,False
18,4,469520.0,9728420.0,32.725834616384645,-2.457026050385108,SeaLake,0.9995244,9.138548e-06,0,0.0,3.0934868460098404,False
18,5,470160.0,9728420.0,32.731591326918924,-2.457027225689961,SeaLake,0.9998623,2.3490118e-06,0,0.0,2.668317486654589,False
18,6,470800.0,9728420.0,32.737348040185964,-2.457028376055561,SeaLake,0.9996926,4.487041e-06,0,0.0,2.3429416451839797,False
18,7,471440.0,9728420.0,32.74310475612715,-2.457029501481851,SeaLake,0.9999169,1.6775953e-06,0,0.0,2.1628760703951952,False
18,8,472080.0,9728420.0,32.748861474683885,-2.457030601968772,SeaLake,0.99973696,4.332569e-06,0,0.0,2.1646917191690163,False
18,9,472720.0,9728420.0,32.754618195797555,-2.45703167751627,SeaLake,0.99983037,2.817214e-06,0,0.0,2.3479666910307015,False
18,10,473360.0,9728420.0,32.76037491940955,-2.457032728124289,SeaLake,0.9997883,3.1272518e-06,0,0.0,2.6756690612518605,False
18,11,474000.0,9728420.0,32.766131645461265,-2.4570337537927784,SeaLake,0.99986744,2.1505714e-06,0,0.0,3.1023639806591294,False
18,12,474640.0,9728420.0,32.77188837389408,-2.4570347545216835,SeaLake,0.9999231,1.1655007e-06,0,0.0,3.592954162196049,False
18,13,475280.0,9728420.0,32.77764510464938,-2.457035730310956,SeaLake,0.9999747,3.2407655e-07,0,0.0,4.12470325657406,False
18,14,475920.0,9728420.0,32.78340183766857,-2.457036681160546,SeaLake,0.9999373,9.1198433e-07,0,0.0,4.683613380494104,False
18,15,476560.0,9728420.0,32.789158572893044,-2.457037607070405,SeaLake,0.9999399,6.692317e-07,0,0.0,5.261035225228411,False
18,16,477200.0,9728420.0,32.79491531026417,-2.457038508040488,SeaLake,0.9995447,6.940881e-06,0,0.0,5.851491176122964,False
18,17,477840.0,9728420.0,32.80067204972335,-2.4570393840707463,SeaLake,0.9996393,5.232372e-06,0,0.0,6.4514034385857215,False
18,18,478480.0,9728420.0,32.806428791211985,-2.4570402351611373,SeaLake,0.99981296,2.0866344e-06,0,0.0,7.058361259566303,False
18,19,479120.0,9728420.0,32.81218553467144,-2.457041061311619,SeaLake,0.99997246,4.3107107e-07,0,0.0,7.670692342526661,False
18,20,479760.0,9728420.0,32.81794228004311,-2.457041862522149,SeaLake,0.9999713,5.073231e-07,0,0.0,8.002492988310314,False
18,21,480400.0,9728420.0,32.82369902726839,-2.4570426387926867,SeaLake,0.99993324,3.4255138e-06,0,0.0,8.271713612330192,False
18,22,481040.0,9728420.0,32.829455776288675,-2.4570433901231925,SeaLake,0.99994516,1.4999117e-06,0,0.0,8.101959797937868,False
18,23,481680.0,9728420.0,32.83521252704534,-2.457044116513629,SeaLake,0.99996305,9.371787e-07,0,0.0,7.543700829622455,False
18,24,482320.0,9728420.0,32.840969279479786,-2.4570448179639595,SeaLake,0.9998971,2.275491e-06,0,0.0,6.999449395937627,False
18,25,482960.0,9728420.0,32.84672603353339,-2.4570454944741487,SeaLake,0.9995893,6.823471e-06,0,0.0,6.472739874715861,False
18,26,483600.0,9728420.0,32.852482789147544,-2.457046146044161,SeaLake,0.9998987,1.4810217e-06,0,0.0,5.968218421370133,False
18,27,484240.0,9728420.0,32.85823954626365,-2.4570467726739658,SeaLake,0.9999174,1.658828e-06,0,0.0,5.492003347106308,False
18,28,484880.0,9728420.0,32.863996304823075,-2.4570473743635297,SeaLake,0.99988234,3.3369606e-06,0,0.0,5.05210554166003,False
18,29,485520.0,9728420.0,32.86975306476722,-2.457047951112824,SeaLake,0.9999547,1.1956128e-06,0,0.0,4.658823890588383,False
18,30,486160.0,9728420.0,32.875509826037465,-2.457048502921816,SeaLake,0.9999832,2.3952282e-07,0,0.0,4.159861585446582,False
18,31,486800.0,9728420.0,32.88126658857521,-2.4570490297904826,SeaLake,0.99996245,7.8951354e-07,0,0.0,3.5205518984170387,False
18,32,487440.0,9728420.0,32.887023352321826,-2.457049531718794,SeaLake,0.99995303,9.897376e-07,0,0.0,2.881548703184016,False
18,33,488080.0,9728420.0,32.89278011721872,-2.4570500087067257,SeaLake,0.9998541,4.6369456e-07,0,0.0,2.2431139489992806,False
18,34,488720.0,9728420.0,32.89853688320727,-2.4570504607542545,SeaLake,0.99996257,7.04357e-07,0,0.0,1.605925729157115,False
18,35,489360.0,9728420.0,32.904293650228865,-2.457050887861356,SeaLake,0.99740785,2.966034e-05,15,64.0,0.9724375079882903,False
18,36,490000.0,9728420.0,32.91005041822489,-2.457051290028009,Residential,0.31895077,0.31895077,388,1668.0,0.3625906318648363,False
18,37,490640.0,9728420.0,32.915807187136735,-2.4570516672541944,Residential,0.95112544,0.95112544,702,3019.0,0.36947154922917425,False
18,38,491280.0,9728420.0,32.92156395690579,-2.4570520195398924,Residential,0.5112775,0.5112775,140,602.0,0.3322498229955974,False
18,39,491920.0,9728420.0,32.92732072747344,-2.4570523468850847,HerbaceousVegetation,0.9759394,0.007422183,0,0.0,0.764837747041848,False
18,40,492560.0,9728420.0,32.933077498781074,-2.457052649289755,HerbaceousVegetation,0.9034322,0.016469622,51,219.0,1.370679982242206,False
18,41,493200.0,9728420.0,32.93883427077009,-2.4570529267538883,HerbaceousVegetation,0.98378724,0.0032185435,8,34.0,1.9979365475757578,False
18,42,493840.0,9728420.0,32.94459104338185,-2.4570531792774704,HerbaceousVegetation,0.97582734,0.0005526967,8,34.0,2.269253212234863,False
18,43,494480.0,9728420.0,32.95034781655776,-2.457053406860489,HerbaceousVegetation,0.8168601,0.028725052,1,4.0,2.600338676155396,False
18,44,495120.0,9728420.0,32.9561045902392,-2.457053609502932,HerbaceousVegetation,0.99754107,0.00017959042,2,9.0,3.0320310552797696,False
18,45,495760.0,9728420.0,32.961861364367564,-2.4570537872047904,HerbaceousVegetation,0.9540596,2.3515948e-05,8,34.0,3.527586059850604,False
18,46,496400.0,9728420.0,32.96761813888424,-2.457053939966053,HerbaceousVegetation,0.999791,1.1618771e-07,40,172.0,3.326835095623989,False
18,47,497040.0,9728420.0,32.97337491373061,-2.457054067786714,Residential,0.58113116,0.58113116,161,692.0,2.7157146880629752,False
18,48,497680.0,9728420.0,32.97913168884806,-2.457054170666765,Residential,0.94118714,0.94118714,177,761.0,2.1216929043682287,False
18,49,498320.0,9728420.0,32.984888464177985,-2.4570542486062035,HerbaceousVegetation,0.43658736,0.16864434,123,529.0,1.5643705743627356,False
18,50,498960.0,9728420.0,32.99064523966177,-2.457054301605024,HerbaceousVegetation,0.9835439,0.0019664078,66,284.0,1.1009676686522185,False
18,51,499600.0,9728420.0,32.99640201524079,-2.457054329663224,HerbaceousVegetation,0.5637173,0.36883256,123,529.0,0.8923028190603274,False
18,52,500240.0,9728420.0,33.002158790856456,-2.457054332780801,Residential,0.8199709,0.8199709,199,856.0,1.0952072107087834,False
18,53,500880.0,9728420.0,33.00791556645014,-2.4570543109577576,HerbaceousVegetation,0.92585397,0.04191686,51,219.0,1.5562626217557303,False
18,54,501520.0,9728420.0,33.01367234196322,-2.457054264194092,HerbaceousVegetation,0.983466,0.008409291,22,95.0,2.1127299546699114,False
18,55,502160.0,9728420.0,33.019429117337104,-2.457054192489809,HerbaceousVegetation,0.9978253,0.00012863408,29,125.0,2.7063817866008915,False
18,56,502800.0,9728420.0,33.02518589251317,-2.457054095844909,HerbaceousVegetation,0.97580826,2.4360774e-05,5,22.0,2.90863487631785,False
18,57,503440.0,9728420.0,33.030942667432804,-2.4570539742593995,HerbaceousVegetation,0.9789159,0.0005450628,12,52.0,3.112404848106969,False
18,58,504080.0,9728420.0,33.0366994420374,-2.457053827733287,HerbaceousVegetation,0.9873842,0.00011137842,20,86.0,2.9446524104487293,False
18,59,504720.0,9728420.0,33.042456216268334,-2.457053656266577,HerbaceousVegetation,0.96558017,0.0018507375,23,99.0,2.337273951416134,False
18,60,505360.0,9728420.0,33.048212990067,-2.45705345985928,HerbaceousVegetation,0.9706943,0.008203773,35,150.0,1.7532601716731226,False
18,61,506000.0,9728420.0,33.05396976337479,-2.457053238511404,HerbaceousVegetation,0.96922237,0.0021107045,46,198.0,1.2264554354652049,False
18,62,506640.0,9728420.0,33.059726536133084,-2.457052992222961,HerbaceousVegetation,0.96525836,0.016380433,27,116.0,0.8681386068992799,False
18,63,507280.0,9728420.0,33.06548330828328,-2.457052720993964,HerbaceousVegetation,0.984183,0.00027946907,46,198.0,0.9068276277197891,False
18,64,507920.0,9728420.0,33.071240079766746,-2.4570524248244268,HerbaceousVegetation,0.9474756,0.002338218,4,17.0,1.3077492313141605,False
18,65,508560.0,9728420.0,33.07699685052489,-2.457052103714364,HerbaceousVegetation,0.9980369,1.0574934e-05,0,0.0,1.8485885852751704,False
18,66,509200.0,9728420.0,33.08275362049908,-2.4570517576637907,HerbaceousVegetation,0.928575,0.030290712,59,254.0,2.437940004023178,False
18,67,509840.0,9728420.0,33.08851038963073,-2.457051386672725,HerbaceousVegetation,0.98069626,3.614471e-05,35,150.0,3.047789882656515,False
18,68,510480.0,9728420.0,33.0942671578612,-2.4570509907411875,Pasture,0.484021,0.026735837,9,39.0,3.667927872032149,False
18,69,511120.0,9728420.0,33.10002392513191,-2.457050569869196,HerbaceousVegetation,0.9643733,0.004534416,30,129.0,3.8911942181548755,False
18,70,511760.0,9728420.0,33.10578069138421,-2.457050124056772,HerbaceousVegetation,0.9977446,9.484934e-06,48,206.0,3.257472797915386,False
18,71,512400.0,9728420.0,33.11153745655951,-2.4570496533039385,HerbaceousVegetation,0.9855188,0.00084357726,1,4.0,2.626797596868754,False
18,72,513040.0,9728420.0,33.1172942205992,-2.45704915761072,HerbaceousVegetation,0.95600003,0.025125187,1,4.0,2.0020495000554366,False
18,73,513680.0,9728420.0,33.12305098344465,-2.45704863697714,HerbaceousVegetation,0.99778676,0.00037292155,95,408.0,1.3912364236279138,False
18,74,514320.0,9728420.0,33.12880774503727,-2.4570480914032253,HerbaceousVegetation,0.9781562,0.0074578132,115,494.0,0.8258785456625882,False
18,75,514960.0,9728420.0,33.13456450531844,-2.457047520889005,SeaLake,0.8876429,0.0002528724,12,52.0,0.497807149348536,False
18,76,515600.0,9728420.0,33.14032126422954,-2.457046925434505,SeaLake,0.99881464,1.716633e-05,0,0.0,0.7954549287667274,False
18,77,516240.0,9728420.0,33.14607802171196,-2.4570463050397584,SeaLake,0.99884534,1.677618e-05,0,0.0,1.3553173537795653,False
18,78,516880.0,9728420.0,33.1518347777071,-2.457045659704794,SeaLake,0.99879265,1.889981e-05,0,0.0,1.9647446946646292,False
18,79,517520.0,9728420.0,33.15759153215633,-2.4570449894296456,SeaLake,0.99822766,2.6617281e-05,0,0.0,2.588968578598352,False
18,80,518160.0,9728420.0,33.163348285001064,-2.457044294214348,SeaLake,0.9987644,1.828609e-05,0,0.0,3.2193935588440152,False
18,81,518800.0,9728420.0,33.16910503618267,-2.4570435740589347,SeaLake,0.99860305,2.0199948e-05,0,0.0,3.8529769623608052,False
18,82,519440.0,9728420.0,33.17486178564255,-2.4570428289634423,SeaLake,0.998708,1.9191124e-05,0,0.0,4.488381451953462,False
18,83,520080.0,9728420.0,33.180618533322075,-2.45704205892791,SeaLake,0.99997866,4.5818105e-08,59,254.0,5.124929720883656,True
18,84,520720.0,9728420.0,33.18637527916264,-2.457041263952374,SeaLake,0.99665064,0.00024962463,3,13.0,5.762242725688791,True
18,85,521360.0,9728420.0,33.19213202310565,-2.4570404440368763,SeaLake,0.99918276,8.656179e-06,0,0.0,6.400092016175249,False
19,0,466960.0,9727780.0,32.70280652113036,-2.462811195015276,SeaLake,0.99963033,3.2711098e-06,0,0.0,5.541607053064651,False
19,1,467600.0,9727780.0,32.70856324497191,-2.462812473084833,SeaLake,0.9997123,4.192748e-06,0,0.0,4.998286313700591,False
19,2,468240.0,9727780.0,32.714319971780725,-2.4628137261565435,SeaLake,0.99994123,1.3079231e-06,0,0.0,4.480571773432201,False
19,3,468880.0,9727780.0,32.7200767014982,-2.4628149542303435,SeaLake,0.999759,3.443628e-06,0,0.0,3.9984222838549877,False
19,4,469520.0,9727780.0,32.72583343406571,-2.4628161573061704,SeaLake,0.999541,6.5360005e-06,0,0.0,3.5662919262420014,False
19,5,470160.0,9727780.0,32.73159016942466,-2.4628173353839635,SeaLake,0.999268,1.2378672e-05,0,0.0,3.20448052675151,False
19,6,470800.0,9727780.0,32.73734690751643,-2.4628184884636632,SeaLake,0.9996313,6.7090655e-06,0,0.0,2.9390734576530044,False
19,7,471440.0,9727780.0,32.743103648282414,-2.462819616545212,SeaLake,0.9999033,1.7676334e-06,0,0.0,2.7976436750649887,False
19,8,472080.0,9727780.0,32.748860391664,-2.462820719628552,SeaLake,0.99975926,2.9608327e-06,0,0.0,2.7990476015569805,False
19,9,472720.0,9727780.0,32.754617137602565,-2.462821797713627,SeaLake,0.99987674,2.1493756e-06,0,0.0,2.9430808379880826,False
19,10,473360.0,9727780.0,32.76037388603952,-2.462822850800385,SeaLake,0.9998516,1.721751e-06,0,0.0,3.210604641198194,False
19,11,474000.0,9727780.0,32.76613063691623,-2.462823878888771,SeaLake,0.99983037,2.3784823e-06,0,0.0,3.5739948944051574,False
19,12,474640.0,9727780.0,32.77188739017411,-2.4628248819787326,SeaLake,0.99990237,1.2475508e-06,0,0.0,4.007255525716433,False
19,13,475280.0,9727780.0,32.77764414575453,-2.4628258600702204,SeaLake,0.99994135,1.6115293e-06,0,0.0,4.490206475379015,False
19,14,475920.0,9727780.0,32.78340090359888,-2.462826813163185,SeaLake,0.99980223,2.9484659e-06,0,0.0,5.008493938769058,False
19,15,476560.0,9727780.0,32.78915766364855,-2.4628277412575765,SeaLake,0.9997835,2.7832236e-06,0,0.0,5.5522309820321,False
19,16,477200.0,9727780.0,32.79491442584493,-2.4628286443533494,SeaLake,0.9999418,8.9813284e-07,0,0.0,6.114632141101203,False
19,17,477840.0,9727780.0,32.80067119012941,-2.4628295224504586,SeaLake,0.9998847,2.4785809e-06,0,0.0,6.690992718882501,False
19,18,478480.0,9727780.0,32.806427956443365,-2.462830375548859,SeaLake,0.9994961,7.888659e-06,0,0.0,6.978721961840948,False
19,19,479120.0,9727780.0,32.812184724728205,-2.462831203648508,SeaLake,0.99971455,3.91382e-06,0,0.0,7.172552702987551,False
19,20,479760.0,9727780.0,32.8179414949253,-2.4628320067493625,SeaLake,0.99997365,3.2077142e-07,0,0.0,7.41671519836018,False
19,21,480400.0,9727780.0,32.823698266976045,-2.462832784851384,SeaLake,0.9999783,4.7388755e-07,0,0.0,7.7064269535265,False
19,22,481040.0,9727780.0,32.82945504082182,-2.462833537954531,SeaLake,0.99991465,2.6628502e-06,0,0.0,7.820416290148439,False
19,23,481680.0,9727780.0,32.835211816404026,-2.462834266058767,SeaLake,0.99991524,1.479372e-06,0,0.0,7.240482068941556,False
19,24,482320.0,9727780.0,32.84096859366404,-2.4628349691640543,SeaLake,0.99987483,1.6969103e-06,0,0.0,6.671540319154887,False
19,25,482960.0,9727780.0,32.846725372543254,-2.4628356472703583,SeaLake,0.9998466,2.4482006e-06,0,0.0,6.11665920822424,False
19,26,483600.0,9727780.0,32.85248215298306,-2.4628363003776435,SeaLake,0.9996517,5.4804523e-06,0,0.0,5.580034902130942,False
19,27,484240.0,9727780.0,32.85823893492483,-2.462836928485879,SeaLake,0.99987245,2.1503463e-06,0,0.0,5.067470685504216,False
19,28,484880.0,9727780.0,32.86399571830995,-2.462837531595031,SeaLake,0.9998622,1.3057683e-06,0,0.0,4.587039218045739,False
19,29,485520.0,9727780.0,32.86975250307983,-2.46283810970507,SeaLake,0.9999223,1.19708e-06,0,0.0,4.149915472312028,False
19,30,486160.0,9727780.0,32.87550928917584,-2.462838662815966,SeaLake,0.99998677,2.845779e-07,0,0.0,3.7711892112143954,False
19,31,486800.0,9727780.0,32.88126607653937,-2.462839190927693,SeaLake,0.99999774,2.2510001e-07,0,0.0,3.392617449720116,False
19,32,487440.0,9727780.0,32.88702286511181,-2.462839694040224,Residential,0.88843024,0.88843024,72,310.0,2.8070221615673376,False
19,33,488080.0,9727780.0,32.89277965483454,-2.4628401721535296,SeaLake,0.9710406,0.010707378,48,206.0,2.2512426948054514,False
19,34,488720.0,9727780.0,32.89853644564896,-2.4628406252675896,SeaLake,0.9999641,7.13796e-07,0,0.0,1.6616706361095799,False
19,35,489360.0,9727780.0,32.90429323749643,-2.462841053382381,SeaLake,0.9999714,4.3421463e-07,0,0.0,1.0619729574158094,False
19,36,490000.0,9727780.0,32.91005003031837,-2.462841456497881,Industrial,0.99495804,0.00012396429,106,456.0,0.5600212689319444,False
19,37,490640.0,9727780.0,32.91580682405613,-2.462841834614069,Residential,0.61663336,0.61663336,50,215.0,0.5645007360755254,False
19,38,491280.0,9727780.0,32.921563618651135,-2.462842187730928,Residential,0.9548664,0.9548664,160,688.0,0.31576068009449904,False
19,39,491920.0,9727780.0,32.92732041404474,-2.462842515848437,Residential,0.3275717,0.3275717,102,439.0,0.7578203227105913,False
19,40,492560.0,9727780.0,32.933077210178354,-2.4628428189665823,HerbaceousVegetation,0.99342793,0.0045012273,29,125.0,1.366776673759334,False
19,41,493200.0,9727780.0,32.93883400699335,-2.462843097085348,HerbaceousVegetation,0.9972228,9.9521185e-06,2,9.0,1.4567385087426672,False
19,42,493840.0,9727780.0,32.944590804431115,-2.4628433502047176,HerbaceousVegetation,0.4971606,0.0010401724,0,0.0,1.7073775716944288,False
19,43,494480.0,9727780.0,32.95034760243304,-2.4628435783246805,Forest,0.7668837,0.0013047612,1,4.0,2.127766261081447,False
19,44,495120.0,9727780.0,32.95610440094052,-2.462843781445226,HerbaceousVegetation,0.99964595,3.180046e-05,2,9.0,2.6379614006402514,False
19,45,495760.0,9727780.0,32.96186119989492,-2.462843959566342,HerbaceousVegetation,0.9985065,3.2493794e-05,0,0.0,3.19522948170225,False
19,46,496400.0,9727780.0,32.96761799923764,-2.46284411268802,HerbaceousVegetation,0.99938416,2.367643e-05,0,0.0,3.214856398230077,False
19,47,497040.0,9727780.0,32.973374798910065,-2.462844240810253,HerbaceousVegetation,0.9965509,1.5481208e-05,18,77.0,2.577319571711349,False
19,48,497680.0,9727780.0,32.97913159885357,-2.4628443439330336,HerbaceousVegetation,0.55386525,0.11848827,168,722.0,1.9414043082809613,False
19,49,498320.0,9727780.0,32.98488839900956,-2.462844422056358,Residential,0.7178528,0.7178528,146,628.0,1.3094751626882364,False
19,50,498960.0,9727780.0,32.9906451993194,-2.46284447518022,Residential,0.85788095,0.85788095,309,1329.0,0.6925313820924578,False
19,51,499600.0,9727780.0,32.9964019997245,-2.4628445033046176,Residential,0.48828045,0.48828045,96,413.0,0.25233752925079506,False
19,52,500240.0,9727780.0,33.00215880016623,-2.4628445064295508,HerbaceousVegetation,0.9911745,0.003316041,64,275.0,0.6833364779915544,False
19,53,500880.0,9727780.0,33.00791560058598,-2.4628444845550184,HerbaceousVegetation,0.9783903,0.015577205,57,245.0,1.2997781563172264,False
19,54,501520.0,9727780.0,33.01367240092513,-2.4628444376810226,HerbaceousVegetation,0.81833035,0.10238802,15,64.0,1.9316049723286888,False
19,55,502160.0,9727780.0,33.01942920112508,-2.4628443658075634,HerbaceousVegetation,0.73238134,0.04853904,50,215.0,2.5674836479733263,False
19,56,502800.0,9727780.0,33.0251860011272,-2.462844268934647,HerbaceousVegetation,0.7805097,0.13105014,23,99.0,3.205003400325174,False
19,57,503440.0,9727780.0,33.03094280087289,-2.4628441470622766,HerbaceousVegetation,0.99065536,0.00058648246,17,73.0,3.7052528658022843,False
19,58,504080.0,9727780.0,33.036699600303535,-2.4628440001904592,HerbaceousVegetation,0.9948664,2.149326e-05,11,47.0,3.1840545665158397,False
19,59,504720.0,9727780.0,33.0424563993605,-2.4628438283192016,HerbaceousVegetation,0.8908697,0.0014371437,33,142.0,2.6325035969884736,False
19,60,505360.0,9727780.0,33.048213197985206,-2.462843631448513,HerbaceousVegetation,0.9883187,0.0027601265,39,168.0,2.1309966902283377,False
19,61,506000.0,9727780.0,33.053969996119015,-2.4628434095784035,HerbaceousVegetation,0.8981408,0.00025979444,12,52.0,1.7237803222484607,False
19,62,506640.0,9727780.0,33.05972679370331,-2.462843162708884,HerbaceousVegetation,0.9948738,0.0001230063,0,0.0,1.4902651794153565,False
19,63,507280.0,9727780.0,33.065483590679506,-2.462842890839966,HerbaceousVegetation,0.6026256,0.38496196,56,241.0,1.5131298723456499,False
19,64,507920.0,9727780.0,33.071240386988954,-2.462842593971665,HerbaceousVegetation,0.86994797,0.076174274,3,13.0,1.782535754533872,False
19,65,508560.0,9727780.0,33.07699718257306,-2.462842272103995,HerbaceousVegetation,0.9242935,0.022975665,1,4.0,2.2100917224854078,False
19,66,509200.0,9727780.0,33.08275397737321,-2.462841925236972,HerbaceousVegetation,0.9928163,0.00033041334,38,163.0,2.7222742564637743,False
19,67,509840.0,9727780.0,33.08851077133078,-2.4628415533706143,HerbaceousVegetation,0.9780092,0.0003665242,21,90.0,3.2796720618092707,False
19,68,510480.0,9727780.0,33.09426756438717,-2.46284115650494,HerbaceousVegetation,0.9258763,0.0018677118,36,155.0,3.862760740535084,False
19,69,511120.0,9727780.0,33.10002435648376,-2.46284073463997,HerbaceousVegetation,0.907882,0.00027499165,10,43.0,3.8619006701862104,False
19,70,511760.0,9727780.0,33.10578114756193,-2.4628402877757245,HerbaceousVegetation,0.9886983,0.0021242697,2,9.0,3.2224235246381667,False
19,71,512400.0,9727780.0,33.11153793756307,-2.462839815912228,HerbaceousVegetation,0.99519724,0.00017607205,6,26.0,2.5832053650258295,False
19,72,513040.0,9727780.0,33.11729472642858,-2.4628393190495013,HerbaceousVegetation,0.6235428,0.3166883,42,181.0,1.9445016183215158,False
19,73,513680.0,9727780.0,33.12305151409983,-2.462838797187572,HerbaceousVegetation,0.5648669,0.18056662,104,447.0,1.3070666124615673,False
19,74,514320.0,9727780.0,33.12880830051822,-2.462838250326465,HerbaceousVegetation,0.76422954,0.0025253377,15,64.0,0.6745070163968058,False
19,75,514960.0,9727780.0,33.13456508562512,-2.462837678466209,HerbaceousVegetation,0.25677064,0.0941689,65,280.0,0.1438620899517473,False
19,76,515600.0,9727780.0,33.140321869361934,-2.462837081606832,SeaLake,0.99903256,2.474475e-05,7,30.0,0.636893151699756,False
19,77,516240.0,9727780.0,33.14607865167004,-2.462836459748365,SeaLake,0.9989249,1.6097249e-05,0,0.0,1.2687669102080223,False
19,78,516880.0,9727780.0,33.15183543249083,-2.462835812890839,SeaLake,0.99879813,1.38668765e-05,0,0.0,1.906070842911033,False
19,79,517520.0,9727780.0,33.15759221176568,-2.4628351410342866,SeaLake,0.9997125,7.358637e-06,14,60.0,2.5447284027872876,False
19,80,518160.0,9727780.0,33.16334898943599,-2.462834444178742,SeaLake,0.998589,2.1694505e-05,0,0.0,3.183925129413238,False
19,81,518800.0,9727780.0,33.16910576544314,-2.462833722324239,SeaLake,0.9986833,1.9539071e-05,0,0.0,3.823390617693393,False
19,82,519440.0,9727780.0,33.17486253972852,-2.462832975470816,SeaLake,0.9987857,1.8537607e-05,0,0.0,4.463009343618118,False
19,83,520080.0,9727780.0,33.180619312233524,-2.46283220361851,SeaLake,0.99847335,2.4119632e-05,0,0.0,5.102723683189145,False
19,84,520720.0,9727780.0,33.18637608289953,-2.46283140676736,SeaLake,0.9992725,1.2099911e-05,0,0.0,5.742501682432158,False
19,85,521360.0,9727780.0,33.19213285166792,-2.462830584917406,SeaLake,0.9994455,9.163685e-06,0,0.0,6.382324197225719,False
20,0,466960.0,9727140.0,32.70280523648746,-2.468601289751016,HerbaceousVegetation,0.9623996,0.025395598,23,99.0,5.888750798541135,True
20,1,467600.0,9727140.0,32.70856198521205,-2.468602570828897,SeaLake,0.9985851,4.703911e-06,0,0.0,5.380598787353469,False
20,2,468240.0,9727140.0,32.71431873690398,-2.4686038268500914,SeaLake,0.99948287,7.516422e-06,0,0.0,4.903417242456567,False
20,3,468880.0,9727140.0,32.72007549150461,-2.468605057814534,SeaLake,0.9996683,3.7805487e-06,0,0.0,4.4671420390190315,False
20,4,469520.0,9727140.0,32.72583224895535,-2.4686062637221635,SeaLake,0.9995819,5.6815597e-06,0,0.0,4.084900897197123,False
20,5,470160.0,9727140.0,32.731589009197585,-2.46860744457292,SeaLake,0.9997081,3.9564525e-06,0,0.0,3.7731515584551607,False
20,6,470800.0,9727140.0,32.7373457721727,-2.468608600366741,SeaLake,0.99964726,6.361423e-06,0,0.0,3.5505112344876983,False
20,7,471440.0,9727140.0,32.74310253782208,-2.468609731103572,SeaLake,0.9998039,3.255133e-06,0,0.0,3.434353995932002,False
20,8,472080.0,9727140.0,32.74885930608712,-2.468610836783351,SeaLake,0.99984896,2.1094074e-06,0,0.0,3.435497738687199,False
20,9,472720.0,9727140.0,32.75461607690921,-2.4686119174060264,SeaLake,0.9997291,6.5835343e-06,0,0.0,3.55382921025696,False
20,10,473360.0,9727140.0,32.76037285022973,-2.4686129729715423,SeaLake,0.9998417,2.4856179e-06,0,0.0,3.7783540594849447,False
20,11,474000.0,9727140.0,32.76612962599006,-2.4686140034798445,SeaLake,0.99956566,8.360213e-06,0,0.0,4.091627639702458,False
20,12,474640.0,9727140.0,32.7718864041316,-2.4686150089308825,SeaLake,0.9998405,4.2775e-06,0,0.0,4.475050176827949,False
20,13,475280.0,9727140.0,32.77764318459574,-2.468615989324604,SeaLake,0.9999094,1.6784915e-06,0,0.0,4.912222656626898,False
20,14,475920.0,9727140.0,32.78339996732386,-2.4686169446609605,SeaLake,0.99977684,3.4559844e-06,0,0.0,5.390082445698708,False
20,15,476560.0,9727140.0,32.78915675225734,-2.468617874939904,SeaLake,0.99947596,8.627034e-06,0,0.0,5.89874953821402,False
20,16,477200.0,9727140.0,32.794913539337585,-2.4686187801613864,SeaLake,0.9998177,3.2530274e-06,0,0.0,6.1205576881038075,False
20,17,477840.0,9727140.0,32.800670328505966,-2.4686196603253623,SeaLake,0.9998299,1.8400174e-06,0,0.0,6.210135141030305,False
20,18,478480.0,9727140.0,32.80642711970388,-2.4686205154317875,SeaLake,0.99976486,3.4322484e-06,0,0.0,6.363138417975232,False
20,19,479120.0,9727140.0,32.81218391287271,-2.4686213454806194,SeaLake,0.9997786,3.7928985e-06,0,0.0,6.575141259529349,False
20,20,479760.0,9727140.0,32.81794070795384,-2.468622150471815,SeaLake,0.99996877,4.7428094e-07,0,0.0,6.840660394963197,False
20,21,480400.0,9727140.0,32.823697504888656,-2.468622930405335,SeaLake,0.9999244,6.164051e-07,0,0.0,7.153739350554429,False
20,22,481040.0,9727140.0,32.82945430361855,-2.4686236852811376,SeaLake,0.9999472,1.6128441e-06,0,0.0,7.508431177824284,False
20,23,481680.0,9727140.0,32.8352111040849,-2.468624415099187,SeaLake,0.9998522,2.9701355e-06,0,0.0,6.9829033341785465,False
20,24,482320.0,9727140.0,32.8409679062291,-2.4686251198594458,SeaLake,0.9998796,2.2026516e-06,0,0.0,6.391072571480233,False
20,25,482960.0,9727140.0,32.846724709992536,-2.4686257995618783,SeaLake,0.99994814,9.967441e-07,0,0.0,5.8094645410202865,False
20,26,483600.0,9727140.0,32.85248151531658,-2.4686264542064493,SeaLake,0.9998994,1.6326137e-06,0,0.0,5.2414833675990185,False
20,27,484240.0,9727140.0,32.85823832214264,-2.4686270837931272,SeaLake,0.9997984,3.8783064e-06,0,0.0,4.69208029899982,False
20,28,484880.0,9727140.0,32.86399513041209,-2.4686276883218787,SeaLake,0.99979305,2.8320264e-06,0,0.0,4.168607341991727,False
20,29,485520.0,9727140.0,32.86975194006631,-2.468628267792675,SeaLake,0.99994516,9.3753295e-07,0,0.0,3.6821402487075954,False
20,30,486160.0,9727140.0,32.8755087510467,-2.468628822205485,SeaLake,0.9999994,1.7746848e-08,0,0.0,3.249342464345291,False
20,31,486800.0,9727140.0,32.881265563294626,-2.468629351560282,SeaLake,0.8170156,0.08502941,111,477.0,2.872430700446185,False
20,32,487440.0,9727140.0,32.887022376751496,-2.46862985585704,Residential,0.8022344,0.8022344,284,1221.0,2.526466278832605,False
20,33,488080.0,9727140.0,32.892779191358684,-2.4686303350957304,Forest,0.30732438,0.30005425,243,1045.0,1.971133840664891,False
20,34,488720.0,9727140.0,32.898536007057565,-2.4686307892763324,SeaLake,0.99977195,2.3217995e-05,0,0.0,1.375968340187763,False
20,35,489360.0,9727140.0,32.90429282378954,-2.4686312183988206,SeaLake,0.7626381,0.0029715186,51,219.0,0.8487691845159147,False
20,36,490000.0,9727140.0,32.910049641495995,-2.4686316224631755,Industrial,0.45853886,0.44408122,284,1221.0,0.6055818557127962,False
20,37,490640.0,9727140.0,32.915806460118304,-2.4686320014693743,Industrial,0.640582,0.33781692,400,1720.0,0.9087008116229714,False
20,38,491280.0,9727140.0,32.92156327959786,-2.4686323554174,Residential,0.9995398,0.9995398,321,1380.0,0.8216752107230021,False
20,39,491920.0,9727140.0,32.92732009987605,-2.468632684307233,Residential,0.999894,0.999894,680,2924.0,0.9869959854343342,False
20,40,492560.0,9727140.0,32.933076920894244,-2.4686329881388587,Residential,0.99715996,0.99715996,442,1901.0,0.8561915816389322,False
20,41,493200.0,9727140.0,32.93883374259385,-2.4686332669122604,Residential,0.7320234,0.7320234,337,1449.0,0.8407824415035862,False
20,42,493840.0,9727140.0,32.94459056491623,-2.468633520627424,HerbaceousVegetation,0.81642795,0.14845538,288,1238.0,1.2247310739146315,False
20,43,494480.0,9727140.0,32.95034738780279,-2.468633749284337,HerbaceousVegetation,0.9406017,0.01174558,106,456.0,1.7641477525659357,False
20,44,495120.0,9727140.0,32.956104211194905,-2.468633952882987,HerbaceousVegetation,0.9956137,9.008744e-06,5,22.0,2.354499603388116,False
20,45,495760.0,9727140.0,32.96186103503396,-2.468634131423365,HerbaceousVegetation,0.9940741,0.00013384958,1,4.0,2.9655217874475563,False
20,46,496400.0,9727140.0,32.96761785926133,-2.468634284905461,HerbaceousVegetation,0.60616904,0.0076848655,46,198.0,3.228307849169012,False
20,47,497040.0,9727140.0,32.97337468381842,-2.468634413329269,HerbaceousVegetation,0.91163635,0.0005460681,9,39.0,2.594079043223579,False
20,48,497680.0,9727140.0,32.97913150864661,-2.46863451669478,HerbaceousVegetation,0.9985038,4.2896278e-05,0,0.0,1.9635988887696145,False
20,49,498320.0,9727140.0,32.98488833368727,-2.4686345950019906,HerbaceousVegetation,0.9839083,0.008520117,55,236.0,1.3421606123943484,False
20,50,498960.0,9727140.0,32.9906451588818,-2.468634648250896,HerbaceousVegetation,0.7654833,0.025371756,59,254.0,0.7525088856274578,False
20,51,499600.0,9727140.0,32.99640198417158,-2.4686346764414933,HerbaceousVegetation,0.998376,4.2661254e-06,90,387.0,0.3877423583177163,False
20,52,500240.0,9727140.0,33.002158809497985,-2.468634679573783,HerbaceousVegetation,0.50036186,0.029556928,72,310.0,0.7440555422273868,False
20,53,500880.0,9727140.0,33.007915634802416,-2.468634657647762,HerbaceousVegetation,0.96796465,0.021002982,73,314.0,1.3327014532162846,False
20,54,501520.0,9727140.0,33.01367246002625,-2.4686346106634325,HerbaceousVegetation,0.9962038,0.00044313908,31,133.0,1.9539108671815872,False
20,55,502160.0,9727140.0,33.019429285110874,-2.468634538620798,PermanentCrop,0.7793163,0.175785,31,133.0,2.584306907156309,False
20,56,502800.0,9727140.0,33.02518610999768,-2.468634441519862,HerbaceousVegetation,0.74223095,0.040627193,19,82.0,3.2184960313570863,False
20,57,503440.0,9727140.0,33.03094293462803,-2.4686343193606284,HerbaceousVegetation,0.99803954,0.00021696065,24,103.0,3.8546064931905595,False
20,58,504080.0,9727140.0,33.03669975894333,-2.468634172143103,HerbaceousVegetation,0.9932162,3.876577e-05,7,30.0,3.5248587413879773,False
20,59,504720.0,9727140.0,33.04245658288496,-2.468633999867296,HerbaceousVegetation,0.9801052,0.00029254647,7,30.0,3.0358690440047167,False
20,60,505360.0,9727140.0,33.0482134063943,-2.468633802533212,HerbaceousVegetation,0.8809218,0.008545559,17,73.0,2.6129624103597417,False
20,61,506000.0,9727140.0,33.05397022941275,-2.4686335801408634,HerbaceousVegetation,0.9931165,6.765106e-05,12,52.0,2.2929989671955524,False
20,62,506640.0,9727140.0,33.059727051881666,-2.468633332690261,HerbaceousVegetation,0.9994311,1.7945693e-05,7,30.0,2.1230440337324015,False
20,63,507280.0,9727140.0,33.06548387374246,-2.468633060181418,HerbaceousVegetation,0.9251749,0.00032037785,3,13.0,2.139155832279085,False
20,64,507920.0,9727140.0,33.071240694936506,-2.468632762614348,HerbaceousVegetation,0.96566063,0.0059316484,20,86.0,2.3374899743914415,False
20,65,508560.0,9727140.0,33.07699751540519,-2.468632439989065,HerbaceousVegetation,0.9784771,2.938868e-05,8,34.0,2.6778594223721637,False
20,66,509200.0,9727140.0,33.082754335089895,-2.468632092305586,HerbaceousVegetation,0.996754,3.72405e-05,6,26.0,3.114033203354495,False
20,67,509840.0,9727140.0,33.08851115393201,-2.468631719563928,Residential,0.39205173,0.39205173,8,34.0,3.6114643148176246,False
20,68,510480.0,9727140.0,33.094267971872924,-2.46863132176411,HerbaceousVegetation,0.8312263,0.14822026,23,99.0,4.148173839511553,False
20,69,511120.0,9727140.0,33.100024788854014,-2.4686308989061536,HerbaceousVegetation,0.96161807,0.00017843711,15,64.0,3.9378117183744923,False
20,70,511760.0,9727140.0,33.10578160481668,-2.468630450990078,HerbaceousVegetation,0.8984437,0.051431946,120,516.0,3.3130194257088554,False
20,71,512400.0,9727140.0,33.11153841970228,-2.4686299780159064,HerbaceousVegetation,0.93167436,0.0034352413,42,181.0,2.695372757315952,False
20,72,513040.0,9727140.0,33.11729523345222,-2.468629479983664,HerbaceousVegetation,0.99807215,5.0800527e-06,7,30.0,2.0912127789007418,False
20,73,513680.0,9727140.0,33.12305204600788,-2.468628956893375,HerbaceousVegetation,0.96446866,0.00015122701,1,4.0,1.5167423882764424,False
20,74,514320.0,9727140.0,33.128808857310645,-2.4686284087450656,HerbaceousVegetation,0.5679686,0.39504737,5,22.0,1.0232517081106143,False
20,75,514960.0,9727140.0,33.1345656673019,-2.468627835538763,Highway,0.73450524,0.0017460759,44,189.0,0.7828030684074084,False
20,76,515600.0,9727140.0,33.140322475923035,-2.468627237274497,SeaLake,0.63464963,0.026876057,1,4.0,0.9988579627078203,False
20,77,516240.0,9727140.0,33.14607928311544,-2.468626613952298,HerbaceousVegetation,0.8389753,0.001246482,3,13.0,1.4838644868793045,False
20,78,516880.0,9727140.0,33.15183608882049,-2.4686259655721967,Industrial,0.8316659,0.0500371,4,17.0,2.055526794079402,False
20,79,517520.0,9727140.0,33.157592892979565,-2.468625292134227,HerbaceousVegetation,0.5916851,0.021191593,150,645.0,2.6585196984290165,False
20,80,518160.0,9727140.0,33.16334969553407,-2.4686245936384217,SeaLake,0.49179846,0.010787508,0,0.0,3.2755859892074075,False
20,81,518800.0,9727140.0,33.169106496425385,-2.468623870084816,SeaLake,0.99859303,0.00016169084,0,0.0,3.900051302027787,False
20,82,519440.0,9727140.0,33.17486329559488,-2.468623121473448,SeaLake,0.9988111,1.8690638e-05,0,0.0,4.52885600833206,False
20,83,520080.0,9727140.0,33.180620092983965,-2.4686223478043536,SeaLake,0.99875486,1.9166364e-05,0,0.0,5.1604140657472595,False
20,84,520720.0,9727140.0,33.186376888534014,-2.4686215490775734,SeaLake,0.99924546,1.1970611e-05,0,0.0,5.793825154051418,False
20,85,521360.0,9727140.0,33.192133682186416,-2.468620725293147,SeaLake,0.99944776,8.608611e-06,0,0.0,6.42854155321996,False
21,0,466960.0,9726500.0,32.70280394881863,-2.474391383980407,SeaLake,0.9999399,1.3611118e-06,0,0.0,6.282082712290713,False
21,1,467600.0,9726500.0,32.70856072248487,-2.4743926680666366,SeaLake,0.9995783,5.6295785e-06,0,0.0,5.808443900668456,False
21,2,468240.0,9726500.0,32.7143174991185,-2.474393927037338,SeaLake,0.9992495,1.1296419e-05,0,0.0,5.3694206289285376,False
21,3,468880.0,9726500.0,32.72007427866092,-2.474395160892448,SeaLake,0.9996095,5.5508513e-06,0,0.0,4.974186891695374,False
21,4,469520.0,9726500.0,32.72583106105349,-2.474396369631904,SeaLake,0.9994176,9.31036e-06,0,0.0,4.633960787130684,False
21,5,470160.0,9726500.0,32.73158784623762,-2.474397553255645,SeaLake,0.99961126,5.766393e-06,0,0.0,4.3616338589816985,False
21,6,470800.0,9726500.0,32.737344634154695,-2.474398711763611,SeaLake,0.99968344,5.2820037e-06,0,0.0,4.170528415316977,False
21,7,471440.0,9726500.0,32.74310142474609,-2.474399845155744,SeaLake,0.99979055,3.0562264e-06,0,0.0,4.072095849328338,False
21,8,472080.0,9726500.0,32.7488582179532,-2.474400953431985,SeaLake,0.9997865,3.2787643e-06,0,0.0,4.07306051382346,False
21,9,472720.0,9726500.0,32.75461501371741,-2.474402036592281,SeaLake,0.9998765,9.029986e-07,0,0.0,4.1733534828023595,False
21,10,473360.0,9726500.0,32.7603718119801,-2.474403094636576,SeaLake,0.99972755,4.0011373e-06,0,0.0,4.366135205827843,False
21,11,474000.0,9726500.0,32.76612861268268,-2.474404127564816,SeaLake,0.99954265,7.870248e-06,0,0.0,4.639891591268064,False
21,12,474640.0,9726500.0,32.7718854157665,-2.4744051353769483,SeaLake,0.99992144,9.209853e-07,0,0.0,4.981290126249507,False
21,13,475280.0,9726500.0,32.77764222117297,-2.4744061180729235,SeaLake,0.9998416,2.4502062e-06,0,0.0,5.3774630324179435,False
21,14,475920.0,9726500.0,32.78339902884347,-2.4744070756526906,SeaLake,0.99978006,4.16908e-06,0,0.0,5.50598697838381,False
21,15,476560.0,9726500.0,32.78915583871938,-2.474408008116203,SeaLake,0.9995341,6.949583e-06,0,0.0,5.457292796120154,False
21,16,477200.0,9726500.0,32.794912650742106,-2.474408915463412,SeaLake,0.9997478,3.7690952e-06,0,0.0,5.483374574022623,False
21,17,477840.0,9726500.0,32.800669464853,-2.474409797694272,SeaLake,0.9997465,3.7457519e-06,0,0.0,5.5831844654722484,False
21,18,478480.0,9726500.0,32.80642628099348,-2.4744106548087395,SeaLake,0.99973744,4.4199833e-06,0,0.0,5.752886304451314,False
21,19,479120.0,9726500.0,32.812183099104914,-2.4744114868067704,SeaLake,0.99996924,3.0459051e-07,0,0.0,5.986539308181008,False
21,20,479760.0,9726500.0,32.81793991912869,-2.4744122936883226,SeaLake,0.9999629,4.1729913e-07,0,0.0,6.277006049451379,False
21,21,480400.0,9726500.0,32.823696741006195,-2.474413075453356,SeaLake,0.99987316,1.7130991e-06,0,0.0,6.616808671958262,False
21,22,481040.0,9726500.0,32.829453564678815,-2.47441383210183,SeaLake,0.99991,3.733984e-06,0,0.0,6.998764823721034,False
21,23,481680.0,9726500.0,32.83521039008793,-2.4744145636337067,SeaLake,0.99974686,4.887229e-06,0,0.0,6.776171290507607,False
21,24,482320.0,9726500.0,32.84096721717493,-2.4744152700489503,SeaLake,0.99982786,2.4301642e-06,0,0.0,6.16452488013023,False
21,25,482960.0,9726500.0,32.8467240458812,-2.4744159513475243,SeaLake,0.9999025,2.3937323e-06,0,0.0,5.559265836168453,False
21,26,483600.0,9726500.0,32.852480876148114,-2.474416607529394,SeaLake,0.9998435,2.7226993e-06,0,0.0,4.962731735308167,False
21,27,484240.0,9726500.0,32.85823770791707,-2.4744172385945267,SeaLake,0.99993134,1.2786229e-06,0,0.0,4.378490141142254,False
21,28,484880.0,9726500.0,32.86399454112945,-2.47441784454289,SeaLake,0.99990535,2.2242164e-06,0,0.0,3.8121969460568286,False
21,29,485520.0,9726500.0,32.86975137572664,-2.474418425374454,SeaLake,0.999979,5.635338e-08,0,0.0,3.273181204114753,False
21,30,486160.0,9726500.0,32.87550821165001,-2.474418981089189,SeaLake,0.96508616,0.021289144,20,86.0,2.777370129171696,False
21,31,486800.0,9726500.0,32.88126504884095,-2.4744195116870675,Residential,0.6160392,0.6160392,259,1114.0,2.352244560810014,False
21,32,487440.0,9726500.0,32.887021887240856,-2.474420017168061,HerbaceousVegetation,0.84481996,0.0089932075,108,464.0,1.9764088433214286,False
21,33,488080.0,9726500.0,32.892778726791114,-2.474420497532146,Residential,0.97586775,0.97586775,330,1419.0,1.6904335672163087,False
21,34,488720.0,9726500.0,32.898535567433086,-2.474420952779298,Residential,0.9568493,0.9568493,215,924.0,1.2368362139339557,False
21,35,489360.0,9726500.0,32.90429240910818,-2.474421382909492,Industrial,0.980568,0.019082617,323,1389.0,0.5973977531621832,False
21,36,490000.0,9726500.0,32.91004925175776,-2.4744217879227084,Residential,0.9999317,0.9999317,528,2270.0,0.05660680937809491,False
21,37,490640.0,9726500.0,32.91580609532323,-2.474422167818927,Residential,0.95359814,0.95359814,839,3608.0,0.4387991080022684,False
21,38,491280.0,9726500.0,32.92156293974596,-2.4744225225981262,Residential,0.8782445,0.8782445,659,2834.0,0.19706893828157623,False
21,39,491920.0,9726500.0,32.92731978496734,-2.47442285226029,Residential,0.9603105,0.9603105,796,3423.0,0.5812461524881092,False
21,40,492560.0,9726500.0,32.93307663092874,-2.474423156805401,HerbaceousVegetation,0.46496868,0.27949864,617,2653.0,0.3702594435747695,False
21,41,493200.0,9726500.0,32.93883347757156,-2.4744234362334447,Residential,0.99856746,0.99856746,636,2735.0,0.3330812889185656,False
21,42,493840.0,9726500.0,32.94459032483718,-2.4744236905444064,HerbaceousVegetation,0.5038492,0.3257575,169,727.0,0.9507861139599211,False
21,43,494480.0,9726500.0,32.95034717266699,-2.4744239197382725,HerbaceousVegetation,0.9886558,3.8442435e-05,55,236.0,1.5862677340128821,False
21,44,495120.0,9726500.0,32.95610402100235,-2.474424123815033,HerbaceousVegetation,0.9961862,2.4129831e-05,45,194.0,2.224341793304644,False
21,45,495760.0,9726500.0,32.96186086978467,-2.474424302774676,HerbaceousVegetation,0.79215616,0.16226676,87,374.0,2.86327565960965,False
21,46,496400.0,9726500.0,32.967617718955324,-2.474424456617194,Residential,0.8875943,0.8875943,226,972.0,3.3656858850421028,False
21,47,497040.0,9726500.0,32.97337456845569,-2.474424585342578,Residential,0.94830143,0.94830143,179,770.0,2.763171364620216,False
21,48,497680.0,9726500.0,32.97913141822716,-2.474424688950822,HerbaceousVegetation,0.9888784,0.0046733343,13,56.0,2.1821068955811156,False
21,49,498320.0,9726500.0,32.984888268211115,-2.47442476744192,HerbaceousVegetation,0.77894974,0.046282392,17,73.0,1.6453768617639428,False
21,50,498960.0,9726500.0,32.99064511834894,-2.4744248208158703,HerbaceousVegetation,0.8984316,0.08522525,16,69.0,1.2133175720781706,False
21,51,499600.0,9726500.0,32.99640196858201,-2.474424849072668,HerbaceousVegetation,0.995227,3.9893388e-05,22,95.0,1.0277227467557448,False
21,52,500240.0,9726500.0,33.00215881885172,-2.474424852212312,HerbaceousVegetation,0.9918784,0.0009058831,9,39.0,1.2080929424860818,False
21,53,500880.0,9726500.0,33.00791566909945,-2.474424830234802,HerbaceousVegetation,0.9430599,0.008402932,8,34.0,1.6376700129055868,False
21,54,501520.0,9726500.0,33.01367251926658,-2.4744247831401407,HerbaceousVegetation,0.9067316,0.041742302,75,322.0,2.1733931040324235,False
21,55,502160.0,9726500.0,33.0194293692945,-2.474424710928329,Residential,0.9535051,0.9535051,19,82.0,2.7539992916014335,False
21,56,502800.0,9726500.0,33.025186219124585,-2.474424613599372,HerbaceousVegetation,0.98746985,0.0005957369,17,73.0,3.3562757055442725,False
21,57,503440.0,9726500.0,33.03094306869822,-2.474424491153272,Residential,0.74223745,0.74223745,45,194.0,3.9703729201565197,False
21,58,504080.0,9726500.0,33.0366999179568,-2.4744243435900364,HerbaceousVegetation,0.97977155,0.009174462,7,30.0,3.9408444286634934,False
21,59,504720.0,9726500.0,33.042456766841696,-2.474424170909673,HerbaceousVegetation,0.98869365,0.0024405622,18,77.0,3.5102886656990155,False
21,60,505360.0,9726500.0,33.048213615294294,-2.474423973112192,HerbaceousVegetation,0.9906042,0.00019787297,11,47.0,3.151697673023517,False
21,61,506000.0,9726500.0,33.053970463255986,-2.4744237501976007,HerbaceousVegetation,0.98184973,0.0010633429,11,47.0,2.891966446511565,False
21,62,506640.0,9726500.0,33.059727310668144,-2.474423502165912,HerbaceousVegetation,0.8975401,0.0005306408,0,0.0,2.759155963941801,False
21,63,507280.0,9726500.0,33.06548415747216,-2.474423229017137,HerbaceousVegetation,0.6720758,0.029474718,0,0.0,2.771572358601248,False
21,64,507920.0,9726500.0,33.07124100360942,-2.474422930751292,HerbaceousVegetation,0.9995808,4.3650085e-05,3,13.0,2.9273682796275162,False
21,65,508560.0,9726500.0,33.076997849021296,-2.47442260736839,HerbaceousVegetation,0.95643157,0.00042997222,15,64.0,3.205706903348502,False
21,66,509200.0,9726500.0,33.082754693649186,-2.4744222588684472,HerbaceousVegetation,0.9943844,5.01671e-05,2,9.0,3.5781040308776824,False
21,67,509840.0,9726500.0,33.08851153743446,-2.4744218852514828,HerbaceousVegetation,0.7994164,0.010116756,18,77.0,4.0184947631407955,False
21,68,510480.0,9726500.0,33.09426838031851,-2.474421486517514,HerbaceousVegetation,0.93733704,0.0026021511,27,116.0,4.236590573905363,False
21,69,511120.0,9726500.0,33.10002522224272,-2.4744210626665617,HerbaceousVegetation,0.99985826,2.1818362e-06,7,30.0,4.056549591728239,False
21,70,511760.0,9726500.0,33.105782063148474,-2.474420613698648,HerbaceousVegetation,0.95546347,0.006644706,45,194.0,3.519571288965036,False
21,71,512400.0,9726500.0,33.111538902977145,-2.4744201396137937,HerbaceousVegetation,0.99527216,0.00019999621,20,86.0,2.9455591394273117,False
21,72,513040.0,9726500.0,33.117295741670134,-2.4744196404120244,HerbaceousVegetation,0.9580466,0.0021722151,0,0.0,2.4050894431643353,False
21,73,513680.0,9726500.0,33.12305257916882,-2.4744191160933653,HerbaceousVegetation,0.4580424,0.00023774838,0,0.0,1.9266011043745654,False
21,74,514320.0,9726500.0,33.12880941541458,-2.474418566657842,PermanentCrop,0.80913824,0.07274762,7,30.0,1.5679057373241732,False
21,75,514960.0,9726500.0,33.134566250348804,-2.4744179921054816,River,0.7903278,0.17991145,33,142.0,1.4226963790249916,False
21,76,515600.0,9726500.0,33.14032308391288,-2.474417392436316,HerbaceousVegetation,0.7977331,0.0350265,60,258.0,1.5520958645159733,False
21,77,516240.0,9726500.0,33.146079916048194,-2.4744167676503723,HerbaceousVegetation,0.57038724,0.08385842,81,348.0,1.9008256517640827,False
21,78,516880.0,9726500.0,33.15183674669611,-2.474416117747684,Residential,0.9506487,0.9506487,137,589.0,2.3741261011498764,False
21,79,517520.0,9726500.0,33.15759357579804,-2.474415442728283,HerbaceousVegetation,0.9928572,0.0017195245,60,258.0,2.911874195413991,False
21,80,518160.0,9726500.0,33.163350403295354,-2.474414742592204,HerbaceousVegetation,0.9803736,0.0005827141,0,0.0,3.484357604448005,False
21,81,518800.0,9726500.0,33.16910722912943,-2.4744140173394817,SeaLake,0.9996537,2.34769e-05,0,0.0,4.076970014781984,False
21,82,519440.0,9726500.0,33.17486405324167,-2.4744132669701533,SeaLake,0.9985097,2.209209e-05,0,0.0,4.682074442721748,False
21,83,520080.0,9726500.0,33.180620875573446,-2.474412491484256,SeaLake,0.9989335,1.6828779e-05,0,0.0,5.295390228580414,False
21,84,520720.0,9726500.0,33.18637769606615,-2.474411690881829,SeaLake,0.99862987,2.067113e-05,0,0.0,5.914363385750127,False
21,85,521360.0,9726500.0,33.19213451466117,-2.474410865162916,SeaLake,0.9988048,1.8587796e-05,0,0.0,6.537387157302103,False
22,0,466960.0,9725860.0,32.70280265812379,-2.480181477702263,SeaLake,0.9996145,4.973337e-06,0,0.0,6.1071072560755795,False
22,1,467600.0,9725860.0,32.70855945679029,-2.480182764796866,SeaLake,0.9994598,7.2120138e-06,0,0.0,5.784588661928834,False
22,2,468240.0,9725860.0,32.714316258424255,-2.4801840267171,SeaLake,0.9994412,7.643387e-06,0,0.0,5.517732590314634,False
22,3,468880.0,9725860.0,32.72007306296705,-2.4801852634629005,SeaLake,0.9991516,1.3140959e-05,0,0.0,5.314929904403714,False
22,4,469520.0,9725860.0,32.72582987036008,-2.480186475034205,SeaLake,0.99928474,1.019489e-05,0,0.0,5.183703969096761,False
22,5,470160.0,9725860.0,32.73158668054472,-2.480187661430956,SeaLake,0.99938214,8.632709e-06,0,0.0,4.962884963059143,False
22,6,470800.0,9725860.0,32.73734349346237,-2.4801888226530884,SeaLake,0.9993606,1.1404997e-05,0,0.0,4.795798630020792,False
22,7,471440.0,9725860.0,32.74310030905439,-2.480189958700546,SeaLake,0.9997086,7.699233e-06,0,0.0,4.710450280266214,False
22,8,472080.0,9725860.0,32.748857127262184,-2.480191069573272,SeaLake,0.9998025,3.1768925e-06,0,0.0,4.711284239568952,False
22,9,472720.0,9725860.0,32.75461394802713,-2.4801921552712085,SeaLake,0.99986935,1.0051677e-06,0,0.0,4.798255571471944,False
22,10,473360.0,9725860.0,32.760370771290624,-2.4801932157943023,SeaLake,0.99993646,1.1649129e-06,0,0.0,4.966841438209227,False
22,11,474000.0,9725860.0,32.76612759699403,-2.4801942511425,SeaLake,0.9994862,8.121809e-06,0,0.0,5.209123843360134,False
22,12,474640.0,9725860.0,32.77188442507875,-2.480195261315746,SeaLake,0.9995603,6.9971966e-06,0,0.0,5.221739058863199,False
22,13,475280.0,9725860.0,32.77764125548617,-2.480196246313994,SeaLake,0.99982405,3.8213147e-06,0,0.0,5.009422207731185,False
22,14,475920.0,9725860.0,32.78339808815767,-2.480197206137191,SeaLake,0.9998385,3.6008616e-06,0,0.0,4.872500683608288,False
22,15,476560.0,9725860.0,32.78915492303462,-2.4801981407852898,SeaLake,0.9997631,4.8784655e-06,0,0.0,4.817407494515705,False
22,16,477200.0,9725860.0,32.79491176005843,-2.480199050258244,SeaLake,0.9997136,5.6156096e-06,0,0.0,4.846933775560477,False
22,17,477840.0,9725860.0,32.800668599170464,-2.4801999345560057,SeaLake,0.99955636,6.744621e-06,0,0.0,4.959568436983384,False
22,18,478480.0,9725860.0,32.806425440312125,-2.480200793678532,SeaLake,0.9997564,5.354079e-06,0,0.0,5.1498612736242375,False
22,19,479120.0,9725860.0,32.812182283424775,-2.480201627625777,SeaLake,0.9999578,1.3607882e-06,0,0.0,5.409623202592535,False
22,20,479760.0,9725860.0,32.81793912844981,-2.4802024363977018,SeaLake,0.997682,2.1629145e-05,1,4.0,5.729413168072308,True
22,21,480400.0,9725860.0,32.82369597532862,-2.480203219994263,SeaLake,0.99987507,1.9034571e-06,0,0.0,6.099797316873178,False
22,22,481040.0,9725860.0,32.82945282400258,-2.480203978415423,SeaLake,0.9999696,7.6068363e-07,0,0.0,6.512148598073148,False
22,23,481680.0,9725860.0,32.83520967441307,-2.4802047116611425,SeaLake,0.9997329,5.971405e-06,0,0.0,6.625047603007634,False
22,24,482320.0,9725860.0,32.84096652650149,-2.480205419731384,SeaLake,0.9997001,5.4552447e-06,0,0.0,5.998010118494491,False
22,25,482960.0,9725860.0,32.846723380209205,-2.480206102626112,SeaLake,0.999954,9.903372e-07,0,0.0,5.374029681813024,False
22,26,483600.0,9725860.0,32.8524802354776,-2.4802067603452933,SeaLake,0.99997425,5.7006537e-07,0,0.0,4.754310114038891,False
22,27,484240.0,9725860.0,32.858237092248075,-2.480207392888893,SeaLake,0.99986017,2.0153914e-06,0,0.0,4.140764941396406,False
22,28,484880.0,9725860.0,32.863993950462,-2.48020800025688,SeaLake,0.9998578,2.5957913e-06,0,0.0,3.5366091018576937,False
22,29,485520.0,9725860.0,32.86975081006076,-2.480208582449224,SeaLake,0.9998617,7.807415e-07,0,0.0,2.9476216817610394,False
22,30,486160.0,9725860.0,32.87550767098574,-2.4802091394658943,SeaLake,0.9982169,0.0005519376,15,64.0,2.3850667114847908,False
22,31,486800.0,9725860.0,32.881264533178324,-2.480209671306864,HerbaceousVegetation,0.7018452,0.2898015,259,1114.0,1.8729156034584074,False
22,32,487440.0,9725860.0,32.88702139657989,-2.480210177972105,Residential,0.9752696,0.9752696,501,2154.0,1.4650196234600634,False
22,33,488080.0,9725860.0,32.892778261131824,-2.4802106594615925,Residential,0.8275495,0.8275495,328,1410.0,1.0954112027236773,False
22,34,488720.0,9725860.0,32.898535126775506,-2.480211115775303,Residential,0.99834216,0.99834216,502,2159.0,0.9851392958688839,False
22,35,489360.0,9725860.0,32.904291993452325,-2.480211546913212,Residential,0.9949787,0.9949787,712,3062.0,0.5296381176384322,False
22,36,490000.0,9725860.0,32.91004886110366,-2.4802119528752984,Residential,0.99701947,0.99701947,970,4171.0,0.19071038492082873,False
22,37,490640.0,9725860.0,32.91580572967089,-2.4802123336615423,HerbaceousVegetation,0.57129955,0.044926673,434,1866.0,0.5938638575780417,False
22,38,491280.0,9725860.0,32.92156259909541,-2.4802126892719225,Residential,0.9931617,0.9931617,912,3922.0,0.4708738482376841,False
22,39,491920.0,9725860.0,32.92731946931859,-2.4802130197064227,Residential,0.88633305,0.88633305,489,2103.0,0.7216183924353425,False
22,40,492560.0,9725860.0,32.933076340281815,-2.480213324965026,Residential,0.999721,0.999721,299,1286.0,0.6002666796043402,False
22,41,493200.0,9725860.0,32.93883321192647,-2.4802136050477173,Residential,0.99687254,0.99687254,550,2365.0,0.5780754069449545,False
22,42,493840.0,9725860.0,32.94459008419395,-2.480213859954481,Residential,0.9881903,0.9881903,262,1127.0,1.0617072409972204,False
22,43,494480.0,9725860.0,32.95034695702561,-2.480214089685306,HerbaceousVegetation,0.9869848,0.0034243695,78,335.0,1.6551354491573447,False
22,44,495120.0,9725860.0,32.95610383036285,-2.48021429424018,HerbaceousVegetation,0.9564429,0.00481465,57,245.0,2.273966676213317,False
22,45,495760.0,9725860.0,32.96186070414705,-2.4802144736190925,Residential,0.99061924,0.99061924,137,589.0,2.9019950954472673,False
22,46,496400.0,9725860.0,32.96761757831959,-2.480214627822034,Residential,0.99352264,0.99352264,66,284.0,3.5343212394279258,False
22,47,497040.0,9725860.0,32.97337445282186,-2.480214756848998,HerbaceousVegetation,0.5910939,0.35423648,137,589.0,3.0594420893395804,False
22,48,497680.0,9725860.0,32.97913132759523,-2.4802148606999768,HerbaceousVegetation,0.97310627,0.0034562442,24,103.0,2.546892304654447,False
22,49,498320.0,9725860.0,32.9848882025811,-2.480214939374965,HerbaceousVegetation,0.47358477,0.3236894,179,770.0,2.10531112308693,False
22,50,498960.0,9725860.0,32.990645077720835,-2.480214992873959,Residential,0.98917866,0.98917866,267,1148.0,1.7880742262219025,False
22,51,499600.0,9725860.0,32.996401952955814,-2.480215021196958,HerbaceousVegetation,0.99253654,0.00011388313,22,95.0,1.6677181872140632,False
22,52,500240.0,9725860.0,33.002158828227444,-2.480215024343958,HerbaceousVegetation,0.9803565,0.0046043308,0,0.0,1.7845331225421588,False
22,53,500880.0,9725860.0,33.00791570347708,-2.4802150023149587,HerbaceousVegetation,0.9761801,0.00041817166,0,0.0,2.0992934475521934,False
22,54,501520.0,9725860.0,33.01367257864612,-2.480214955109964,HerbaceousVegetation,0.7450784,0.026140913,114,490.0,2.5394305449098384,False
22,55,502160.0,9725860.0,33.01942945367595,-2.4802148827289727,HerbaceousVegetation,0.72275263,0.1522536,81,348.0,3.0511607636941362,False
22,56,502800.0,9725860.0,33.02518632850794,-2.480214785171991,HerbaceousVegetation,0.96451753,0.021396888,21,90.0,3.604116607352222,False
22,57,503440.0,9725860.0,33.03094320308348,-2.480214662439023,HerbaceousVegetation,0.9553951,0.027030945,23,99.0,4.181976928783515,False
22,58,504080.0,9725860.0,33.03670007734395,-2.480214514530075,HerbaceousVegetation,0.9550067,0.009137469,6,26.0,4.410791366083524,False
22,59,504720.0,9725860.0,33.04245695123073,-2.4802143414451545,HerbaceousVegetation,0.9981766,0.00018966988,36,155.0,4.0307508209667136,False
22,60,505360.0,9725860.0,33.048213824685206,-2.480214143184271,HerbaceousVegetation,0.9550975,0.008969893,31,133.0,3.72263668470759,False
22,61,506000.0,9725860.0,33.053970697648765,-2.4802139197474324,HerbaceousVegetation,0.9055568,0.0036604132,35,150.0,3.5054665298555614,False
22,62,506640.0,9725860.0,33.059727570062776,-2.4802136711346523,HerbaceousVegetation,0.98960435,2.322804e-05,11,47.0,3.396728911400565,False
22,63,507280.0,9725860.0,33.065484441868634,-2.480213397345941,HerbaceousVegetation,0.9709754,3.8295493e-05,2,9.0,3.4068224202548847,False
22,64,507920.0,9725860.0,33.07124131300771,-2.4802130983813147,HerbaceousVegetation,0.7604846,0.004921428,6,26.0,3.534729227077829,False
22,65,508560.0,9725860.0,33.076998183421395,-2.480212774240787,HerbaceousVegetation,0.51653117,0.0039827432,7,30.0,3.768472159160142,False
22,66,509200.0,9725860.0,33.08275505305107,-2.4802124249243747,HerbaceousVegetation,0.9997823,2.1055487e-06,0,0.0,4.089945491075888,False
22,67,509840.0,9725860.0,33.088511921838126,-2.480212050432095,HerbaceousVegetation,0.9848274,9.228711e-05,15,64.0,3.9487375325919394,False
22,68,510480.0,9725860.0,33.094268789723934,-2.480211650763968,HerbaceousVegetation,0.9339887,0.013954439,40,172.0,3.644204028391803,False
22,69,511120.0,9725860.0,33.10002565664988,-2.480211225920012,HerbaceousVegetation,0.9956807,5.7056637e-05,4,17.0,3.4332372332528687,False
22,70,511760.0,9725860.0,33.10578252255734,-2.48021077590025,HerbaceousVegetation,0.9997934,3.5212965e-06,21,90.0,3.333648571616477,False
22,71,512400.0,9725860.0,33.1115393873877,-2.4802103007047047,HerbaceousVegetation,0.94501966,0.0011309556,0,0.0,3.3025449257877684,False
22,72,513040.0,9725860.0,33.11729625108236,-2.480209800333399,HerbaceousVegetation,0.9127995,0.005701643,0,0.0,2.8310668612032637,False
22,73,513680.0,9725860.0,33.123053113582685,-2.48020927478636,HerbaceousVegetation,0.98772055,0.000103455175,0,0.0,2.4376784362093504,False
22,74,514320.0,9725860.0,33.128809974830055,-2.480208724063612,HerbaceousVegetation,0.8477387,3.1895084e-05,3,13.0,2.1653666535062435,False
22,75,514960.0,9725860.0,33.13456683476586,-2.480208148165184,HerbaceousVegetation,0.99779785,4.0957777e-05,14,60.0,2.062655892259684,False
22,76,515600.0,9725860.0,33.140323693331496,-2.480207547091105,HerbaceousVegetation,0.8354245,0.0048197466,29,125.0,2.1539465907097965,False
22,77,516240.0,9725860.0,33.14608055046833,-2.480206920841405,HerbaceousVegetation,0.4816984,0.0035272453,16,69.0,2.417358579397587,False
22,78,516880.0,9725860.0,33.151837406117735,-2.480206269416117,HerbaceousVegetation,0.6400794,0.12531811,117,503.0,2.8048099912728284,False
22,79,517520.0,9725860.0,33.157594260221124,-2.480205592815272,HerbaceousVegetation,0.99586344,0.000766277,61,262.0,3.272536580834605,False
22,80,518160.0,9725860.0,33.16335111271985,-2.480204891038905,AnnualCrop,0.4480499,0.032416683,2,9.0,3.7909408144492853,False
22,81,518800.0,9725860.0,33.16910796355532,-2.480204164087052,SeaLake,0.9983948,0.00011578676,0,0.0,4.341908433444235,False
22,82,519440.0,9725860.0,33.174864812668915,-2.4802034119597485,SeaLake,0.99890065,1.744713e-05,0,0.0,4.914499509631773,False
22,83,520080.0,9725860.0,33.180621660002004,-2.4802026346570334,SeaLake,0.9987109,1.9486873e-05,0,0.0,5.50196710422079,False
22,84,520720.0,9725860.0,33.18637850549597,-2.480201832178946,SeaLake,0.9984308,2.4333282e-05,0,0.0,6.100014639464766,False
22,85,521360.0,9725860.0,33.19213534909222,-2.4802010045255267,SeaLake,0.9988175,1.7922212e-05,0,0.0,6.620458586348426,False
23,0,466960.0,9725220.0,32.70280136440287,-2.4859715709154,SeaLake,0.99990714,1.2483197e-06,0,0.0,5.5805216741148715,False
23,1,467600.0,9725220.0,32.708558188128265,-2.4859728610184004,SeaLake,0.99958366,5.6935464e-06,0,0.0,5.225603228888554,False
23,2,468240.0,9725220.0,32.71431501482116,-2.485974125888191,SeaLake,0.99959564,6.34755e-06,0,0.0,4.928573430139305,False
23,3,468880.0,9725220.0,32.72007184442296,-2.4859753655247068,SeaLake,0.99869907,1.8350385e-05,0,0.0,4.700419450089506,False
23,4,469520.0,9725220.0,32.72582867687506,-2.4859765799278857,SeaLake,0.9991429,1.3298039e-05,0,0.0,4.551510733513036,False
23,5,470160.0,9725220.0,32.731585512118826,-2.4859777690976665,SeaLake,0.99934715,1.05191975e-05,0,0.0,4.489739069009357,False
23,6,470800.0,9725220.0,32.73734235009565,-2.485978933033989,SeaLake,0.99969655,4.703317e-06,0,0.0,4.518679437434529,False
23,7,471440.0,9725220.0,32.74309919074692,-2.485980071736794,SeaLake,0.9995142,7.1972563e-06,0,0.0,4.636633564214263,False
23,8,472080.0,9725220.0,32.748856034014004,-2.485981185206024,SeaLake,0.9997497,3.7848322e-06,0,0.0,4.837093937407345,False
23,9,472720.0,9725220.0,32.754612879838305,-2.4859822734416235,SeaLake,0.9999585,7.8185434e-07,0,0.0,5.110360526401981,False
23,10,473360.0,9725220.0,32.76036972816121,-2.485983336443537,SeaLake,0.9998337,2.7199555e-06,0,0.0,5.321017289164073,False
23,11,474000.0,9725220.0,32.76612657892408,-2.485984374211711,SeaLake,0.99985397,2.8532013e-06,0,0.0,4.950007782623763,False
23,12,474640.0,9725220.0,32.77188343206831,-2.485985386746093,SeaLake,0.9997707,3.9780016e-06,0,0.0,4.638009174687851,False
23,13,475280.0,9725220.0,32.77764028753529,-2.485986374046632,SeaLake,0.999724,4.537435e-06,0,0.0,4.397599477094468,False
23,14,475920.0,9725220.0,32.7833971452664,-2.485987336113278,SeaLake,0.9997834,3.521832e-06,0,0.0,4.2409707871423015,False
23,15,476560.0,9725220.0,32.78915400520302,-2.4859882729459826,SeaLake,0.9998622,3.242208e-06,0,0.0,4.177557333400375,False
23,16,477200.0,9725220.0,32.79491086728652,-2.4859891845446973,SeaLake,0.9999896,1.5301981e-07,0,0.0,4.211571836060749,False
23,17,477840.0,9725220.0,32.80066773145831,-2.4859900709093776,SeaLake,0.999954,9.997354e-07,0,0.0,4.340724523251039,False
23,18,478480.0,9725220.0,32.80642459765976,-2.4859909320399787,SeaLake,0.9999894,1.3503659e-08,0,0.0,4.556933337586344,False
23,19,479120.0,9725220.0,32.81218146583225,-2.485991767936456,HerbaceousVegetation,0.93949276,0.006270166,2,9.0,4.848566128213441,False
23,20,479760.0,9725220.0,32.81793833591717,-2.4859925785987684,HerbaceousVegetation,0.40652525,0.23969023,11,47.0,5.2029554635910085,True
23,21,480400.0,9725220.0,32.82369520785589,-2.4859933640268745,SeaLake,0.9999957,1.8287012e-07,0,0.0,5.608216972671829,False
23,22,481040.0,9725220.0,32.829452081589814,-2.485994124220734,SeaLake,0.9999871,4.628258e-07,0,0.0,6.054143182071039,False
23,23,481680.0,9725220.0,32.835208957060296,-2.48599485918031,SeaLake,0.99970967,4.8650145e-06,0,0.0,6.525402586758877,False
23,24,482320.0,9725220.0,32.840965834208745,-2.485995568905564,SeaLake,0.99984205,2.6448274e-06,0,0.0,5.896616297961058,False
23,25,482960.0,9725220.0,32.84672271297652,-2.4859962533964604,SeaLake,0.9997785,3.5048345e-06,0,0.0,5.260622910342944,False
23,26,483600.0,9725220.0,32.85247959330503,-2.4859969126529644,SeaLake,0.9997291,4.043504e-06,0,0.0,4.62573486532358,False
23,27,484240.0,9725220.0,32.85823647513563,-2.485997546675044,SeaLake,0.9997274,4.500015e-06,0,0.0,3.9924795157539954,False
23,28,484880.0,9725220.0,32.863993358409715,-2.4859981554626662,SeaLake,0.99968606,4.8976535e-06,0,0.0,3.361779636317698,False
23,29,485520.0,9725220.0,32.86975024306867,-2.4859987390158,SeaLake,0.999933,8.232985e-07,0,0.0,2.7354034369002043,False
23,30,486160.0,9725220.0,32.87550712905387,-2.485999297334417,HerbaceousVegetation,0.6058657,0.006817543,48,206.0,2.117191914317299,False
23,31,486800.0,9725220.0,32.8812640163067,-2.485999830418488,Residential,0.99693465,0.99693465,286,1230.0,1.517158937453701,False
23,32,487440.0,9725220.0,32.88702090476854,-2.4860003382679863,Residential,0.9731775,0.9731775,531,2283.0,0.9696601883859823,False
23,33,488080.0,9725220.0,32.89277779438077,-2.4860008208828868,Residential,0.46729037,0.46729037,503,2163.0,0.6012368592604843,False
23,34,488720.0,9725220.0,32.89853468508478,-2.4860012782631644,Residential,0.92234856,0.92234856,719,3092.0,0.36339990388815313,False
23,35,489360.0,9725220.0,32.904291576821954,-2.4860017104087966,Residential,0.9991246,0.9991246,1217,5233.0,0.4283979231576898,False
23,36,490000.0,9725220.0,32.910048469533656,-2.4860021173197606,Residential,0.96658576,0.96658576,790,3397.0,0.3776381002212282,False
23,37,490640.0,9725220.0,32.91580536316127,-2.486002498996037,Residential,0.8580431,0.8580431,485,2086.0,0.8620579878683494,False
23,38,491280.0,9725220.0,32.921562257646194,-2.4860028554376057,Residential,0.97363764,0.97363764,897,3857.0,0.9534199819581621,False
23,39,491920.0,9725220.0,32.9273191529298,-2.4860031866444494,Residential,0.99724126,0.99724126,1156,4971.0,1.234025574621412,False
23,40,492560.0,9725220.0,32.93307604895346,-2.4860034926165504,Residential,0.99225324,0.99225324,518,2227.0,1.1843766789877876,False
23,41,493200.0,9725220.0,32.938832945658575,-2.4860037733538944,HerbaceousVegetation,0.94571334,0.023780026,232,998.0,1.173285646039146,False
23,42,493840.0,9725220.0,32.94458984298651,-2.486004028856467,Residential,0.99570894,0.99570894,314,1350.0,1.4729732844396233,False
23,43,494480.0,9725220.0,32.95034674087866,-2.486004259124254,Residential,0.966769,0.966769,138,593.0,1.9447111317993238,False
23,44,495120.0,9725220.0,32.956103639276385,-2.4860044641572463,HerbaceousVegetation,0.96965164,0.0061248546,212,912.0,2.492659719178605,False
23,45,495760.0,9725220.0,32.96186053812109,-2.4860046439554297,Residential,0.99826115,0.99826115,304,1307.0,3.076362066644126,False
23,46,496400.0,9725220.0,32.967617437354136,-2.486004798518799,HerbaceousVegetation,0.9404501,0.031208003,124,533.0,3.437928796922126,False
23,47,497040.0,9725220.0,32.97337433691692,-2.486004927847345,HerbaceousVegetation,0.5641198,0.37834433,121,520.0,3.398924277752616,False
23,48,497680.0,9725220.0,32.97913123675081,-2.48600503194106,HerbaceousVegetation,0.72633743,0.08870418,146,628.0,3.005150631711068,False
23,49,498320.0,9725220.0,32.9848881367972,-2.4860051107999404,Residential,0.9243366,0.9243366,139,598.0,2.641326339693552,False
23,50,498960.0,9725220.0,32.99064503699747,-2.4860051644239816,Residential,0.97494274,0.97494274,196,843.0,2.396138423848765,False
23,51,499600.0,9725220.0,32.99640193729299,-2.48600519281318,HerbaceousVegetation,0.9870475,0.00047357607,1,4.0,2.3077161566644087,False
23,52,500240.0,9725220.0,33.00215883762514,-2.486005195967536,HerbaceousVegetation,0.87276554,0.024219707,21,90.0,2.3934971011504182,False
23,53,500880.0,9725220.0,33.00791573793531,-2.486005173887047,Residential,0.67319685,0.67319685,97,417.0,2.6365323602605297,False
23,54,501520.0,9725220.0,33.013672638164884,-2.486005126571716,Residential,0.9258408,0.9258408,100,430.0,2.9988293382896045,False
23,55,502160.0,9725220.0,33.01942953825524,-2.486005054021546,Residential,0.6071036,0.6071036,78,335.0,3.4429423337709237,False
23,56,502800.0,9725220.0,33.02518643814776,-2.486004956236539,Residential,0.48957145,0.48957145,51,219.0,3.941310242439369,False
23,57,503440.0,9725220.0,33.03094333778381,-2.4860048332167004,HerbaceousVegetation,0.9528375,0.0019176033,13,56.0,4.099939231182157,False
23,58,504080.0,9725220.0,33.03670023710478,-2.4860046849620367,HerbaceousVegetation,0.99442786,0.00033452126,22,95.0,4.135080672315485,False
23,59,504720.0,9725220.0,33.04245713605207,-2.486004511472556,HerbaceousVegetation,0.9874121,0.00021554108,8,34.0,4.267022689619501,False
23,60,505360.0,9725220.0,33.04821403456704,-2.486004312748265,HerbaceousVegetation,0.9339951,0.00032117765,7,30.0,4.313009338097887,False
23,61,506000.0,9725220.0,33.05397093259107,-2.4860040887891754,HerbaceousVegetation,0.5432902,0.41746935,105,452.0,4.12702329241385,False
23,62,506640.0,9725220.0,33.059727830065555,-2.486003839595298,PermanentCrop,0.84075695,0.0062250732,63,271.0,4.035070378783167,False
23,63,507280.0,9725220.0,33.06548472693187,-2.4860035651666457,PermanentCrop,0.91859794,0.0021471048,0,0.0,4.04357078178931,False
23,64,507920.0,9725220.0,33.07124162313139,-2.486003265503233,HerbaceousVegetation,0.99393964,3.6632286e-05,0,0.0,4.151907558333529,False
23,65,508560.0,9725220.0,33.07699851860551,-2.486002940605073,HerbaceousVegetation,0.95802253,0.0012468626,0,0.0,4.338831825785601,False
23,66,509200.0,9725220.0,33.082755413295594,-2.486002590472184,HerbaceousVegetation,0.9870302,0.0008285163,0,0.0,3.8567805890012434,False
23,67,509840.0,9725220.0,33.08851230714304,-2.486002215104582,HerbaceousVegetation,0.98903054,5.630158e-05,0,0.0,3.426842775929988,False
23,68,510480.0,9725220.0,33.094269200089215,-2.486001814502288,HerbaceousVegetation,0.9800351,0.0003311927,0,0.0,3.0709845831899436,False
23,69,511120.0,9725220.0,33.10002609207551,-2.4860013886653207,HerbaceousVegetation,0.97408265,0.0010562153,0,0.0,2.81741747162842,False
23,70,511760.0,9725220.0,33.105782983043305,-2.486000937593703,HerbaceousVegetation,0.9752265,0.00019510249,0,0.0,2.695169031560701,False
23,71,512400.0,9725220.0,33.111539872933974,-2.486000461287456,HerbaceousVegetation,0.98202264,0.0009374239,0,0.0,2.7219902659507462,False
23,72,513040.0,9725220.0,33.11729676168891,-2.485999959746605,HerbaceousVegetation,0.9860681,0.00039676134,12,52.0,2.8937390876126656,False
23,73,513680.0,9725220.0,33.12305364924949,-2.485999432971175,HerbaceousVegetation,0.97029084,0.006301654,14,60.0,2.998659784194071,False
23,74,514320.0,9725220.0,33.12881053555709,-2.4859988809611915,HerbaceousVegetation,0.9937143,0.00066700275,12,52.0,2.7818154300922977,False
23,75,514960.0,9725220.0,33.134567420553104,-2.4859983037166846,HerbaceousVegetation,0.9606858,0.02744959,49,211.0,2.7026345799712472,False
23,76,515600.0,9725220.0,33.140324304178904,-2.485997701237681,Residential,0.5488755,0.5488755,109,469.0,2.7729353145382105,False
23,77,516240.0,9725220.0,33.14608118637587,-2.485997073524213,HerbaceousVegetation,0.78630745,0.057511758,80,344.0,2.982164791618647,False
23,78,516880.0,9725220.0,33.15183806708539,-2.485996420576312,HerbaceousVegetation,0.9715668,0.0033071502,64,275.0,3.304034417212789,False
23,79,517520.0,9725220.0,33.15759494624886,-2.4859957423940098,HerbaceousVegetation,0.6483462,0.0042577665,5,22.0,3.7093368701000204,False
23,80,518160.0,9725220.0,33.16335182380763,-2.4859950389773418,HerbaceousVegetation,0.79443914,0.10343419,9,39.0,4.173837155620734,False
23,81,518800.0,9725220.0,33.1691086997031,-2.4859943103263435,SeaLake,0.58738834,0.0003946582,1,4.0,4.679941579485469,False
23,82,519440.0,9725220.0,33.17486557387665,-2.485993556441051,SeaLake,0.9989501,1.6110002e-05,0,0.0,5.215552681466625,False
23,83,520080.0,9725220.0,33.18062244626967,-2.4859927773215027,SeaLake,0.9985757,2.1722e-05,0,0.0,5.751335842035618,False
23,84,520720.0,9725220.0,33.18637931682353,-2.485991972967739,SeaLake,0.9985624,2.1308542e-05,0,0.0,5.8459388512591675,False
23,85,521360.0,9725220.0,33.192136185479626,-2.4859911433797985,SeaLake,0.99879646,1.9158699e-05,0,0.0,6.007606689642654,False
24,0,466960.0,9724580.0,32.70280006765584,-2.4917616636186315,SeaLake,0.9999522,8.840069e-07,0,0.0,5.08004776289758,False
24,1,467600.0,9724580.0,32.70855691649871,-2.491762956730056,SeaLake,0.99978673,3.927717e-06,0,0.0,4.687386502500657,False
24,2,468240.0,9724580.0,32.71431376830917,-2.491764224549428,SeaLake,0.9997754,3.2429748e-06,0,0.0,4.353791356315777,False
24,3,468880.0,9724580.0,32.72007062302859,-2.4917654670766827,SeaLake,0.999674,5.1919183e-06,0,0.0,4.093727656407373,False
24,4,469520.0,9724580.0,32.72582748059836,-2.4917666843117585,SeaLake,0.9989667,1.4696557e-05,0,0.0,3.921850720685227,False
24,5,470160.0,9724580.0,32.73158434095987,-2.491767876254594,SeaLake,0.9997663,3.304309e-06,0,0.0,3.8499896137319474,False
24,6,470800.0,9724580.0,32.73734120405449,-2.4917690429051285,SeaLake,0.995348,6.73939e-05,0,0.0,3.88370016560863,False
24,7,471440.0,9724580.0,32.74309806982362,-2.491770184263302,SeaLake,0.9994769,1.0098855e-05,0,0.0,4.020327589494808,False
24,8,472080.0,9724580.0,32.74885493820862,-2.49177130032906,SeaLake,0.9997521,4.0074297e-06,0,0.0,4.249957750067376,False
24,9,472720.0,9724580.0,32.754611809150894,-2.4917723911023417,SeaLake,0.9999156,2.532259e-06,0,0.0,4.558557647750261,False
24,10,473360.0,9724580.0,32.76036868259181,-2.491773456583097,SeaLake,0.9999579,9.873056e-07,0,0.0,4.834976245775581,False
24,11,474000.0,9724580.0,32.766125558472766,-2.491774496771268,SeaLake,0.9999559,2.4646142e-06,0,0.0,4.423386412429621,False
24,12,474640.0,9724580.0,32.771882436735126,-2.491775511666804,SeaLake,0.999943,1.0434743e-06,0,0.0,4.071228243432176,False
24,13,475280.0,9724580.0,32.77763931732028,-2.491776501269653,SeaLake,0.9997286,1.4476084e-05,15,64.0,3.7950825375178203,False
24,14,475920.0,9724580.0,32.78339620016962,-2.491777465579766,HerbaceousVegetation,0.9978357,8.7185785e-05,15,64.0,3.6124234971865565,False
24,15,476560.0,9724580.0,32.789153085224505,-2.4917784045970945,SeaLake,0.9994842,2.5089287e-06,0,0.0,3.5377613796691274,False
24,16,477200.0,9724580.0,32.79490997242634,-2.491779318321589,SeaLake,0.99999356,3.4120347e-07,0,0.0,3.5778635574782984,False
24,17,477840.0,9724580.0,32.8006668617165,-2.4917802067532056,Residential,0.49599713,0.49599713,5,22.0,3.7290293230791467,False
24,18,478480.0,9724580.0,32.80642375303636,-2.491781069891898,Residential,0.7698612,0.7698612,63,271.0,3.9786193269571513,False
24,19,479120.0,9724580.0,32.812180646327306,-2.491781907737624,HerbaceousVegetation,0.9984933,9.314785e-05,15,64.0,4.309566544942754,False
24,20,479760.0,9724580.0,32.81793754153072,-2.4917827202903395,HerbaceousVegetation,0.7271275,0.032247376,1,4.0,4.704733346507822,False
24,21,480400.0,9724580.0,32.82369443858798,-2.491783507550005,HerbaceousVegetation,0.9725906,0.004311161,38,163.0,5.149356068305584,True
24,22,481040.0,9724580.0,32.82945133744047,-2.49178426951658,HerbaceousVegetation,0.8077308,0.023560662,2,9.0,5.6317333010937585,True
24,23,481680.0,9724580.0,32.83520823802957,-2.491785006190025,SeaLake,0.99999344,2.0237632e-08,0,0.0,6.142977456502771,False
24,24,482320.0,9724580.0,32.84096514029666,-2.491785717570305,SeaLake,0.99936455,8.43799e-06,0,0.0,5.723755079680041,False
24,25,482960.0,9724580.0,32.84672204418313,-2.491786403657384,SeaLake,0.9997553,4.2907322e-06,0,0.0,5.1092421317735335,False
24,26,483600.0,9724580.0,32.852478949630346,-2.4917870644512248,SeaLake,0.9996172,6.273842e-06,0,0.0,4.5018371927488054,False
24,27,484240.0,9724580.0,32.858235856579704,-2.491787699951796,SeaLake,0.999869,2.2702664e-06,0,0.0,3.9048586477545046,False
24,28,484880.0,9724580.0,32.863992764972565,-2.491788310159065,SeaLake,0.9996489,5.984494e-06,0,0.0,3.3037434384313236,False
24,29,485520.0,9724580.0,32.86974967475033,-2.4917888950730016,SeaLake,0.9999182,1.5212595e-06,0,0.0,2.6637549336271764,False
24,30,486160.0,9724580.0,32.875506585854374,-2.4917894546935755,HerbaceousVegetation,0.8280377,0.0012100586,11,47.0,2.023773699272777,False
24,31,486800.0,9724580.0,32.88126349822607,-2.491789989020758,HerbaceousVegetation,0.9258079,0.0019924939,66,284.0,1.3838098226683158,False
24,32,487440.0,9724580.0,32.8870204118068,-2.491790498054524,HerbaceousVegetation,0.76357675,0.14029543,246,1058.0,0.7439081023610455,False
24,33,488080.0,9724580.0,32.89277732653796,-2.491790981794846,Residential,0.9818609,0.9818609,921,3960.0,0.10520885990974262,False
24,34,488720.0,9724580.0,32.89853424236091,-2.4917914402417,Residential,0.95813555,0.95813555,1062,4567.0,0.301145520596793,False
24,35,489360.0,9724580.0,32.90429115921704,-2.491791873395063,Residential,0.99999666,0.99999666,809,3479.0,0.09417087172085621,False
24,36,490000.0,9724580.0,32.910048077047726,-2.491792281254913,Residential,0.99990165,0.99990165,1315,5654.0,0.13571526371681766,False
24,37,490640.0,9724580.0,32.91580499579435,-2.4917926638212293,Residential,0.8970955,0.8970955,721,3100.0,0.5404640599981471,False
24,38,491280.0,9724580.0,32.9215619153983,-2.491793021093993,Residential,0.8834564,0.8834564,489,2103.0,0.3492197950968262,False
24,39,491920.0,9724580.0,32.92731883580094,-2.491793353073186,HerbaceousVegetation,0.914228,0.04623139,631,2713.0,0.8780703448045937,False
24,40,492560.0,9724580.0,32.933075756943666,-2.491793659758791,Residential,0.99999666,0.99999666,639,2748.0,1.4964159166364965,False
24,41,493200.0,9724580.0,32.938832678767845,-2.4917939411507937,Residential,0.47695604,0.47695604,257,1105.0,1.7995074988141668,False
24,42,493840.0,9724580.0,32.94458960121487,-2.491794197249179,HerbaceousVegetation,0.959024,0.009037667,181,778.0,2.0078043549508933,False
24,43,494480.0,9724580.0,32.95034652422611,-2.4917944280539337,Residential,0.9807778,0.9807778,477,2051.0,2.3756113775681262,False
24,44,495120.0,9724580.0,32.956103447742954,-2.4917946335650463,HerbaceousVegetation,0.6407276,0.31267214,135,580.0,2.8416510177540246,False
24,45,495760.0,9724580.0,32.96186037170678,-2.491794813782507,Residential,0.99457526,0.99457526,300,1290.0,2.994419479797248,False
24,46,496400.0,9724580.0,32.967617296058954,-2.491794968706305,Residential,0.9991516,0.9991516,230,989.0,2.8072548609235577,False
24,47,497040.0,9724580.0,32.97337422074087,-2.491795098336436,Residential,0.91078633,0.91078633,202,869.0,2.75934986679266,False
24,48,497680.0,9724580.0,32.979131145693906,-2.4917952026728902,HerbaceousVegetation,0.46292284,0.43526557,189,813.0,2.8577164870851686,False
24,49,498320.0,9724580.0,32.984888070859434,-2.4917952817156634,Residential,0.9828568,0.9828568,273,1174.0,3.088409842256711,False
24,50,498960.0,9724580.0,32.990644996178844,-2.491795335464752,Residential,0.9794611,0.9794611,438,1883.0,3.0174408451550185,False
24,51,499600.0,9724580.0,32.99640192159351,-2.491795363920152,HerbaceousVegetation,0.8273129,0.0037539606,131,563.0,2.947715007848509,False
24,52,500240.0,9724580.0,33.00215884704482,-2.491795367081863,Residential,0.996872,0.996872,237,1019.0,3.0153438080890287,False
24,53,500880.0,9724580.0,33.00791577247415,-2.4917953449498844,Residential,0.9972698,0.9972698,188,808.0,3.211661998789155,False
24,54,501520.0,9724580.0,33.01367269782287,-2.491795297524219,Residential,0.9781578,0.9781578,177,761.0,3.515173865963369,False
24,55,502160.0,9724580.0,33.019429623032366,-2.491795224804866,Residential,0.6222626,0.6222626,71,305.0,3.7217436097519085,False
24,56,502800.0,9724580.0,33.02518654804402,-2.4917951267918323,Residential,0.8806735,0.8806735,101,434.0,3.5358684879248155,False
24,57,503440.0,9724580.0,33.030943472799215,-2.49179500348512,HerbaceousVegetation,0.93656176,0.05672043,3,13.0,3.460138209822011,False
24,58,504080.0,9724580.0,33.03670039723932,-2.491794854884738,HerbaceousVegetation,0.99922025,2.7936125e-05,11,47.0,3.501706283833757,False
24,59,504720.0,9724580.0,33.042457321305726,-2.4917946809906915,HerbaceousVegetation,0.9686442,0.0015384489,2,9.0,3.6565745398407197,False
24,60,505360.0,9724580.0,33.0482142449398,-2.491794481802992,Residential,0.46809107,0.46809107,7,30.0,3.9113076883034816,False
24,61,506000.0,9724580.0,33.05397116808294,-2.491794257321646,HerbaceousVegetation,0.95265955,0.0010484593,96,413.0,4.247978142570001,False
24,62,506640.0,9724580.0,33.05972809067651,-2.491794007546668,PermanentCrop,0.96609426,0.0008865886,28,120.0,4.648817996751758,False
24,63,507280.0,9724580.0,33.065485012661895,-2.491793732478068,PermanentCrop,0.6978846,0.017023122,15,64.0,4.68120607659277,False
24,64,507920.0,9724580.0,33.07124193398049,-2.491793432115862,HerbaceousVegetation,0.97338337,0.0007054246,2,9.0,4.534896914246951,False
24,65,508560.0,9724580.0,33.07699885457364,-2.491793106460064,HerbaceousVegetation,0.5256271,0.4067212,30,129.0,3.974340816046515,False
24,66,509200.0,9724580.0,33.08275577438276,-2.491792755510692,HerbaceousVegetation,0.9990921,5.7228157e-05,9,39.0,3.4416100623603554,False
24,67,509840.0,9724580.0,33.088512693349216,-2.491792379267761,HerbaceousVegetation,0.72170407,0.003983242,0,0.0,2.951808720189507,False
24,68,510480.0,9724580.0,33.09426961141438,-2.4917919777312925,HerbaceousVegetation,0.9934942,4.1656625e-05,0,0.0,2.5299939960074176,False
24,69,511120.0,9724580.0,33.10002652851964,-2.491791550901306,HerbaceousVegetation,0.9967091,2.2540935e-05,1,4.0,2.2153474939792965,False
24,70,511760.0,9724580.0,33.10578344460639,-2.4917910987778225,HerbaceousVegetation,0.90784585,0.008257607,24,103.0,2.057634422905856,False
24,71,512400.0,9724580.0,33.11154035961598,-2.4917906213608654,Pasture,0.5817574,0.0043283505,14,60.0,2.0926429025454585,False
24,72,513040.0,9724580.0,33.117297273489825,-2.4917901186504583,HerbaceousVegetation,0.9934857,0.00020521422,8,34.0,2.3116334520898096,False
24,73,513680.0,9724580.0,33.12305418616928,-2.4917895906466274,HerbaceousVegetation,0.99872214,2.5026445e-06,31,133.0,2.6697086200683806,False
24,74,514320.0,9724580.0,33.12881109759572,-2.4917890373493985,HerbaceousVegetation,0.97612596,0.0005781551,2,9.0,3.1193331042570915,False
24,75,514960.0,9724580.0,33.13456800771055,-2.4917884587588,HerbaceousVegetation,0.9221244,0.007001938,83,357.0,3.3426214287351073,False
24,76,515600.0,9724580.0,33.14032491645514,-2.491787854874862,HerbaceousVegetation,0.67806333,0.15851147,45,194.0,3.399713899962156,False
24,77,516240.0,9724580.0,33.14608182377087,-2.491787225697613,Pasture,0.9787748,4.651408e-05,0,0.0,3.5724209140795065,False
24,78,516880.0,9724580.0,33.15183872959912,-2.491786571227085,HerbaceousVegetation,0.46490863,0.049214967,0,0.0,3.8451954141642037,False
24,79,517520.0,9724580.0,33.157595633881265,-2.491785891463314,HerbaceousVegetation,0.9669549,4.7161942e-05,1,4.0,4.198578849904594,False
24,80,518160.0,9724580.0,33.1633525365587,-2.4917851864063314,Residential,0.5615975,0.5615975,97,417.0,4.6140872276781835,False
24,81,518800.0,9724580.0,33.16910943757279,-2.4917844560561733,Residential,0.285441,0.285441,17,73.0,5.076488700901413,True
24,82,519440.0,9724580.0,33.17486633686493,-2.4917837004128773,SeaLake,0.99851733,2.3077097e-05,1,4.0,5.087238261275986,True
24,83,520080.0,9724580.0,33.18062323437649,-2.491782919476481,SeaLake,0.99897844,1.5895213e-05,0,0.0,5.11448239920406,False
24,84,520720.0,9724580.0,33.18638013004886,-2.4917821132470235,SeaLake,0.998694,1.9988722e-05,0,0.0,5.220638590876208,False
24,85,521360.0,9724580.0,33.19213702382342,-2.491781281724548,SeaLake,0.9983841,2.5515632e-05,0,0.0,5.401055858008109,False
25,0,466960.0,9723940.0,32.70279876788259,-2.497551755810775,SeaLake,0.9999149,1.1775796e-06,0,0.0,4.614189895461129,False
25,1,467600.0,9723940.0,32.708555641901576,-2.4975530519306472,SeaLake,0.9999796,2.3544516e-07,0,0.0,4.177972635367567,False
25,2,468240.0,9723940.0,32.7143125188882,-2.4975543226996253,SeaLake,0.99891603,9.796055e-05,3,13.0,3.79991609017684,False
25,3,468880.0,9723940.0,32.72006939878386,-2.497555568117644,SeaLake,0.9995652,1.4965668e-05,1,4.0,3.498924012162807,False
25,4,469520.0,9723940.0,32.72582628152993,-2.497556788184641,SeaLake,0.9996084,6.964591e-06,0,0.0,3.2961759955126944,False
25,5,470160.0,9723940.0,32.7315831670678,-2.4975579829005534,SeaLake,0.9970584,3.683537e-05,0,0.0,3.210340035556784,False
25,6,470800.0,9723940.0,32.737340055338834,-2.497559152265322,HerbaceousVegetation,0.77374613,0.11033534,35,150.0,3.250690710357318,False
25,7,471440.0,9723940.0,32.74309694628443,-2.497560296278888,HerbaceousVegetation,0.56254494,0.03169288,6,26.0,3.412755051993623,False
25,8,472080.0,9723940.0,32.74885383984597,-2.4975614149411927,SeaLake,0.9995714,6.911019e-06,0,0.0,3.6804896407152987,False
25,9,472720.0,9723940.0,32.75461073596483,-2.4975625082521806,SeaLake,0.9998212,2.254247e-06,0,0.0,4.032903537888957,False
25,10,473360.0,9723940.0,32.760367634582394,-2.4975635762117965,SeaLake,0.9999633,5.387466e-07,0,0.0,4.388617732594774,False
25,11,474000.0,9723940.0,32.76612453564004,-2.497564618819985,SeaLake,0.99975675,3.6516428e-06,0,0.0,3.930562002983562,False
25,12,474640.0,9723940.0,32.771881439079145,-2.497565636076696,SeaLake,0.99995136,1.2787851e-06,0,0.0,3.5295707551699547,False
25,13,475280.0,9723940.0,32.7776383448411,-2.4975666279818745,SeaLake,0.99970084,2.4061453e-06,0,0.0,3.207120479839175,False
25,14,475920.0,9723940.0,32.78339525286728,-2.4975675945354734,HerbaceousVegetation,0.9949046,0.001493206,3,13.0,2.9887411779303865,False
25,15,476560.0,9723940.0,32.78915216309907,-2.497568535737443,HerbaceousVegetation,0.9799764,0.013507664,2,9.0,2.8980555352010713,False
25,16,477200.0,9723940.0,32.79490907547784,-2.497569451587736,SeaLake,0.99960506,1.015313e-05,0,0.0,2.946875963043308,False
25,17,477840.0,9723940.0,32.80066598994498,-2.4975703420863047,SeaLake,0.98682445,1.596381e-05,4,17.0,3.1286786345061524,False
25,18,478480.0,9723940.0,32.806422906441874,-2.497571207233106,HerbaceousVegetation,0.9962948,0.0029169708,73,314.0,3.422335760042859,False
25,19,479120.0,9723940.0,32.81217982490989,-2.4975720470280955,HerbaceousVegetation,0.99933976,0.00021780361,0,0.0,3.8020171108138103,False
25,20,479760.0,9723940.0,32.81793674529042,-2.497572861471231,HerbaceousVegetation,0.9773877,0.0044815484,0,0.0,4.244700951465703,False
25,21,480400.0,9723940.0,32.82369366752484,-2.4975736505624706,HerbaceousVegetation,0.99791926,4.844541e-05,136,585.0,4.7327410898787505,False
25,22,481040.0,9723940.0,32.82945059155451,-2.497574414301776,HerbaceousVegetation,0.4673411,0.0076646493,0,0.0,5.253512185222336,False
25,23,481680.0,9723940.0,32.835207517320846,-2.497575152689107,SeaLake,0.99994266,1.3514056e-06,0,0.0,5.798201646780871,False
25,24,482320.0,9723940.0,32.840964444765206,-2.497575865724426,SeaLake,0.99965703,5.1246684e-06,0,0.0,5.589032345238308,False
25,25,482960.0,9723940.0,32.84672137382897,-2.497576553407699,SeaLake,0.9994183,8.408464e-06,0,0.0,4.957848878802853,False
25,26,483600.0,9723940.0,32.85247830445353,-2.497577215738889,SeaLake,0.9995368,7.130907e-06,0,0.0,4.329254953681221,False
25,27,484240.0,9723940.0,32.85823523658025,-2.4975778527179653,SeaLake,0.99975044,4.1127705e-06,0,0.0,3.704568990166074,False
25,28,484880.0,9723940.0,32.863992170150524,-2.4975784643448926,SeaLake,0.9997735,3.72695e-06,0,0.0,3.086164991024746,False
25,29,485520.0,9723940.0,32.86974910510571,-2.4975790506196427,SeaLake,0.99953467,2.1154274e-06,0,0.0,2.478749140343463,False
25,30,486160.0,9723940.0,32.87550604138722,-2.4975796115421844,SeaLake,0.9365771,0.00010279224,13,56.0,1.8929290133758703,False
25,31,486800.0,9723940.0,32.881262978936405,-2.49758014711249,PermanentCrop,0.77764565,0.013527942,168,722.0,1.3569683852643115,False
25,32,487440.0,9723940.0,32.88701991769465,-2.4975806573305324,Residential,0.86099494,0.86099494,528,2270.0,0.9585124660292742,False
25,33,488080.0,9723940.0,32.89277685760334,-2.497581142196285,Residential,0.8522968,0.8522968,1385,5956.0,0.544919252225543,False
25,34,488720.0,9723940.0,32.89853379860386,-2.4975816017097245,Residential,0.6970481,0.6970481,791,3401.0,0.3490181976899909,False
25,35,489360.0,9723940.0,32.90429074063757,-2.497582035870828,Residential,0.99956864,0.99956864,1133,4872.0,0.14415420259563103,False
25,36,490000.0,9723940.0,32.910047683645864,-2.497582444679572,Residential,0.9810721,0.9810721,1688,7258.0,0.49800888252903797,False
25,37,490640.0,9723940.0,32.91580462757012,-2.497582828135936,Residential,0.9899928,0.9899928,1252,5384.0,0.569426205438464,False
25,38,491280.0,9723940.0,32.9215615723517,-2.4975831862399014,Residential,0.99914134,0.99914134,1000,4300.0,0.392554796911,False
25,39,491920.0,9723940.0,32.927318517932015,-2.4975835189914504,Residential,0.9931104,0.9931104,535,2300.0,0.8961876665719213,False
25,40,492560.0,9723940.0,32.93307546425241,-2.497583826390566,Residential,0.99911994,0.99911994,1002,4309.0,1.507118243155929,False
25,41,493200.0,9723940.0,32.93883241125429,-2.497584108437232,Residential,0.98585325,0.98585325,527,2266.0,2.1351483470689345,False
25,42,493840.0,9723940.0,32.944589358879014,-2.4975843651314342,Residential,0.58965486,0.58965486,322,1385.0,2.1210112050666603,False
25,43,494480.0,9723940.0,32.950346307067974,-2.4975845964731613,Residential,0.6018465,0.6018465,335,1440.0,2.0936668321898386,False
25,44,495120.0,9723940.0,32.95610325576254,-2.497584802462399,Residential,0.99983275,0.99983275,225,968.0,2.2555250112568777,False
25,45,495760.0,9723940.0,32.9618602049041,-2.4975849830991392,Residential,0.999321,0.999321,234,1006.0,2.418072261629447,False
25,46,496400.0,9723940.0,32.96761715443402,-2.497585138383372,Residential,0.9110623,0.9110623,400,1720.0,2.182018628621551,False
25,47,497040.0,9723940.0,32.9733741042937,-2.4975852683150883,Residential,0.41058463,0.41058463,117,503.0,2.1200323414611395,False
25,48,497680.0,9723940.0,32.97913105442449,-2.4975853728942834,Residential,0.5478574,0.5478574,204,877.0,2.2465682633810458,False
25,49,498320.0,9723940.0,32.98488800476779,-2.4975854521209504,Residential,0.9882598,0.9882598,443,1905.0,2.533535236625031,False
25,50,498960.0,9723940.0,32.99064495526497,-2.497585505995088,Residential,0.9993993,0.9993993,507,2180.0,2.934234589873546,False
25,51,499600.0,9723940.0,32.996401905857404,-2.497585534516689,Residential,0.57452667,0.57452667,215,924.0,3.4087922291627137,False
25,52,500240.0,9723940.0,33.00215885648649,-2.4975855376857568,Residential,0.99986863,0.99986863,169,727.0,3.643482974949414,False
25,53,500880.0,9723940.0,33.00791580709358,-2.4975855155022884,Residential,0.9936648,0.9936648,114,490.0,3.807550748477522,False
25,54,501520.0,9723940.0,33.01367275762007,-2.4975854679662848,Residential,0.9928514,0.9928514,94,404.0,3.4643671516226955,False
25,55,502160.0,9723940.0,33.01942970800733,-2.49758539507775,Residential,0.9994412,0.9994412,46,198.0,3.1358619594001422,False
25,56,502800.0,9723940.0,33.02518665819675,-2.4975852968366863,HerbaceousVegetation,0.77909756,0.017427636,21,90.0,2.912837224354195,False
25,57,503440.0,9723940.0,33.0309436081297,-2.4975851732431,HerbaceousVegetation,0.96892023,0.009353315,35,150.0,2.8204274787262302,False
25,58,504080.0,9723940.0,33.03670055774756,-2.497585024296995,HerbaceousVegetation,0.9983752,0.0002778543,5,22.0,2.8712717791815794,False
25,59,504720.0,9723940.0,33.0424575069917,-2.4975848499983817,HerbaceousVegetation,0.99510133,0.0006095092,23,99.0,3.058233492899962,False
25,60,505360.0,9723940.0,33.04821445580352,-2.4975846503472665,HerbaceousVegetation,0.98239803,0.00043893757,66,284.0,3.358657851622528,False
25,61,506000.0,9723940.0,33.05397140412437,-2.497584425343661,HerbaceousVegetation,0.99653816,2.4451372e-05,36,155.0,3.7453401756631144,False
25,62,506640.0,9723940.0,33.05972835189565,-2.497584174987576,HerbaceousVegetation,0.9873049,0.00044065423,24,103.0,4.194492042978119,False
25,63,507280.0,9723940.0,33.065485299058736,-2.4975838992790247,HerbaceousVegetation,0.9285092,0.009380852,10,43.0,4.688193038450668,False
25,64,507920.0,9723940.0,33.071242245555,-2.497583598218021,HerbaceousVegetation,0.99824405,1.8524534e-05,14,60.0,4.2842050992558445,False
25,65,508560.0,9723940.0,33.07699919132583,-2.497583271804578,HerbaceousVegetation,0.98182136,0.011406468,32,138.0,3.6857167866965237,False
25,66,509200.0,9723940.0,33.08275613631259,-2.497582920038715,HerbaceousVegetation,0.9807412,0.00033065496,0,0.0,3.1038368402645324,False
25,67,509840.0,9723940.0,33.08851308045667,-2.497582542920449,HerbaceousVegetation,0.88518894,0.028545186,6,26.0,2.549960397776813,False
25,68,510480.0,9723940.0,33.09427002369945,-2.497582140449797,HerbaceousVegetation,0.9940211,0.00014499131,2,9.0,2.046947221956846,False
25,69,511120.0,9723940.0,33.10002696598231,-2.4975817126267827,HerbaceousVegetation,0.99944013,3.071795e-05,16,69.0,1.6422203959041604,False
25,70,511760.0,9723940.0,33.10578390724661,-2.497581259451426,HerbaceousVegetation,0.98275536,0.00025422708,71,305.0,1.4223159733232218,False
25,71,512400.0,9723940.0,33.11154084743376,-2.4975807809237485,PermanentCrop,0.8713096,0.0021866534,14,60.0,1.4725072587994774,False
25,72,513040.0,9723940.0,33.11729778648511,-2.4975802770437765,HerbaceousVegetation,0.95904094,0.00046054137,0,0.0,1.7699639901602289,False
25,73,513680.0,9723940.0,33.123054724342055,-2.4975797478115336,HerbaceousVegetation,0.99780947,9.873472e-06,7,30.0,2.2173108545512257,False
25,74,514320.0,9723940.0,33.12881166094597,-2.497579193227049,HerbaceousVegetation,0.97890544,0.0067264363,16,69.0,2.7421455696146864,False
25,75,514960.0,9723940.0,33.13456859623824,-2.497578613290348,HerbaceousVegetation,0.9856866,0.006594434,8,34.0,3.3077873607903245,False
25,76,515600.0,9723940.0,33.14032553016024,-2.4975780080014616,HerbaceousVegetation,0.9660113,0.0064592343,0,0.0,3.8965051165693327,False
25,77,516240.0,9723940.0,33.14608246265335,-2.4975773773604204,Pasture,0.94074255,3.1197378e-05,0,0.0,4.177352694031883,False
25,78,516880.0,9723940.0,33.15183939365894,-2.497576721367256,HerbaceousVegetation,0.7796062,0.043252934,0,0.0,4.412891582181936,False
25,79,517520.0,9723940.0,33.1575963231184,-2.497576040022,HerbaceousVegetation,0.9981957,1.5752184e-05,0,0.0,4.723997110694391,False
25,80,518160.0,9723940.0,33.1633532509731,-2.497575333324688,HerbaceousVegetation,0.9969568,2.9996581e-06,12,52.0,4.656284484577728,False
25,81,518800.0,9723940.0,33.16911017716444,-2.497574601275357,Residential,0.3166893,0.3166893,78,335.0,4.507828999207609,False
25,82,519440.0,9723940.0,33.17486710163379,-2.4975738438740422,River,0.802856,0.0023576317,11,47.0,4.447387926735746,False
25,83,520080.0,9723940.0,33.18062402432251,-2.4975730611207827,SeaLake,0.9944919,0.00035173932,0,0.0,4.478526147702241,False
25,84,520720.0,9723940.0,33.186380945172004,-2.497572253015617,SeaLake,0.99840456,2.4201192e-05,0,0.0,4.599384039241611,False
25,85,521360.0,9723940.0,33.192137864123644,-2.497571419558588,SeaLake,0.99886155,1.7988707e-05,0,0.0,4.803193794259012,False
26,0,466960.0,9723300.0,32.70279746508309,-2.503341847490646,SeaLake,0.9993757,1.2713453e-05,2,9.0,4.194497766053815,False
26,1,467600.0,9723300.0,32.70855436433679,-2.503343146618992,Residential,0.90667737,0.90667737,23,99.0,3.7092476946053465,False
26,2,468240.0,9723300.0,32.71431126655821,-2.5033444203376,HerbaceousVegetation,0.9410744,0.04224162,23,99.0,3.2775639445233877,False
26,3,468880.0,9723300.0,32.72006817168872,-2.5033456686464053,River,0.47040978,0.28806782,0,0.0,2.9232742534603795,False
26,4,469520.0,9723300.0,32.725825079669704,-2.503346891545347,HerbaceousVegetation,0.65752983,0.1803091,26,112.0,2.677282075435641,False
26,5,470160.0,9723300.0,32.73158199044254,-2.503348089034361,HerbaceousVegetation,0.7849299,0.14812595,12,52.0,2.5708648859777914,False
26,6,470800.0,9723300.0,32.73733890394862,-2.5033492611133865,HerbaceousVegetation,0.90652364,0.061023824,31,133.0,2.621078635306128,False
26,7,471440.0,9723300.0,32.74309582012932,-2.5033504077823663,SeaLake,0.58360696,0.014766288,32,138.0,2.8195673715949514,False
26,8,472080.0,9723300.0,32.748852738926004,-2.503351529041242,SeaLake,0.9995547,7.5298626e-06,0,0.0,3.138322340593377,False
26,9,472720.0,9723300.0,32.75460966028007,-2.503352624889956,SeaLake,0.99942845,9.027915e-06,0,0.0,3.5450492329405137,False
26,10,473360.0,9723300.0,32.76036658413289,-2.503353695328453,SeaLake,0.9996644,4.866887e-06,0,0.0,3.9952641850666715,False
26,11,474000.0,9723300.0,32.76612351042584,-2.50335474035668,SeaLake,0.99975544,3.6883387e-06,0,0.0,3.4858984444371455,False
26,12,474640.0,9723300.0,32.77188043910032,-2.503355759974584,SeaLake,0.99292725,2.2487144e-05,1,4.0,3.026555801795527,False
26,13,475280.0,9723300.0,32.77763737009769,-2.5033567541821125,Residential,0.56939566,0.56939566,25,108.0,2.6434432238720427,False
26,14,475920.0,9723300.0,32.78339430335934,-2.503357722979216,HerbaceousVegetation,0.9708666,0.0016777685,4,17.0,2.3737616001376116,False
26,15,476560.0,9723300.0,32.78915123882663,-2.5033586663658447,HerbaceousVegetation,0.97236913,0.00017493447,3,13.0,2.258516369376306,False
26,16,477200.0,9723300.0,32.79490817644097,-2.5033595843419523,HerbaceousVegetation,0.65401536,0.06748524,3,13.0,2.320829215430034,False
26,17,477840.0,9723300.0,32.80066511614371,-2.5033604769074933,SeaLake,0.9457737,9.0674584e-05,0,0.0,2.547704909059611,False
26,18,478480.0,9723300.0,32.806422057876254,-2.5033613440624194,Forest,0.46685165,0.1172342,53,228.0,2.900784783485203,False
26,19,479120.0,9723300.0,32.81217900157996,-2.5033621858066897,HerbaceousVegetation,0.9517447,0.009523261,59,254.0,3.340285080131957,False
26,20,479760.0,9723300.0,32.817935947196226,-2.5033630021402606,HerbaceousVegetation,0.85587186,0.073652394,70,301.0,3.8366204494326785,False
26,21,480400.0,9723300.0,32.823692894666415,-2.5033637930630896,SeaLake,0.92537034,0.0006369215,28,120.0,4.37047005818114,False
26,22,481040.0,9723300.0,32.82944984393191,-2.5033645585751385,SeaLake,0.9999522,1.4953946e-06,0,0.0,4.929661305395202,False
26,23,481680.0,9723300.0,32.835206794934095,-2.503365298676369,SeaLake,0.9999263,1.734415e-06,0,0.0,5.506479151178507,False
26,24,482320.0,9723300.0,32.84096374761434,-2.503366013366742,SeaLake,0.99983394,2.3431594e-06,0,0.0,5.525612445700202,False
26,25,482960.0,9723300.0,32.84672070191404,-2.503366702646223,SeaLake,0.9994798,8.154968e-06,0,0.0,4.886243531487522,False
26,26,483600.0,9723300.0,32.85247765777455,-2.5033673665147766,SeaLake,0.99934965,1.0249854e-05,0,0.0,4.247064727306419,False
26,27,484240.0,9723300.0,32.858234615137256,-2.503368004972368,SeaLake,0.99974173,4.9423606e-06,0,0.0,3.608177067004477,False
26,28,484880.0,9723300.0,32.86399157394355,-2.503368618018967,SeaLake,0.99998283,8.1161977e-07,0,0.0,2.96976845827814,False
26,29,485520.0,9723300.0,32.86974853413479,-2.503369205654542,SeaLake,0.9994578,8.681166e-06,0,0.0,2.332232330774618,False
26,30,486160.0,9723300.0,32.87550549565238,-2.5033697678790623,SeaLake,0.9997137,6.8286304e-06,0,0.0,1.6965525614130241,False
26,31,486800.0,9723300.0,32.88126245843767,-2.503370304692501,SeaLake,0.48983347,0.0119390935,106,456.0,1.066055131108978,False
26,32,487440.0,9723300.0,32.887019422432054,-2.5033708160948294,HerbaceousVegetation,0.9008706,0.057652596,1144,4919.0,0.4624462038880498,False
26,33,488080.0,9723300.0,32.8927763875769,-2.503371302086023,Residential,0.98940533,0.98940533,1202,5169.0,0.31823130794779125,False
26,34,488720.0,9723300.0,32.8985333538136,-2.503371762666057,Residential,0.99997616,0.99997616,799,3436.0,0.10957118848886271,False
26,35,489360.0,9723300.0,32.90429032108352,-2.503372197834908,Residential,0.9198622,0.9198622,664,2855.0,0.41050519855220424,False
26,36,490000.0,9723300.0,32.91004728932804,-2.5033726075925533,Residential,0.7196525,0.7196525,1068,4592.0,0.8255164894380626,False
26,37,490640.0,9723300.0,32.915804258488535,-2.5033729919389733,Residential,0.99894905,0.99894905,1218,5237.0,1.0842467462392567,False
26,38,491280.0,9723300.0,32.92156122850639,-2.503373350874148,Residential,0.7894424,0.7894424,763,3281.0,1.0027183412445408,False
26,39,491920.0,9723300.0,32.92731819932298,-2.5033736843980585,Residential,0.9022614,0.9022614,755,3246.0,1.2862725749257007,False
26,40,492560.0,9723300.0,32.93307517087968,-2.5033739925106904,Residential,0.98951435,0.98951435,687,2954.0,1.7671304994662338,False
26,41,493200.0,9723300.0,32.938832143117864,-2.503374275212026,Residential,0.99946445,0.99946445,650,2795.0,1.782991081384659,False
26,42,493840.0,9723300.0,32.94458911597892,-2.503374532502051,Residential,0.9384766,0.9384766,552,2374.0,1.4982020786565284,False
26,43,494480.0,9723300.0,32.95034608940423,-2.503374764380754,Residential,0.99997866,0.99997866,423,1819.0,1.459233271510847,False
26,44,495120.0,9723300.0,32.95610306333514,-2.5033749708481223,Residential,0.99761873,0.99761873,276,1187.0,1.6832450840200768,False
26,45,495760.0,9723300.0,32.961860037713066,-2.5033751519041445,HerbaceousVegetation,0.7197847,0.27161604,171,735.0,1.8832946938634643,False
26,46,496400.0,9723300.0,32.96761701247935,-2.503375307548813,Residential,0.9933674,0.9933674,392,1686.0,1.5687353942344788,False
26,47,497040.0,9723300.0,32.97337398757541,-2.50337543778212,Residential,0.8983821,0.8983821,195,838.0,1.48130434763209,False
26,48,497680.0,9723300.0,32.97913096294258,-2.5033755426040574,Residential,0.98159266,0.98159266,393,1690.0,1.6573455896412967,False
26,49,498320.0,9723300.0,32.98488793852226,-2.5033756220146204,PermanentCrop,0.5914487,0.38977575,161,692.0,2.0294152450134946,False
26,50,498960.0,9723300.0,32.99064491425583,-2.5033756760138064,HerbaceousVegetation,0.88636416,0.008941441,139,598.0,2.51186346561331,False
26,51,499600.0,9723300.0,32.99640189008466,-2.5033757046016114,Residential,0.9744299,0.9744299,112,482.0,3.052800337898408,False
26,52,500240.0,9723300.0,33.00215886595013,-2.5033757077780345,Residential,0.9422961,0.9422961,179,770.0,3.626144196838063,False
26,53,500880.0,9723300.0,33.00791584179362,-2.5033756855430744,Residential,0.887723,0.887723,71,305.0,3.4337594595072507,False
26,54,501520.0,9723300.0,33.0136728175565,-2.5033756378967347,Residential,0.99914324,0.99914324,43,185.0,2.967034629546153,False
26,55,502160.0,9723300.0,33.01942979318015,-2.5033755648390144,Residential,0.99447316,0.99447316,87,374.0,2.5758658660917555,False
26,56,502800.0,9723300.0,33.02518676860595,-2.50337546636992,HerbaceousVegetation,0.59575903,0.3736711,29,125.0,2.2991466737177038,False
26,57,503440.0,9723300.0,33.030943743775275,-2.5033753424894547,HerbaceousVegetation,0.945868,0.016561663,11,47.0,2.1808864927908864,False
26,58,504080.0,9723300.0,33.036700718629504,-2.5033751931976265,HerbaceousVegetation,0.93374354,0.031317536,31,133.0,2.246253850660758,False
26,59,504720.0,9723300.0,33.04245769311001,-2.503375018494442,HerbaceousVegetation,0.9807858,0.013260625,11,47.0,2.480775449084184,False
26,60,505360.0,9723300.0,33.04821466715817,-2.5033748183799087,HerbaceousVegetation,0.9665964,0.00021595476,6,26.0,2.842892417230977,False
26,61,506000.0,9723300.0,33.053971640715375,-2.503374592854039,HerbaceousVegetation,0.96992546,0.00011512591,5,22.0,3.290748814953815,False
26,62,506640.0,9723300.0,33.05972861372298,-2.503374341916843,HerbaceousVegetation,0.9776364,0.002417429,23,99.0,3.794103086407971,False
26,63,507280.0,9723300.0,33.065485586122385,-2.5033740655683334,Highway,0.43524614,0.012208628,88,378.0,4.333659965601943,False
26,64,507920.0,9723300.0,33.07124255785496,-2.503373763808525,PermanentCrop,0.5033498,0.0012833202,18,77.0,4.1185843007194896,False
26,65,508560.0,9723300.0,33.07699952886207,-2.503373436637432,HerbaceousVegetation,0.99091095,8.04901e-06,0,0.0,3.4918235266662343,False
26,66,509200.0,9723300.0,33.0827564990851,-2.503373084055072,HerbaceousVegetation,0.9979614,4.260565e-06,0,0.0,2.870910385335388,False
26,67,509840.0,9723300.0,33.08851346846544,-2.503372706061461,HerbaceousVegetation,0.96834445,0.010243857,6,26.0,2.2606683392026685,False
26,68,510480.0,9723300.0,33.09427043694445,-2.50337230265662,HerbaceousVegetation,0.99349123,4.7005567e-05,7,30.0,1.6728168576147593,False
26,69,511120.0,9723300.0,33.10002740446351,-2.503371873840569,HerbaceousVegetation,0.9889559,0.0026735978,66,284.0,1.1424583748946326,False
26,70,511760.0,9723300.0,33.10578437096401,-2.503371419613329,HerbaceousVegetation,0.9274032,0.015257635,35,150.0,0.7945476937312526,False
26,71,512400.0,9723300.0,33.11154133638732,-2.503370939974923,HerbaceousVegetation,0.9872797,0.0008821163,2,9.0,0.8812496450271168,False
26,72,513040.0,9723300.0,33.11729830067482,-2.503370434925375,HerbaceousVegetation,0.8726286,0.0028821512,28,120.0,1.3195059060524081,False
26,73,513680.0,9723300.0,33.123055263767874,-2.5033699044647126,HerbaceousVegetation,0.99550855,0.00025274415,24,103.0,1.8774426050758393,False
26,74,514320.0,9723300.0,33.12881222560788,-2.50336934859296,HerbaceousVegetation,0.9510805,0.00018410748,11,47.0,2.475416254814677,False
26,75,514960.0,9723300.0,33.134569186136204,-2.503368767310146,HerbaceousVegetation,0.9797563,4.106936e-05,20,86.0,3.090271919078884,False
26,76,515600.0,9723300.0,33.14032614529423,-2.5033681606163,HerbaceousVegetation,0.5123808,0.07693019,13,56.0,3.71363372360472,False
26,77,516240.0,9723300.0,33.14608310302333,-2.5033675285114527,Pasture,0.4207416,0.0040217917,5,22.0,4.341839510200835,False
26,78,516880.0,9723300.0,33.15184005926489,-2.503366870995638,SeaLake,0.4082781,0.008888265,0,0.0,4.645210143324867,False
26,79,517520.0,9723300.0,33.157597013960284,-2.5033661880688856,Residential,0.9151164,0.9151164,28,120.0,4.310349679599794,False
26,80,518160.0,9723300.0,33.16335396705089,-2.503365479731232,HerbaceousVegetation,0.9935742,4.4500903e-05,16,69.0,4.049623617721015,False
26,81,518800.0,9723300.0,33.16911091847808,-2.5033647459827124,Industrial,0.27425957,0.076037236,11,47.0,3.8780134772821047,False
26,82,519440.0,9723300.0,33.17486786818324,-2.503363986823364,HerbaceousVegetation,0.9552441,0.020054039,47,202.0,3.807587899807363,False
26,83,520080.0,9723300.0,33.18062481610776,-2.503363202253226,Highway,0.9440133,0.00016939928,20,86.0,3.8439124208984325,False
26,84,520720.0,9723300.0,33.186381762192994,-2.5033623922723365,SeaLake,0.9979298,3.0754807e-05,0,0.0,3.984068245438957,False
26,85,521360.0,9723300.0,33.19213870638034,-2.503361556880737,SeaLake,0.9989472,1.5164573e-05,0,0.0,4.217717020983372,False
27,0,466960.0,9722660.0,32.702796159257254,-2.509131938657058,Residential,0.8401732,0.8401732,55,236.0,3.836153624072596,False
27,1,467600.0,9722660.0,32.7085530838043,-2.509133240793903,HerbaceousVegetation,0.7191873,0.003308219,22,95.0,3.298602973682941,False
27,2,468240.0,9722660.0,32.71431001131913,-2.5091345174621664,HerbaceousVegetation,0.97093517,0.00011319534,3,13.0,2.804405200482729,False
27,3,468880.0,9722660.0,32.720066941743106,-2.509135768661784,HerbaceousVegetation,0.999616,9.06713e-06,0,0.0,2.380713229055362,False
27,4,469520.0,9722660.0,32.725823875017625,-2.509136994392693,HerbaceousVegetation,0.8964358,7.480635e-05,0,0.0,2.071256244288436,False
27,5,470160.0,9722660.0,32.731580811084065,-2.5091381946548306,HerbaceousVegetation,0.95101213,0.037903238,13,56.0,1.931737399339897,False
27,6,470800.0,9722660.0,32.73733774988379,-2.5091393694481376,HerbaceousVegetation,0.78171396,0.124601886,16,69.0,1.9980781592603176,False
27,7,471440.0,9722660.0,32.743094691358195,-2.5091405187725537,HerbaceousVegetation,0.7974465,0.11304001,34,146.0,2.252159692610124,False
27,8,472080.0,9722660.0,32.74885163544865,-2.50914164262802,SeaLake,0.97730803,0.0013088144,21,90.0,2.640327675028681,False
27,9,472720.0,9722660.0,32.75460858209655,-2.509142741014482,SeaLake,0.9997117,4.1113094e-06,0,0.0,3.112818205746521,False
27,10,473360.0,9722660.0,32.76036553124325,-2.509143813931882,SeaLake,0.9995592,7.0876613e-06,0,0.0,3.6369140947418077,False
27,11,474000.0,9722660.0,32.76612248283014,-2.509144861380167,SeaLake,0.99965525,5.1573807e-06,0,0.0,3.1101219060609937,False
27,12,474640.0,9722660.0,32.7718794367986,-2.509145883359284,SeaLake,0.99048364,0.0017185084,1,4.0,2.584842418216887,False
27,13,475280.0,9722660.0,32.777636393090006,-2.5091468798691805,HerbaceousVegetation,0.8613667,0.0062228926,9,39.0,2.1234788398913187,False
27,14,475920.0,9722660.0,32.783393351645735,-2.509147850909808,HerbaceousVegetation,0.6872563,0.25496465,116,499.0,1.7765456481382729,False
27,15,476560.0,9722660.0,32.78915031240717,-2.509148796481116,HerbaceousVegetation,0.985981,0.006943513,84,361.0,1.6193413773420018,False
27,16,477200.0,9722660.0,32.79490727531569,-2.509149716583057,HerbaceousVegetation,0.9658817,0.007927574,12,52.0,1.7051740535278934,False
27,17,477840.0,9722660.0,32.800664240312656,-2.5091506112155844,HerbaceousVegetation,0.8632993,0.0058792084,31,133.0,2.0030403414004425,False
27,18,478480.0,9722660.0,32.80642120733947,-2.509151480378654,HerbaceousVegetation,0.9810302,0.00042153016,19,82.0,2.4363749025407517,False
27,19,479120.0,9722660.0,32.81217817633749,-2.509152324072221,HerbaceousVegetation,0.8192107,0.023803046,27,116.0,2.945992994252246,False
27,20,479760.0,9722660.0,32.81793514724811,-2.509153142296241,HerbaceousVegetation,0.9512426,0.028732149,13,56.0,3.4987178763993203,False
27,21,480400.0,9722660.0,32.82369212001269,-2.5091539350506773,River,0.61081964,0.0022097307,4,17.0,4.07705516704018,False
27,22,481040.0,9722660.0,32.829449094572624,-2.509154702335486,SeaLake,0.8247955,9.74551e-05,0,0.0,4.671501995241132,False
27,23,481680.0,9722660.0,32.83520607086928,-2.5091554441506294,SeaLake,0.99617034,8.359999e-06,0,0.0,5.276616619387345,False
27,24,482320.0,9722660.0,32.84096304884404,-2.50915616049607,SeaLake,0.99940276,8.735532e-06,0,0.0,5.5359464632557565,False
27,25,482960.0,9722660.0,32.84672002843828,-2.509156851371772,SeaLake,0.99946505,8.185118e-06,0,0.0,4.897926723927237,False
27,26,483600.0,9722660.0,32.852477009593365,-2.509157516777701,SeaLake,0.9998292,2.688078e-06,0,0.0,4.260501043526135,False
27,27,484240.0,9722660.0,32.858233992250696,-2.5091581567138217,SeaLake,0.9998524,2.4743583e-06,0,0.0,3.623982904321429,False
27,28,484880.0,9722660.0,32.86399097635162,-2.509158771180104,SeaLake,0.99022514,0.0029937204,0,0.0,2.988952164177384,False
27,29,485520.0,9722660.0,32.86974796183754,-2.5091593601765143,SeaLake,0.99999726,4.4332324e-08,0,0.0,2.356611548106169,False
27,30,486160.0,9722660.0,32.87550494864983,-2.5091599237030247,SeaLake,0.99933094,1.2031346e-05,0,0.0,1.7299135636193042,False
27,31,486800.0,9722660.0,32.88126193672985,-2.509160461759606,SeaLake,0.999711,5.189883e-06,0,0.0,1.11838449851593,False
27,32,487440.0,9722660.0,32.88701892601898,-2.509160974346232,SeaLake,0.97548395,3.860627e-06,34,146.0,0.5728584776778773,False
27,33,488080.0,9722660.0,32.892775916458625,-2.509161461462875,SeaLake,0.9746447,0.0013763502,103,443.0,0.47407782522925734,False
27,34,488720.0,9722660.0,32.89853290799012,-2.509161923109512,Residential,0.7933513,0.7933513,306,1316.0,0.2308657899800006,False
27,35,489360.0,9722660.0,32.90428990055487,-2.5091623592861194,Residential,0.99846137,0.99846137,431,1853.0,0.0701898414133704,False
27,36,490000.0,9722660.0,32.91004689409424,-2.509162769992676,Residential,0.9829019,0.9829019,567,2438.0,0.4780258173049619,False
27,37,490640.0,9722660.0,32.915803888549604,-2.5091631552291576,Residential,0.9951318,0.9951318,893,3840.0,1.0443141316724287,False
27,38,491280.0,9722660.0,32.92156088386235,-2.5091635149955485,Residential,0.9106436,0.9106436,932,4008.0,0.8319659148559386,False
27,39,491920.0,9722660.0,32.92731787997384,-2.509163849291828,HerbaceousVegetation,0.78322726,0.011343815,242,1041.0,1.0549609288278972,False
27,40,492560.0,9722660.0,32.933074876825465,-2.509164158117981,Residential,0.98736733,0.98736733,422,1815.0,1.5339223706644218,False
27,41,493200.0,9722660.0,32.938831874358584,-2.509164441473992,Residential,0.41574633,0.41574633,415,1784.0,1.3206733633906804,False
27,42,493840.0,9722660.0,32.94458887251459,-2.509164699359845,Residential,0.9999548,0.9999548,624,2683.0,0.8998502125149266,False
27,43,494480.0,9722660.0,32.95034587123485,-2.5091649317755285,Residential,0.999739,0.999739,260,1118.0,0.8333562726449384,False
27,44,495120.0,9722660.0,32.95610287046075,-2.5091651387210296,Residential,0.99392104,0.99392104,293,1260.0,1.1825544170777813,False
27,45,495760.0,9722660.0,32.961859870133644,-2.509165320196338,Residential,0.9998009,0.9998009,443,1905.0,1.4372627962230184,False
27,46,496400.0,9722660.0,32.96761687019493,-2.5091654762014466,Residential,0.6156797,0.6156797,498,2141.0,0.9898768502175087,False
27,47,497040.0,9722660.0,32.973373870585974,-2.509165606736345,Residential,0.98756427,0.98756427,541,2326.0,0.8445045954796587,False
27,48,497680.0,9722660.0,32.97913087124816,-2.509165711801028,Residential,0.76209676,0.76209676,414,1780.0,1.1250421525329564,False
27,49,498320.0,9722660.0,32.984887872122854,-2.509165791395489,Residential,0.9994444,0.9994444,302,1299.0,1.624023299760725,False
27,50,498960.0,9722660.0,32.99064487315143,-2.509165845519725,HerbaceousVegetation,0.4801927,0.42100894,118,507.0,2.197358302907252,False
27,51,499600.0,9722660.0,32.99640187427528,-2.5091658741737333,Residential,0.88921106,0.88921106,293,1260.0,2.7997348704020464,False
27,52,500240.0,9722660.0,33.00215887543576,-2.509165877357512,Residential,0.9946728,0.9946728,255,1096.0,3.4158230600742323,False
27,53,500880.0,9722660.0,33.00791587657426,-2.5091658550710614,Residential,0.9968273,0.9968273,102,439.0,3.0677937931743813,False
27,54,501520.0,9722660.0,33.01367287763215,-2.509165807314382,Residential,0.9980387,0.9980387,75,322.0,2.5345510893666767,False
27,55,502160.0,9722660.0,33.01942987855082,-2.509165734087477,Residential,0.9940269,0.9940269,104,447.0,2.062944422853015,False
27,56,502800.0,9722660.0,33.02518687927162,-2.509165635390349,HerbaceousVegetation,0.9985421,0.0001695426,26,112.0,1.7049135341567654,False
27,57,503440.0,9722660.0,33.03094387973595,-2.509165511223004,HerbaceousVegetation,0.850684,0.100517504,46,198.0,1.5417265082113178,False
27,58,504080.0,9722660.0,33.036700879885174,-2.509165361585448,HerbaceousVegetation,0.7832438,0.1100754,7,30.0,1.6328842865592204,False
27,59,504720.0,9722660.0,33.04245787966067,-2.509165186477688,Residential,0.62118703,0.62118703,50,215.0,1.9429105899301093,False
27,60,505360.0,9722660.0,33.0482148790038,-2.509164985899734,HerbaceousVegetation,0.9932287,0.0010278868,67,288.0,2.388030993859401,False
27,61,506000.0,9722660.0,33.053971877855965,-2.509164759851595,HerbaceousVegetation,0.9991867,1.4679817e-05,2,9.0,2.90683375768269,False
27,62,506640.0,9722660.0,33.05972887615854,-2.5091645083332828,HerbaceousVegetation,0.98556846,0.0005363368,36,155.0,3.466391922730928,False
27,63,507280.0,9722660.0,33.06548587385287,-2.509164231344811,PermanentCrop,0.51978815,0.0057066763,79,340.0,4.04984733405406,False
27,64,507920.0,9722660.0,33.07124287088037,-2.509163928886192,HerbaceousVegetation,0.7344257,7.416534e-05,0,0.0,4.048488600919646,False
27,65,508560.0,9722660.0,33.07699986718239,-2.509163600957441,HerbaceousVegetation,0.9487462,0.00291493,9,39.0,3.408864158487851,False
27,66,509200.0,9722660.0,33.082756862700315,-2.509163247558577,HerbaceousVegetation,0.9924022,9.7585784e-05,16,69.0,2.769413250179513,False
27,67,509840.0,9722660.0,33.088513857375524,-2.509162868689615,HerbaceousVegetation,0.9799913,0.0016493464,16,69.0,2.1302921512122746,False
27,68,510480.0,9722660.0,33.09427085114939,-2.5091624643505765,HerbaceousVegetation,0.96706265,0.0010032669,17,73.0,1.4919247798610313,False
27,69,511120.0,9722660.0,33.10002784396329,-2.5091620345414807,HerbaceousVegetation,0.77249193,0.00014049212,4,17.0,0.8559990934633949,False
27,70,511760.0,9722660.0,33.10578483575859,-2.509161579262349,Residential,0.78745437,0.78745437,144,619.0,0.2425476185348371,False
27,71,512400.0,9722660.0,33.11154182647669,-2.5091610985132045,Residential,0.63015884,0.63015884,72,310.0,0.4518011138805304,False
27,72,513040.0,9722660.0,33.11729881605895,-2.509160592294072,HerbaceousVegetation,0.4874781,0.05917024,82,353.0,1.08102689409212,False
27,73,513680.0,9722660.0,33.12305580444675,-2.509160060604977,HerbaceousVegetation,0.4615781,0.27748248,39,168.0,1.7182299162211156,False
27,74,514320.0,9722660.0,33.12881279158146,-2.509159503445946,HerbaceousVegetation,0.7910349,0.00014268816,12,52.0,2.3569490754456255,False
27,75,514960.0,9722660.0,33.134569777404465,-2.509158920817008,HerbaceousVegetation,0.99609524,3.071229e-05,8,34.0,2.996214919442655,False
27,76,515600.0,9722660.0,33.14032676185714,-2.509158312718192,HerbaceousVegetation,0.9906596,0.0005794988,27,116.0,3.6357390916755183,False
27,77,516240.0,9722660.0,33.14608374488086,-2.509157679149527,HerbaceousVegetation,0.7145096,0.0682128,8,34.0,4.275405669873245,False
27,78,516880.0,9722660.0,33.15184072641701,-2.509157020111047,HerbaceousVegetation,0.79790187,0.11110614,12,52.0,4.137105693541416,False
27,79,517520.0,9722660.0,33.15759770640696,-2.509156335602785,HerbaceousVegetation,0.9786357,0.009695528,17,73.0,3.7572304433333072,False
27,80,518160.0,9722660.0,33.163354684792075,-2.509155625624776,HerbaceousVegetation,0.95215434,0.008627375,95,408.0,3.455013413734946,False
27,81,518800.0,9722660.0,33.16911166151375,-2.509154890177054,HerbaceousVegetation,0.9989312,4.4570124e-06,0,0.0,3.2521769284382738,False
27,82,519440.0,9722660.0,33.17486863651336,-2.509154129259658,HerbaceousVegetation,0.8927957,0.0029791729,46,198.0,3.167868661836221,False
27,83,520080.0,9722660.0,33.18062560973228,-2.5091533428726263,HerbaceousVegetation,0.93487614,0.0011046877,15,64.0,3.2114372083884515,False
27,84,520720.0,9722660.0,33.186382581111886,-2.509152531015997,River,0.81743777,0.00078843615,39,168.0,3.377938132677923,False
27,85,521360.0,9722660.0,33.19213955059356,-2.5091516936898133,SeaLake,0.99903166,1.5116182e-05,0,0.0,3.650589419939938,False
28,0,466960.0,9722020.0,32.70279485040501,-2.514922029308828,HerbaceousVegetation,0.9615363,2.2286764e-05,9,39.0,3.557743350150511,False
28,1,467600.0,9722020.0,32.70855180030403,-2.514923334454197,HerbaceousVegetation,0.706618,0.0004394767,13,56.0,2.970226371178603,False
28,2,468240.0,9722020.0,32.71430875317088,-2.51492461407214,HerbaceousVegetation,0.9015494,0.03753574,91,391.0,2.409595743387144,False
28,3,468880.0,9722020.0,32.72006570894696,-2.5149258681625946,HerbaceousVegetation,0.66765684,0.24930836,37,159.0,1.8998048839431045,False
28,4,469520.0,9722020.0,32.72582266757363,-2.514927096725496,HerbaceousVegetation,0.97992694,0.008428242,41,176.0,1.4938425444332157,False
28,5,470160.0,9722020.0,32.73157962899228,-2.5149282997607805,HerbaceousVegetation,0.9874051,0.0026633267,22,95.0,1.2934730372386334,False
28,6,470800.0,9722020.0,32.73733659314429,-2.51492947726839,HerbaceousVegetation,0.5403836,0.008231069,13,56.0,1.390603986966802,False
28,7,471440.0,9722020.0,32.74309355997102,-2.5149306292482647,HerbaceousVegetation,0.9410781,0.022749681,13,56.0,1.7359972347537298,False
28,8,472080.0,9722020.0,32.74885052941388,-2.5149317557003457,SeaLake,0.8898706,0.043839205,19,82.0,2.216482201502468,False
28,9,472720.0,9722020.0,32.75460750141421,-2.514932856624575,SeaLake,0.9992089,1.1624472e-05,0,0.0,2.76244462389418,False
28,10,473360.0,9722020.0,32.76036447591342,-2.5149339320208988,SeaLake,0.9993314,1.0672959e-05,0,0.0,3.3419466259332284,False
28,11,474000.0,9722020.0,32.766121452852865,-2.514934981889263,Residential,0.47610348,0.47610348,6,26.0,2.8307999887296225,False
28,12,474640.0,9722020.0,32.771878432173935,-2.514936006229613,Residential,0.6387844,0.6387844,3,13.0,2.2409776064576117,False
28,13,475280.0,9722020.0,32.777635413818,-2.5149370050418978,HerbaceousVegetation,0.9946097,0.00076484535,14,60.0,1.6881151291003054,False
28,14,475920.0,9722020.0,32.78339239772644,-2.514937978326067,HerbaceousVegetation,0.9692891,0.0036753414,22,95.0,1.223390675765594,False
28,15,476560.0,9722020.0,32.78914938384062,-2.5149389260820723,HerbaceousVegetation,0.44807392,0.06256789,51,219.0,0.9812424786988444,False
28,16,477200.0,9722020.0,32.79490637210194,-2.514939848309864,HerbaceousVegetation,0.995505,4.363796e-05,33,142.0,1.117223728022238,False
28,17,477840.0,9722020.0,32.800663362451765,-2.514940745009397,HerbaceousVegetation,0.9877358,0.0050638425,48,206.0,1.5338646990229492,False
28,18,478480.0,9722020.0,32.80642035483147,-2.5149416161806246,HerbaceousVegetation,0.9852293,0.0015704427,13,56.0,2.067968319719047,False
28,19,479120.0,9722020.0,32.81217734918243,-2.514942461823505,HerbaceousVegetation,0.7382202,0.00025184566,5,22.0,2.6494235274516744,False
28,20,479760.0,9722020.0,32.81793434544602,-2.514943281937994,HerbaceousVegetation,0.9995136,0.000102926955,8,34.0,3.2529366861756364,False
28,21,480400.0,9722020.0,32.823691343563624,-2.5149440765240496,HerbaceousVegetation,0.7755619,0.1780689,60,258.0,3.8681971434662152,False
28,22,481040.0,9722020.0,32.829448343476614,-2.514944845581633,HerbaceousVegetation,0.9689002,0.016684638,55,236.0,4.490378736495736,False
28,23,481680.0,9722020.0,32.83520534512637,-2.514945589110704,HerbaceousVegetation,0.95483845,0.002233764,10,43.0,5.116957421517781,True
28,24,482320.0,9722020.0,32.840962348454255,-2.514946307111227,SeaLake,0.9998356,1.1394531e-05,0,0.0,5.619627531072754,False
28,25,482960.0,9722020.0,32.84671935340165,-2.5149469995831644,SeaLake,0.9996876,6.8056124e-06,0,0.0,4.9923137458414555,False
28,26,483600.0,9722020.0,32.85247635990995,-2.5149476665264805,SeaLake,0.9998883,2.0792152e-06,0,0.0,4.368681664512103,False
28,27,484240.0,9722020.0,32.85823336792051,-2.514948307941143,SeaLake,0.9998331,2.7247206e-06,0,0.0,3.75056828157693,False
28,28,484880.0,9722020.0,32.863990377374705,-2.51494892382712,SeaLake,0.9989212,1.4414605e-06,1,4.0,3.141233099229921,False
28,29,485520.0,9722020.0,32.86974738821392,-2.514949514184377,Forest,0.53706634,0.0016457055,5,22.0,2.546984164187972,False
28,30,486160.0,9722020.0,32.87550440037953,-2.5149500790128894,SeaLake,0.99956006,4.2093357e-06,0,0.0,1.981441717929394,False
28,31,486800.0,9722020.0,32.881261413812915,-2.5149506183126245,SeaLake,0.9996776,6.0597404e-06,0,0.0,1.4779358005264216,False
28,32,487440.0,9722020.0,32.88701842845543,-2.5149511320835565,SeaLake,0.99996746,8.1552315e-07,0,0.0,1.1232440426747707,False
28,33,488080.0,9722020.0,32.89277544424847,-2.514951620325659,SeaLake,0.99904794,1.9920453e-05,0,0.0,0.795222015891055,False
28,34,488720.0,9722020.0,32.89853246113339,-2.5149520830389083,Residential,0.9646171,0.9646171,327,1406.0,0.18446649605247997,False
28,35,489360.0,9722020.0,32.90428947905159,-2.5149525202232805,Residential,0.99270874,0.99270874,486,2090.0,0.03576291966816271,False
28,36,490000.0,9722020.0,32.910046497944435,-2.5149529318787534,Residential,0.99446714,0.99446714,1357,5835.0,0.36924817898114776,False
28,37,490640.0,9722020.0,32.9158035177533,-2.514953318005306,HerbaceousVegetation,0.73556995,0.2628665,725,3118.0,0.6597986610559058,False
28,38,491280.0,9722020.0,32.92156053841955,-2.51495367860292,HerbaceousVegetation,0.98197156,0.00039629042,82,353.0,0.19211858578103938,False
28,39,491920.0,9722020.0,32.92731755988458,-2.514954013671576,HerbaceousVegetation,0.93876535,0.00067370717,12,52.0,0.6765240785617663,False
28,40,492560.0,9722020.0,32.933074582089745,-2.514954323211257,Residential,0.99648166,0.99648166,585,2516.0,1.3029428639603458,False
28,41,493200.0,9722020.0,32.93883160497642,-2.514954607221948,Residential,0.99883467,0.99883467,731,3143.0,1.0623083682443946,False
28,42,493840.0,9722020.0,32.94458862848601,-2.514954865703633,Residential,0.9566521,0.9566521,724,3113.0,0.4405125894177992,False
28,43,494480.0,9722020.0,32.950345652559854,-2.514955098656302,Residential,0.98072964,0.98072964,410,1763.0,0.280719813388868,False
28,44,495120.0,9722020.0,32.95610267713934,-2.514955306079941,Residential,0.97204065,0.97204065,412,1772.0,0.8847349240436861,False
28,45,495760.0,9722020.0,32.961859702165846,-2.5149554879745395,Residential,0.9994732,0.9994732,400,1720.0,1.1848416716504109,False
28,46,496400.0,9722020.0,32.96761672758075,-2.51495564434009,Residential,0.99753714,0.99753714,466,2004.0,0.5638985902350407,False
28,47,497040.0,9722020.0,32.97337375332541,-2.514955775176583,Residential,0.99501354,0.99501354,784,3371.0,0.2265247299055719,False
28,48,497680.0,9722020.0,32.979130779341226,-2.5149558804840124,Residential,0.9999045,0.9999045,697,2997.0,0.7770748268014595,False
28,49,498320.0,9722020.0,32.98488780556955,-2.5149559602623723,HerbaceousVegetation,0.97901624,0.011335049,357,1535.0,1.4055522472104138,False
28,50,498960.0,9722020.0,32.99064483195177,-2.514956014511661,HerbaceousVegetation,0.9985648,6.121344e-06,35,150.0,2.0412028201107235,False
28,51,499600.0,9722020.0,32.99640185842925,-2.5149560432318725,Residential,0.9599303,0.9599303,335,1440.0,2.678925304299785,False
28,52,500240.0,9722020.0,33.00215888494338,-2.514956046423007,Residential,0.63304305,0.63304305,269,1157.0,3.317525074390158,False
28,53,500880.0,9722020.0,33.00791591143552,-2.5149560240850644,Residential,0.97713953,0.97713953,271,1165.0,2.8020016932762526,False
28,54,501520.0,9722020.0,33.01367293784705,-2.5149559762180456,Residential,0.9618954,0.9618954,276,1187.0,2.205403354557515,False
28,55,502160.0,9722020.0,33.01942996411934,-2.514955902821953,Residential,0.9910607,0.9910607,91,391.0,1.6418265509681864,False
28,56,502800.0,9722020.0,33.02518699019378,-2.51495580389679,HerbaceousVegetation,0.98724276,0.0037187755,14,60.0,1.1604244441731837,False
28,57,503440.0,9722020.0,33.03094401601172,-2.5149556794425627,Residential,0.62116444,0.62116444,73,314.0,0.9037562491098989,False
28,58,504080.0,9722020.0,33.03670104151457,-2.5149555294592765,HerbaceousVegetation,0.6632497,0.25306883,4,17.0,1.051744182287568,False
28,59,504720.0,9722020.0,33.04245806664367,-2.514955353946939,HerbaceousVegetation,0.79312056,0.018850556,47,202.0,1.488205729106798,False
28,60,505360.0,9722020.0,33.0482150913404,-2.5149551529055585,HerbaceousVegetation,0.987088,4.2591433e-05,15,64.0,2.0353247306798115,False
28,61,506000.0,9722020.0,33.05397211554616,-2.5149549263351463,HerbaceousVegetation,0.99607617,2.0664393e-05,0,0.0,2.6247927968674785,False
28,62,506640.0,9722020.0,33.059729139202304,-2.514954674235714,HerbaceousVegetation,0.99732745,5.792005e-05,9,39.0,3.2335317678442483,False
28,63,507280.0,9722020.0,33.06548616225021,-2.5149543966072727,HerbaceousVegetation,0.7433201,0.0005624088,8,34.0,3.8524171841622374,False
28,64,507920.0,9722020.0,33.07124318463125,-2.5149540934498376,HerbaceousVegetation,0.9891521,0.0003985239,3,13.0,4.078845824668982,False
28,65,508560.0,9722020.0,33.077000206286804,-2.5149537647634244,HerbaceousVegetation,0.50445384,0.47184023,33,142.0,3.4448625750044592,False
28,66,509200.0,9722020.0,33.08275722715825,-2.514953410548049,PermanentCrop,0.55033284,0.05615536,33,142.0,2.813604993582632,False
28,67,509840.0,9722020.0,33.08851424718695,-2.5149530308037287,HerbaceousVegetation,0.9167359,0.0025754431,12,52.0,2.1874341039583087,False
28,68,510480.0,9722020.0,33.094271266314294,-2.514952625530484,HerbaceousVegetation,0.76991034,0.0010836461,17,73.0,1.572438507035062,False
28,69,511120.0,9722020.0,33.10002828448165,-2.5149521947283344,HerbaceousVegetation,0.9821119,0.0014106116,46,198.0,0.9896755820234338,False
28,70,511760.0,9722020.0,33.10578530163039,-2.514951738397303,HerbaceousVegetation,0.9679902,0.007949898,70,301.0,0.5527681764539176,False
28,71,512400.0,9722020.0,33.1115423177019,-2.514951256537411,HerbaceousVegetation,0.9860745,0.004175714,29,125.0,0.6714518271231054,False
28,72,513040.0,9722020.0,33.11729933263754,-2.514950749148684,HerbaceousVegetation,0.9572153,0.00013487831,9,39.0,1.1896816613673273,False
28,73,513680.0,9722020.0,33.1230563463787,-2.5149502162311466,HerbaceousVegetation,0.890157,0.0006131726,17,73.0,1.7885852942033518,False
28,74,514320.0,9722020.0,33.12881335886675,-2.5149496577848267,HerbaceousVegetation,0.9968406,5.3360283e-05,1,4.0,2.408720044730657,False
28,75,514960.0,9722020.0,33.13457037004306,-2.514949073809752,HerbaceousVegetation,0.92453843,7.9331636e-05,4,17.0,3.0371083538678736,False
28,76,515600.0,9722020.0,33.14032737984901,-2.5149484643059523,HerbaceousVegetation,0.5484653,0.0022339395,34,146.0,3.669512508819229,False
28,77,516240.0,9722020.0,33.14608438822597,-2.5149478292734586,PermanentCrop,0.50603443,0.00022251249,30,129.0,4.15819343930024,False
28,78,516880.0,9722020.0,33.151841395115326,-2.5149471687123026,HerbaceousVegetation,0.68622226,0.043411948,24,103.0,3.670491760434474,False
28,79,517520.0,9722020.0,33.157598400458454,-2.514946482622517,HerbaceousVegetation,0.96774143,0.004462345,13,56.0,3.2363014149172145,False
28,80,518160.0,9722020.0,33.163355404196714,-2.514945771004138,HerbaceousVegetation,0.8536529,0.07603968,15,64.0,2.8799277652352613,False
28,81,518800.0,9722020.0,33.169112406271495,-2.5149450338572006,HerbaceousVegetation,0.9989386,1.516928e-06,0,0.0,2.633157993313498,False
28,82,519440.0,9722020.0,33.174869406624175,-2.514944271181742,HerbaceousVegetation,0.95273125,0.011918344,0,0.0,2.528291538278086,False
28,83,520080.0,9722020.0,33.18062640519612,-2.5149434829778,HerbaceousVegetation,0.82625854,0.007093244,7,30.0,2.582672102165967,False
28,84,520720.0,9722020.0,33.186383401928715,-2.5149426692454155,Pasture,0.39856765,0.0016036385,8,34.0,2.7869934108433365,False
28,85,521360.0,9722020.0,33.19214039676333,-2.5149418299846293,River,0.92612207,2.739463e-05,47,202.0,3.1118594693305126,False
29,0,466960.0,9721380.0,32.70279353852631,-2.520712119444771,HerbaceousVegetation,0.99467397,0.00061806367,9,39.0,3.379082843553121,False
29,1,467600.0,9721380.0,32.70855051383591,-2.520713427598689,Residential,0.67611694,0.67611694,37,159.0,2.753708011772432,False
29,2,468240.0,9721380.0,32.71430749211342,-2.520714710166338,HerbaceousVegetation,0.5419837,0.29185295,87,374.0,2.1370107076484923,False
29,3,468880.0,9721380.0,32.720064473300205,-2.5207159671476527,Highway,0.5594128,0.02180005,44,189.0,1.539455005873488,False
29,4,469520.0,9721380.0,32.72582145733765,-2.5207171985425694,HerbaceousVegetation,0.99032557,0.0008603876,23,99.0,0.9961067541250643,False
29,5,470160.0,9721380.0,32.73157844416714,-2.5207184043510256,HerbaceousVegetation,0.99907947,3.2920136e-05,3,13.0,0.6585860734317133,False
29,6,470800.0,9721380.0,32.73733543373005,-2.5207195845729613,HerbaceousVegetation,0.9320961,0.0018791922,1,4.0,0.8333322066396047,False
29,7,471440.0,9721380.0,32.743092425967745,-2.520720739208316,SeaLake,0.8603173,0.0018311341,0,0.0,1.3320471152055635,False
29,8,472080.0,9721380.0,32.74884942082161,-2.520721868257032,SeaLake,0.9995072,7.056579e-06,1,4.0,1.9166263244649684,False
29,9,472720.0,9721380.0,32.75460641823302,-2.520722971719052,SeaLake,0.9992877,1.0530033e-05,0,0.0,2.5281937066088753,False
29,10,473360.0,9721380.0,32.76036341814335,-2.520724049594321,SeaLake,0.999913,1.5919409e-06,0,0.0,3.1510744784345155,False
29,11,474000.0,9721380.0,32.76612042049397,-2.520725101882784,Residential,0.55786216,0.55786216,9,39.0,2.678282823344613,False
29,12,474640.0,9721380.0,32.77187742522627,-2.520726128584387,HerbaceousVegetation,0.9177583,0.011401122,9,39.0,2.0449329911455894,False
29,13,475280.0,9721380.0,32.777634432281616,-2.5207271296990794,HerbaceousVegetation,0.9841284,0.0006262332,1,4.0,1.4175693967945633,False
29,14,475920.0,9721380.0,32.78339144160138,-2.520728105226809,HerbaceousVegetation,0.9447113,0.004759846,5,22.0,0.8102191377530881,False
29,15,476560.0,9721380.0,32.78914845312695,-2.5207290551675303,HerbaceousVegetation,0.99388343,0.00022174706,87,374.0,0.35015297747443597,False
29,16,477200.0,9721380.0,32.7949054667997,-2.5207299795211906,HerbaceousVegetation,0.5277906,0.3352253,7,30.0,0.6387168105561871,False
29,17,477840.0,9721380.0,32.80066248256099,-2.520730878287746,HerbaceousVegetation,0.9648944,0.011321325,16,69.0,1.2298419494146082,False
29,18,478480.0,9721380.0,32.806419500352206,-2.520731751467151,HerbaceousVegetation,0.993797,0.0028277328,3,13.0,1.8537160723780703,False
29,19,479120.0,9721380.0,32.812176520114726,-2.52073259905936,HerbaceousVegetation,0.9991354,8.1933185e-06,3,13.0,2.4858027543322168,False
29,20,479760.0,9721380.0,32.81793354178992,-2.520733421064332,HerbaceousVegetation,0.94579726,0.00035730418,13,56.0,3.12111636916961,False
29,21,480400.0,9721380.0,32.82369056531917,-2.5207342174820235,HerbaceousVegetation,0.85925376,0.0018539234,13,56.0,3.7580206820015434,False
29,22,481040.0,9721380.0,32.82944759064384,-2.5207349883123964,HerbaceousVegetation,0.97703165,0.0089987125,9,39.0,4.395824325744171,False
29,23,481680.0,9721380.0,32.835204617705315,-2.5207357335554104,SeaLake,0.8206834,0.018916687,20,86.0,5.034185491145222,True
29,24,482320.0,9721380.0,32.84096164644495,-2.520736453211029,SeaLake,0.9989493,1.5512709e-05,0,0.0,5.67291597114834,False
29,25,482960.0,9721380.0,32.84671867680415,-2.5207371472792137,SeaLake,0.998904,8.9607454e-07,0,0.0,5.164872397346763,False
29,26,483600.0,9721380.0,32.85247570872427,-2.520737815759931,SeaLake,0.9999323,1.6496143e-06,0,0.0,4.564875664221446,False
29,27,484240.0,9721380.0,32.85823274214669,-2.5207384586531485,SeaLake,0.99992526,1.3135509e-06,0,0.0,3.9437703340761074,False
29,28,484880.0,9721380.0,32.86398977701278,-2.5207390759588306,SeaLake,0.99990594,1.8186806e-06,0,0.0,3.3112114280797056,False
29,29,485520.0,9721380.0,32.86974681326392,-2.5207396676769487,SeaLake,0.9996623,5.5076436e-07,1,4.0,2.682185264845162,False
29,30,486160.0,9721380.0,32.87550385084148,-2.520740233807471,SeaLake,0.9281829,0.00297402,1,4.0,2.059930695062186,False
29,31,486800.0,9721380.0,32.88126088968683,-2.520740774350371,SeaLake,0.9995596,8.432686e-06,0,0.0,1.452900875166319,False
29,32,487440.0,9721380.0,32.887017929741354,-2.52074128930562,SeaLake,0.9463505,0.034716565,66,284.0,0.8555845100843101,False
29,33,488080.0,9721380.0,32.89277497094642,-2.5207417786731914,Residential,0.9141534,0.9141534,215,924.0,0.415124986881496,False
29,34,488720.0,9721380.0,32.898532013243404,-2.520742242453062,Residential,0.9991597,0.9991597,537,2309.0,0.035880122981489806,False
29,35,489360.0,9721380.0,32.90428905657368,-2.520742680645208,Residential,0.74616414,0.74616414,768,3302.0,0.32130569437851036,False
29,36,490000.0,9721380.0,32.91004610087862,-2.520743093249606,Residential,0.44481936,0.44481936,1183,5087.0,0.11151576446499985,False
29,37,490640.0,9721380.0,32.9158031460996,-2.520743480266237,HerbaceousVegetation,0.7622072,0.18788072,968,4162.0,0.48398504365804923,False
29,38,491280.0,9721380.0,32.921560192177985,-2.52074384169508,HerbaceousVegetation,0.97290516,0.01073394,368,1582.0,0.4481649456650244,False
29,39,491920.0,9721380.0,32.927317239055164,-2.520744177536117,HerbaceousVegetation,0.96437454,0.01077389,209,899.0,0.7884333176586812,False
29,40,492560.0,9721380.0,32.9330742866725,-2.520744487789333,Residential,0.99819034,0.99819034,911,3917.0,1.3644055021384278,False
29,41,493200.0,9721380.0,32.93883133497137,-2.520744772454709,Residential,0.94629264,0.94629264,624,2683.0,1.154131710730835,False
29,42,493840.0,9721380.0,32.94458838389315,-2.520745031532233,Residential,0.4679418,0.4679418,834,3586.0,0.6305333281500594,False
29,43,494480.0,9721380.0,32.950345433379205,-2.520745265021892,Residential,0.9979335,0.9979335,733,3152.0,0.5313422156214362,False
29,44,495120.0,9721380.0,32.95610248337091,-2.520745472923672,HerbaceousVegetation,0.7132058,0.19855902,406,1746.0,0.9931147075212425,False
29,45,495760.0,9721380.0,32.96185953380966,-2.5207456552375644,PermanentCrop,0.4501911,0.3061346,387,1664.0,1.2494699789718322,False
29,46,496400.0,9721380.0,32.9676165846368,-2.52074581196356,Residential,0.9990096,0.9990096,582,2503.0,0.6894251674704055,False
29,47,497040.0,9721380.0,32.97337363579371,-2.52074594310165,Residential,0.99998796,0.99998796,676,2907.0,0.4567700676832083,False
29,48,497680.0,9721380.0,32.979130687221776,-2.520746048651828,Residential,0.65476286,0.65476286,227,976.0,0.8724509888360771,False
29,49,498320.0,9721380.0,32.98488773886236,-2.520746128614089,HerbaceousVegetation,0.96876925,0.005208703,35,150.0,1.4604460144458524,False
29,50,498960.0,9721380.0,32.99064479065684,-2.520746182988429,HerbaceousVegetation,0.97649163,0.0024939615,9,39.0,2.0793831764012376,False
29,51,499600.0,9721380.0,32.99640184254659,-2.5207462117748447,Residential,0.8311094,0.8311094,85,366.0,2.708129654852261,False
29,52,500240.0,9721380.0,33.00215889447298,-2.5207462149733364,HerbaceousVegetation,0.9417632,0.037623834,107,460.0,3.304069877232648,False
29,53,500880.0,9721380.0,33.00791594637738,-2.5207461925839016,Residential,0.8600414,0.8600414,57,245.0,2.666508620051081,False
29,54,501520.0,9721380.0,33.01367299820117,-2.5207461446065422,Residential,0.7086196,0.7086196,71,305.0,2.030482378149899,False
29,55,502160.0,9721380.0,33.01943004988573,-2.520746071041261,Residential,0.9941976,0.9941976,159,684.0,1.3980876779185996,False
29,56,502800.0,9721380.0,33.02518710137242,-2.5207459718880614,Residential,0.7759697,0.7759697,92,396.0,0.7782285154878184,False
29,57,503440.0,9721380.0,33.030944152602615,-2.520745847146949,Residential,0.99795306,0.99795306,164,705.0,0.27537263750947527,False
29,58,504080.0,9721380.0,33.036701203517694,-2.5207456968179285,Residential,0.9668898,0.9668898,67,288.0,0.6043348051034925,False
29,59,504720.0,9721380.0,33.042458254059035,-2.52074552090101,HerbaceousVegetation,0.9770165,0.008604521,44,189.0,1.2140061877231219,False
29,60,505360.0,9721380.0,33.048215304168,-2.5207453193962004,HerbaceousVegetation,0.82953864,0.07686196,19,82.0,1.8443431055529171,False
29,61,506000.0,9721380.0,33.053972353785966,-2.520745092303511,HerbaceousVegetation,0.6924814,0.12991811,61,262.0,2.4796354486438386,False
29,62,506640.0,9721380.0,33.05972940285431,-2.520744839622952,HerbaceousVegetation,0.9912834,0.00056714175,51,219.0,3.1168545723760808,False
29,63,507280.0,9721380.0,33.065486451314406,-2.520744561354537,HerbaceousVegetation,0.5694162,0.0008905333,34,146.0,3.755019692693,False
29,64,507920.0,9721380.0,33.071243499107624,-2.520744257498281,HerbaceousVegetation,0.9752667,0.00018047061,6,26.0,3.967999034318948,False
29,65,508560.0,9721380.0,33.077000546175334,-2.520743928054197,HerbaceousVegetation,0.697902,0.25562593,40,172.0,3.596248249260557,False
29,66,509200.0,9721380.0,33.08275759245892,-2.520743573022304,HerbaceousVegetation,0.8552457,0.003994639,15,64.0,2.9970479424854704,False
29,67,509840.0,9721380.0,33.08851463789974,-2.520743192402618,HerbaceousVegetation,0.9987081,0.00030121117,13,56.0,2.41884089365199,False
29,68,510480.0,9721380.0,33.09427168243919,-2.5207427861951595,HerbaceousVegetation,0.8398869,0.00011377547,0,0.0,1.8810864329025192,False
29,69,511120.0,9721380.0,33.10002872601863,-2.520742354399948,HerbaceousVegetation,0.5348383,0.0015081204,0,0.0,1.4301681954569858,False
29,70,511760.0,9721380.0,33.10578576857943,-2.520741897017007,Pasture,0.5250415,0.013471369,41,176.0,1.1711003230054453,False
29,71,512400.0,9721380.0,33.11154281006297,-2.5207414140463587,HerbaceousVegetation,0.8425913,0.00023335395,3,13.0,1.2315725174711496,False
29,72,513040.0,9721380.0,33.117299850410625,-2.5207409054880263,HerbaceousVegetation,0.96725816,0.006911779,0,0.0,1.5752034043376726,False
29,73,513680.0,9721380.0,33.12305688956377,-2.520740371342037,HerbaceousVegetation,0.98528534,0.00021558692,0,0.0,2.065178119263266,False
29,74,514320.0,9721380.0,33.128813927463774,-2.5207398116084176,HerbaceousVegetation,0.7521617,0.047460895,35,150.0,2.620659375716449,False
29,75,514960.0,9721380.0,33.13457096405201,-2.520739226287196,HerbaceousVegetation,0.97727895,0.002609163,41,176.0,3.207795265096776,False
29,76,515600.0,9721380.0,33.14032799926986,-2.5207386153784017,HerbaceousVegetation,0.36986437,0.11354075,44,189.0,3.8119870621532885,False
29,77,516240.0,9721380.0,33.1460850330587,-2.5207379788820647,HerbaceousVegetation,0.9502774,0.0021027764,39,168.0,3.803503506311533,False
29,78,516880.0,9721380.0,33.15184206535988,-2.520737316798219,HerbaceousVegetation,0.5531173,0.019363355,15,64.0,3.26321559313845,False
29,79,517520.0,9721380.0,33.15759909611481,-2.5207366291268984,HerbaceousVegetation,0.9480071,0.008514012,23,99.0,2.765811470812811,False
29,80,518160.0,9721380.0,33.16335612526483,-2.520735915868135,HerbaceousVegetation,0.9655247,0.011219252,20,86.0,2.33881383971823,False
29,81,518800.0,9721380.0,33.16911315275134,-2.520735177021966,HerbaceousVegetation,0.99823904,6.973917e-05,0,0.0,2.0272116963048856,False
29,82,519440.0,9721380.0,33.17487017851571,-2.5207344125884297,HerbaceousVegetation,0.9917937,0.00077868934,1,4.0,1.8890008857629303,False
29,83,520080.0,9721380.0,33.18062720249931,-2.520733622567564,HerbaceousVegetation,0.9993732,7.993943e-06,0,0.0,1.9611887801002068,False
29,84,520720.0,9721380.0,33.18638422464352,-2.520732806959408,HerbaceousVegetation,0.8134866,0.0016218972,6,26.0,2.223375477954351,False
29,85,521360.0,9721380.0,33.1921412448897,-2.520731965764004,HerbaceousVegetation,0.9850455,0.0022381619,0,0.0,2.619109696203376,False
30,0,466960.0,9720740.0,32.70279222362108,-2.5265022090637026,HerbaceousVegetation,0.9938454,0.00028525636,4,17.0,3.3163329117641243,False
30,1,467600.0,9720740.0,32.70854922439989,-2.526503520226196,HerbaceousVegetation,0.5402584,0.0006353287,10,43.0,2.676335354949851,False
30,2,468240.0,9720740.0,32.71430622814667,-2.5265048057435746,HerbaceousVegetation,0.9082007,0.0013764467,1,4.0,2.0363393338682965,False
30,3,468880.0,9720740.0,32.720063234802794,-2.5265060656157736,HerbaceousVegetation,0.7418973,0.0002728543,0,0.0,1.3963469601656342,False
30,4,469520.0,9720740.0,32.725820244309645,-2.5265072998427303,HerbaceousVegetation,0.9152035,0.0045477236,12,52.0,0.7563674924720377,False
30,5,470160.0,9720740.0,32.731577256608595,-2.526508508424381,HerbaceousVegetation,0.94122124,0.0014304438,40,172.0,0.11661361058242271,False
30,6,470800.0,9720740.0,32.73733427164102,-2.526509691360665,HerbaceousVegetation,0.4937636,0.085459,181,778.0,0.5237420020178826,False
30,7,471440.0,9720740.0,32.7430912893483,-2.526510848651524,HerbaceousVegetation,0.9863464,0.0069833156,60,258.0,1.163706421389145,False
30,8,472080.0,9720740.0,32.7488483096718,-2.5265119802968967,SeaLake,0.99983776,8.459095e-06,1,4.0,1.8036960901678978,False
30,9,472720.0,9720740.0,32.7546053325529,-2.5265130862967293,SeaLake,0.9996625,1.692238e-05,0,0.0,2.4436911703796764,False
30,10,473360.0,9720740.0,32.760362357932976,-2.5265141666509634,SeaLake,0.9446481,0.029037163,2,9.0,3.0836882927261344,False
30,11,474000.0,9720740.0,32.766119385753406,-2.526515221359545,HerbaceousVegetation,0.9970176,0.0002927917,21,90.0,2.6743539757208565,False
30,12,474640.0,9720740.0,32.77187641595555,-2.526516250422422,HerbaceousVegetation,0.98592675,0.0076779984,50,215.0,2.0397846072335204,False
30,13,475280.0,9720740.0,32.777633448480806,-2.526517253839541,HerbaceousVegetation,0.9355953,0.015776739,18,77.0,1.4101323698006731,False
30,14,475920.0,9720740.0,32.78339048327053,-2.526518231610852,HerbaceousVegetation,0.9907636,0.0018134642,30,129.0,0.7971357204469751,False
30,15,476560.0,9720740.0,32.789147520266106,-2.526519183736305,Residential,0.49564856,0.49564856,350,1505.0,0.31871211659642557,False
30,16,477200.0,9720740.0,32.79490455940889,-2.526520110215853,HerbaceousVegetation,0.888187,0.0037558274,100,430.0,0.6220365501465561,False
30,17,477840.0,9720740.0,32.80066160064028,-2.5265210110494487,HerbaceousVegetation,0.8233249,0.059899937,65,280.0,1.2212622675621665,False
30,18,478480.0,9720740.0,32.806418643901644,-2.5265218862370458,HerbaceousVegetation,0.43041664,0.1023633,1,4.0,1.8480350599011752,False
30,19,479120.0,9720740.0,32.81217568913435,-2.526522735778602,Highway,0.9649839,0.0023033388,91,391.0,2.4815691888554703,False
30,20,479760.0,9720740.0,32.81793273627977,-2.526523559674072,Highway,0.991404,1.2055986e-05,109,469.0,3.1177456110994126,False
30,21,480400.0,9720740.0,32.82368978527929,-2.5265243579234165,HerbaceousVegetation,0.63571656,0.014691779,23,99.0,3.755221664826526,False
30,22,481040.0,9720740.0,32.82944683607426,-2.526525130526593,HerbaceousVegetation,0.9423205,0.009491915,65,280.0,4.3934316665262205,False
30,23,481680.0,9720740.0,32.83520388860608,-2.526525877483564,HerbaceousVegetation,0.47254145,0.13505253,21,90.0,5.032096368799809,True
30,24,482320.0,9720740.0,32.84096094281611,-2.526526598794291,SeaLake,0.99889743,1.5776764e-05,0,0.0,5.671062151073737,False
30,25,482960.0,9720740.0,32.84671799864572,-2.526527294458739,SeaLake,0.99986863,1.5037269e-06,0,0.0,5.186106569756725,False
30,26,483600.0,9720740.0,32.85247505603629,-2.526527964476871,SeaLake,0.9998367,4.439268e-06,0,0.0,4.5462179915156655,False
30,27,484240.0,9720740.0,32.858232114929194,-2.5265286088486536,SeaLake,0.9999032,1.6540149e-06,0,0.0,3.906365919865624,False
30,28,484880.0,9720740.0,32.8639891752658,-2.5265292275740547,SeaLake,0.99994874,8.7524273e-07,0,0.0,3.2665718074756103,False
30,29,485520.0,9720740.0,32.86974623698748,-2.526529820653044,SeaLake,0.9993963,2.2854067e-05,0,0.0,2.6268780038101016,False
30,30,486160.0,9720740.0,32.875503300035625,-2.526530388085589,SeaLake,0.999954,3.3007322e-07,0,0.0,1.987381372663087,False
30,31,486800.0,9720740.0,32.88126036435158,-2.5265309298716634,SeaLake,0.99993265,1.8439447e-06,0,0.0,1.3483624860975207,False
30,32,487440.0,9720740.0,32.88701742987673,-2.526531446011238,Residential,0.7993198,0.7993198,205,882.0,0.7111104467113091,False
30,33,488080.0,9720740.0,32.892774496552455,-2.526531936504289,Residential,0.99981785,0.99981785,476,2047.0,0.11169037975057891,False
30,34,488720.0,9720740.0,32.89853156432012,-2.52653240135079,SeaLake,0.3813971,0.16755529,183,787.0,0.5347005354830449,False
30,35,489360.0,9720740.0,32.90428863312109,-2.526532840550717,Residential,0.9929062,0.9929062,931,4003.0,0.37756087649597386,False
30,36,490000.0,9720740.0,32.91004570289676,-2.52653325410405,Residential,0.99851614,0.99851614,941,4046.0,0.31000891913503986,False
30,37,490640.0,9720740.0,32.91580277358848,-2.526533642010765,Residential,0.98187697,0.98187697,1061,4562.0,0.02794880110163882,False
30,38,491280.0,9720740.0,32.92155984513764,-2.526534004270845,HerbaceousVegetation,0.95370185,0.0062203254,1185,5096.0,0.24609944327311947,False
30,39,491920.0,9720740.0,32.92731691748559,-2.526534340884272,HerbaceousVegetation,0.6976503,0.28243685,1240,5332.0,0.5858075552064824,False
30,40,492560.0,9720740.0,32.933073990573725,-2.5265346518510268,Residential,0.69912434,0.69912434,814,3500.0,0.9856764914918542,False
30,41,493200.0,9720740.0,32.938831064343404,-2.526534937171095,Residential,0.8327311,0.8327311,892,3836.0,0.6288565573836461,False
30,42,493840.0,9720740.0,32.94458813873601,-2.526535196844461,HerbaceousVegetation,0.6765085,0.2987232,907,3900.0,0.6965390660765863,False
30,43,494480.0,9720740.0,32.950345213692906,-2.526535430871113,HerbaceousVegetation,0.8266223,0.12605843,1040,4472.0,0.5851129996040365,False
30,44,495120.0,9720740.0,32.95610228915547,-2.52653563925104,Residential,0.9446644,0.9446644,733,3152.0,0.9108523380233189,False
30,45,495760.0,9720740.0,32.96185936506507,-2.526535821984229,Residential,0.9996783,0.9996783,645,2774.0,1.075800293220252,False
30,46,496400.0,9720740.0,32.96761644136307,-2.5265359790706734,Residential,0.99920905,0.99920905,525,2258.0,1.2049201230845665,False
30,47,497040.0,9720740.0,32.973373517990865,-2.526536110510363,Residential,0.84375584,0.84375584,427,1836.0,1.0886525323554126,False
30,48,497680.0,9720740.0,32.97913059488981,-2.5265362163032923,Residential,0.9901985,0.9901985,266,1144.0,1.3182170418385506,False
30,49,498320.0,9720740.0,32.98488767200128,-2.526536296449456,HerbaceousVegetation,0.9869359,0.0073934686,90,387.0,1.763357026408238,False
30,50,498960.0,9720740.0,32.99064474926664,-2.526536350948849,HerbaceousVegetation,0.9691302,0.024718663,52,224.0,2.3022510366536983,False
30,51,499600.0,9720740.0,32.996401826627284,-2.5265363798014704,Residential,0.5909656,0.5909656,100,430.0,2.8827923388552903,False
30,52,500240.0,9720740.0,33.00215890402456,-2.526536383007317,Residential,0.955469,0.955469,227,976.0,3.3158909037119875,False
30,53,500880.0,9720740.0,33.007915981399854,-2.5265363605663897,Residential,0.983042,0.983042,299,1286.0,2.6811420985263816,False
30,54,501520.0,9720740.0,33.013673058694536,-2.5265363124786893,Residential,0.5994309,0.5994309,240,1032.0,2.049661781773032,False
30,55,502160.0,9720740.0,33.01943013584998,-2.526536238744218,Residential,0.99948835,0.99948835,84,361.0,1.4257993851981958,False
30,56,502800.0,9720740.0,33.02518721280755,-2.5265361393629795,HerbaceousVegetation,0.92292243,0.0010734764,179,770.0,0.8269790529403417,False
30,57,503440.0,9720740.0,33.030944289508625,-2.5265360143349787,Residential,0.9780433,0.9780433,96,413.0,0.39253639471093116,False
30,58,504080.0,9720740.0,33.03670136589457,-2.526535863660223,HerbaceousVegetation,0.8167836,0.00086163176,11,47.0,0.6659394029063059,False
30,59,504720.0,9720740.0,33.04245844190677,-2.52653568733872,HerbaceousVegetation,0.9835744,0.00023699268,24,103.0,1.2458193109411007,False
30,60,505360.0,9720740.0,33.04821551748658,-2.526535485370476,Residential,0.5721343,0.5721343,52,224.0,1.8654372738541252,False
30,61,506000.0,9720740.0,33.05397259257539,-2.5265352577555045,Residential,0.9573937,0.9573937,77,331.0,2.495365041402733,False
30,62,506640.0,9720740.0,33.05972966711457,-2.526535004493815,PermanentCrop,0.8320358,0.028734451,156,671.0,3.1293828715939207,False
30,63,507280.0,9720740.0,33.06548674104548,-2.526534725585421,HerbaceousVegetation,0.93893987,0.00031579373,28,120.0,3.278588572236461,False
30,64,507920.0,9720740.0,33.07124381430949,-2.526534421030336,HerbaceousVegetation,0.92578804,0.06727519,22,95.0,3.337494572065124,False
30,65,508560.0,9720740.0,33.07700088684799,-2.5265340908285765,HerbaceousVegetation,0.991514,4.8421527e-05,34,146.0,3.513943228216531,False
30,66,509200.0,9720740.0,33.08275795860234,-2.526533734980158,HerbaceousVegetation,0.9985469,2.3199435e-05,2,9.0,3.296576963943002,False
30,67,509840.0,9720740.0,33.088515029513914,-2.526533353485099,HerbaceousVegetation,0.9328958,0.052753955,61,262.0,2.7813512145082337,False
30,68,510480.0,9720740.0,33.09427209952409,-2.526532946343419,HerbaceousVegetation,0.45854056,0.4403485,45,194.0,2.328864418057263,False
30,69,511120.0,9720740.0,33.10002916857424,-2.5265325135551384,Pasture,0.59480584,0.013712765,0,0.0,1.9825499683337011,False
30,70,511760.0,9720740.0,33.105786236605724,-2.5265320551202786,HerbaceousVegetation,0.9776037,0.00018802728,0,0.0,1.8046050194396352,False
30,71,512400.0,9720740.0,33.11154330355993,-2.526531571038864,HerbaceousVegetation,0.96258736,0.0036764944,16,69.0,1.844422450371252,False
30,72,513040.0,9720740.0,33.11730036937822,-2.526531061310917,HerbaceousVegetation,0.9842814,0.00010500287,0,0.0,2.089590647634187,False
30,73,513680.0,9720740.0,33.12305743400197,-2.5265305259364657,HerbaceousVegetation,0.8930315,0.0073772646,11,47.0,2.3042505108752436,False
30,74,514320.0,9720740.0,33.12881449737256,-2.526529964915535,HerbaceousVegetation,0.9391281,0.00052251684,0,0.0,2.552529349564501,False
30,75,514960.0,9720740.0,33.13457155943135,-2.5265293782481546,HerbaceousVegetation,0.8901072,0.042810798,18,77.0,2.9224034190897608,False
30,76,515600.0,9720740.0,33.140328620119725,-2.526528765934354,HerbaceousVegetation,0.88322437,0.010379149,88,378.0,3.3741187601249125,False
30,77,516240.0,9720740.0,33.14608567937905,-2.526528127974163,HerbaceousVegetation,0.60994154,0.3093388,50,215.0,3.5301423719743497,False
30,78,516880.0,9720740.0,33.1518427371507,-2.526527464367616,HerbaceousVegetation,0.96562475,0.0013947628,15,64.0,2.940041198892711,False
30,79,517520.0,9720740.0,33.15759979337605,-2.526526775114744,HerbaceousVegetation,0.82769233,0.00081051094,9,39.0,2.3759165254621832,False
30,80,518160.0,9720740.0,33.163356847996475,-2.5265260602155832,HerbaceousVegetation,0.9748302,0.00014010565,4,17.0,1.8615360379917694,False
30,81,518800.0,9720740.0,33.169113900953334,-2.5265253196701694,HerbaceousVegetation,0.9180893,0.0008136481,4,17.0,1.4508113266444729,False
30,82,519440.0,9720740.0,33.17487095218802,-2.5265245534785405,PermanentCrop,0.8834491,0.0006805389,0,0.0,1.2504361600248524,False
30,83,520080.0,9720740.0,33.1806280016419,-2.5265237616407337,Residential,0.70726967,0.70726967,46,198.0,1.3570289882959392,False
30,84,520720.0,9720740.0,33.18638504925634,-2.526522944156792,HerbaceousVegetation,0.6426806,0.17113236,10,43.0,1.7142534117957304,False
30,85,521360.0,9720740.0,33.19214209497272,-2.526522101026753,HerbaceousVegetation,0.99046516,0.00034444273,0,0.0,2.2034068722392384,False
31,0,466960.0,9720100.0,32.702790905689255,-2.5322922981644385,HerbaceousVegetation,0.7453236,0.059490945,40,172.0,3.3759631366033576,False
31,1,467600.0,9720100.0,32.708547931995895,-2.532293612335532,HerbaceousVegetation,0.995808,2.4683919e-05,0,0.0,2.7498789155541763,False
31,2,468240.0,9720100.0,32.71430496127057,-2.532294900802666,HerbaceousVegetation,0.99522674,0.00012231682,0,0.0,2.1320743422109003,False
31,3,468880.0,9720100.0,32.72006199345466,-2.532296163565774,HerbaceousVegetation,0.9692256,0.0032415364,1,4.0,1.5325951687313495,False
31,4,469520.0,9720100.0,32.72581902848953,-2.5322974006247945,HerbaceousVegetation,0.9566522,0.019848492,0,0.0,0.9854719182824566,False
31,5,470160.0,9720100.0,32.73157606631656,-2.532298611979664,HerbaceousVegetation,0.9179707,0.010028924,39,168.0,0.6423876183644387,False
31,6,470800.0,9720100.0,32.73733310687714,-2.53229979763032,HerbaceousVegetation,0.9154513,0.022322215,97,417.0,0.8205905207425727,False
31,7,471440.0,9720100.0,32.74309015011262,-2.5323009575767035,HerbaceousVegetation,0.97412485,0.001975677,51,219.0,1.3241131950242009,False
31,8,472080.0,9720100.0,32.74884719596439,-2.5323020918187567,SeaLake,0.996044,5.0218867e-05,2,9.0,1.9111207977890428,False
31,9,472720.0,9720100.0,32.75460424437381,-2.532303200356421,SeaLake,0.9918385,0.00022005673,0,0.0,2.5240225146076765,False
31,10,473360.0,9720100.0,32.76036129528226,-2.5323042831896427,HerbaceousVegetation,0.8436871,0.06479084,3,13.0,3.1477288010168682,False
31,11,474000.0,9720100.0,32.76611834863111,-2.5323053403183646,HerbaceousVegetation,0.77934176,0.003778136,4,17.0,2.819634638226221,False
31,12,474640.0,9720100.0,32.771875404361744,-2.5323063717425343,HerbaceousVegetation,0.88832366,0.012635141,15,64.0,2.2268568767520667,False
31,13,475280.0,9720100.0,32.777632462415525,-2.532307377462099,HerbaceousVegetation,0.33453035,0.004496085,74,318.0,1.6693242962321082,False
31,14,475920.0,9720100.0,32.78338952273383,-2.5323083574770093,HerbaceousVegetation,0.8138371,0.051480927,31,133.0,1.197328552421464,False
31,15,476560.0,9720100.0,32.78914658525803,-2.532309311787216,HerbaceousVegetation,0.5622941,0.41705152,210,903.0,0.948550324915096,False
31,16,477200.0,9720100.0,32.7949036499295,-2.532310240392668,HerbaceousVegetation,0.93101984,0.059383396,133,572.0,1.0886228802250069,False
31,17,477840.0,9720100.0,32.80066071668962,-2.5323111432933207,HerbaceousVegetation,0.9952735,0.001731683,5,22.0,1.5131595526586896,False
31,18,478480.0,9720100.0,32.806417785479745,-2.5323120204891283,HerbaceousVegetation,0.99721104,0.0017232026,4,17.0,2.0526577620867785,False
31,19,479120.0,9720100.0,32.812174856241256,-2.532312871980047,HerbaceousVegetation,0.9214402,0.023854148,53,228.0,2.637490463434504,False
31,20,479760.0,9720100.0,32.817931928915534,-2.5323136977660323,Residential,0.99309486,0.99309486,48,206.0,3.2432249384155907,False
31,21,480400.0,9720100.0,32.823689003443945,-2.5323144978470435,Residential,0.33921617,0.33921617,60,258.0,3.860033686072398,False
31,22,481040.0,9720100.0,32.82944607976785,-2.53231527222304,Residential,0.6579374,0.6579374,194,834.0,4.483348315050541,False
31,23,481680.0,9720100.0,32.83520315782864,-2.532316020893982,Residential,0.93737066,0.93737066,299,1286.0,5.110788996869209,True
31,24,482320.0,9720100.0,32.84096023756767,-2.5323167438598326,SeaLake,0.99976104,8.538696e-05,34,146.0,5.741003068016271,True
31,25,482960.0,9720100.0,32.84671731892634,-2.532317441120556,SeaLake,0.99930644,1.153023e-05,0,0.0,5.236532402728231,False
31,26,483600.0,9720100.0,32.85247440184598,-2.532318112676115,SeaLake,0.9997186,4.926628e-06,0,0.0,4.603658140905943,False
31,27,484240.0,9720100.0,32.858231486268,-2.532318758526477,SeaLake,0.9999316,1.021217e-06,0,0.0,3.973067448689543,False
31,28,484880.0,9720100.0,32.86398857213375,-2.5323193786716085,SeaLake,0.9999565,2.1660392e-07,0,0.0,3.3460516471422417,False
31,29,485520.0,9720100.0,32.869745659384606,-2.532319973111479,SeaLake,0.999948,1.0779387e-06,0,0.0,2.725079503216407,False
31,30,486160.0,9720100.0,32.875502747961946,-2.532320541846059,SeaLake,0.99995744,8.9834816e-07,0,0.0,2.1154798444695824,False
31,31,486800.0,9720100.0,32.881259837807136,-2.5323210848753184,SeaLake,0.9999664,5.269989e-07,0,0.0,1.5308989665761488,False
31,32,487440.0,9720100.0,32.88701692886155,-2.5323216021992305,SeaLake,0.9795441,0.0068113636,162,697.0,1.0155039730945374,False
31,33,488080.0,9720100.0,32.89277402106655,-2.5323220938177684,SeaLake,0.97945726,0.0062978812,64,275.0,0.7335155028202622,False
31,34,488720.0,9720100.0,32.898531114363514,-2.5323225597309085,SeaLake,0.87272376,0.0068645035,51,219.0,0.36935204830961715,False
31,35,489360.0,9720100.0,32.90428820869383,-2.5323229999386268,Residential,0.9996703,0.9996703,901,3874.0,0.30015661232555785,False
31,36,490000.0,9720100.0,32.91004530399884,-2.532323414440901,Residential,0.734777,0.734777,831,3573.0,0.14676001888522938,False
31,37,490640.0,9720100.0,32.91580240021994,-2.532323803237709,Residential,0.9200233,0.9200233,1470,6321.0,0.3723304466657581,False
31,38,491280.0,9720100.0,32.921559497298475,-2.532324166329033,Residential,0.6922571,0.6922571,746,3208.0,0.4235169188542409,False
31,39,491920.0,9720100.0,32.927316595175846,-2.5323245037148547,Residential,0.92209303,0.92209303,754,3242.0,0.6796118711635388,False
31,40,492560.0,9720100.0,32.9330736937934,-2.532324815395155,HerbaceousVegetation,0.97132367,0.018328913,873,3754.0,0.658588715256401,False
31,41,493200.0,9720100.0,32.93883079309252,-2.53232510136992,Residential,0.9997815,0.9997815,973,4184.0,0.13240868321893487,False
31,42,493840.0,9720100.0,32.94458789301458,-2.5323253616391352,Residential,0.9853343,0.9853343,994,4274.0,0.44153344682870665,False
31,43,494480.0,9720100.0,32.95034499350094,-2.5323255962027864,Residential,0.5700687,0.5700687,1223,5259.0,0.03336674640507411,False
31,44,495120.0,9720100.0,32.956102094492984,-2.5323258050608626,HerbaceousVegetation,0.9778221,0.010165791,918,3947.0,0.6672478106090534,False
31,45,495760.0,9720100.0,32.961859195932064,-2.532325988213352,Residential,0.86085105,0.86085105,625,2688.0,0.43926039872229905,False
31,46,496400.0,9720100.0,32.96761629775956,-2.532326145660248,Residential,0.8472371,0.8472371,515,2214.0,0.7150407979017384,False
31,47,497040.0,9720100.0,32.97337339991686,-2.53232627740154,Residential,0.98076916,0.98076916,503,2163.0,1.2840626882836508,False
31,48,497680.0,9720100.0,32.979130502345306,-2.5323263834372214,Residential,0.99947035,0.99947035,443,1905.0,1.8797397721137117,False
31,49,498320.0,9720100.0,32.98488760498629,-2.532326463767289,HerbaceousVegetation,0.86609936,0.078530036,125,538.0,2.214758100573477,False
31,50,498960.0,9720100.0,32.99064470778117,-2.532326518391737,Residential,0.9966748,0.9966748,310,1333.0,2.6638478329749917,False
31,51,499600.0,9720100.0,32.99640181067133,-2.5323265473105634,Residential,0.97990245,0.97990245,301,1294.0,3.179027698909729,False
31,52,500240.0,9720100.0,33.00215891359813,-2.532326550523765,Residential,0.9832777,0.9832777,408,1754.0,3.3804635888827494,False
31,53,500880.0,9720100.0,33.007916016502946,-2.5323265280313456,Residential,0.90195477,0.90195477,328,1410.0,2.843585357286498,False
31,54,501520.0,9720100.0,33.013673119327144,-2.5323264798333027,Residential,0.998777,0.998777,246,1058.0,2.2580009192524106,False
31,55,502160.0,9720100.0,33.0194302220121,-2.53232640592964,HerbaceousVegetation,0.9022668,0.0059075397,37,159.0,1.7118290272440424,False
31,56,502800.0,9720100.0,33.02518732449918,-2.532326306320361,HerbaceousVegetation,0.9541429,0.011717794,33,142.0,1.2575170319665,False
31,57,503440.0,9720100.0,33.03094442672976,-2.532326181005472,Residential,0.9974909,0.9974909,111,477.0,1.0254460263009395,False
31,58,504080.0,9720100.0,33.0367015286452,-2.532326029984976,HerbaceousVegetation,0.8954476,0.031250034,0,0.0,1.1579853280706704,False
31,59,504720.0,9720100.0,33.04245863018689,-2.532325853258884,HerbaceousVegetation,0.8336089,0.053595416,0,0.0,1.565094402008227,False
31,60,505360.0,9720100.0,33.04821573129619,-2.5323256508272034,HerbaceousVegetation,0.8935162,0.053156514,5,22.0,2.0922024171594966,False
31,61,506000.0,9720100.0,33.053972831914464,-2.5323254226899445,Residential,0.93582374,0.93582374,53,228.0,2.4884165368817714,False
31,62,506640.0,9720100.0,33.059729931983085,-2.53232516884712,HerbaceousVegetation,0.87408215,0.11314909,5,22.0,2.7187625338824515,False
31,63,507280.0,9720100.0,33.065487031443446,-2.532324889298741,HerbaceousVegetation,0.9313355,0.025498535,32,138.0,2.6385974888579686,False
31,64,507920.0,9720100.0,33.071244130236884,-2.5323245840448223,HerbaceousVegetation,0.4631021,0.41871956,8,34.0,2.7114431029937225,False
31,65,508560.0,9720100.0,33.077001228304795,-2.53232425308538,HerbaceousVegetation,0.93248534,0.0024850355,8,34.0,2.9258931445520826,False
31,66,509200.0,9720100.0,33.08275832558854,-2.53232389642043,HerbaceousVegetation,0.98887664,3.2803197e-05,13,56.0,2.8681290241867146,False
31,67,509840.0,9720100.0,33.088515422029495,-2.532323514049991,HerbaceousVegetation,0.98727125,0.000601465,8,34.0,2.4256124431580393,False
31,68,510480.0,9720100.0,33.094272517569024,-2.5323231059740814,HerbaceousVegetation,0.9965082,0.0023101023,42,181.0,2.0881157413859963,False
31,69,511120.0,9720100.0,33.100029612148504,-2.5323226721927226,Residential,0.44626403,0.44626403,47,202.0,1.912082366020059,False
31,70,511760.0,9720100.0,33.105786705709306,-2.532322212705936,HerbaceousVegetation,0.8620485,0.0010191082,9,39.0,1.9419296072375392,False
31,71,512400.0,9720100.0,33.1115437981928,-2.5323217275137444,HerbaceousVegetation,0.9042373,0.0108382655,44,189.0,1.7103122344788446,False
31,72,513040.0,9720100.0,33.11730088954036,-2.532321216616173,Pasture,0.39698744,0.030041322,16,69.0,1.5787981514200513,False
31,73,513680.0,9720100.0,33.12305797969335,-2.532320680013248,HerbaceousVegetation,0.9946473,0.00031863543,5,22.0,1.6968321267723345,False
31,74,514320.0,9720100.0,33.12881506859314,-2.5323201177049963,HerbaceousVegetation,0.9152204,0.056568094,25,108.0,2.021156829631505,False
31,75,514960.0,9720100.0,33.13457215618112,-2.532319529691446,HerbaceousVegetation,0.9205687,0.00066519645,18,77.0,2.4718637894280153,False
31,76,515600.0,9720100.0,33.14032924239864,-2.5323189159726263,Residential,0.9941221,0.9941221,60,258.0,2.9923813689108516,False
31,77,516240.0,9720100.0,33.146086327187085,-2.532318276548569,HerbaceousVegetation,0.52091765,0.42041737,38,163.0,3.3580308828677037,False
31,78,516880.0,9720100.0,33.15184341048782,-2.532317611419306,HerbaceousVegetation,0.9586926,0.0014724688,21,90.0,2.730990387216889,False
31,79,517520.0,9720100.0,33.157600492242224,-2.532316920584871,HerbaceousVegetation,0.9841082,0.0021311115,2,9.0,2.111739941339571,False
31,80,518160.0,9720100.0,33.16335757239166,-2.5323162040452987,HerbaceousVegetation,0.9467643,4.0607106e-06,11,47.0,1.5098949184054686,False
31,81,518800.0,9720100.0,33.1691146508775,-2.5323154618006263,HerbaceousVegetation,0.9779639,0.0006514,4,17.0,0.9588116339534368,False
31,82,519440.0,9720100.0,33.17487172764114,-2.532314693850889,HerbaceousVegetation,0.744075,0.1799503,15,64.0,0.6148632646225188,False
31,83,520080.0,9720100.0,33.180628802623914,-2.532313900196128,HerbaceousVegetation,0.94276786,0.0016924881,42,181.0,0.8099345152295114,False
31,84,520720.0,9720100.0,33.18638587576722,-2.5323130808363823,HerbaceousVegetation,0.9394837,0.048738483,7,30.0,1.324058534860852,False
31,85,521360.0,9720100.0,33.19214294701242,-2.532312235771694,HerbaceousVegetation,0.8847008,0.05328547,39,168.0,1.915585573268829,False
32,0,466960.0,9719460.0,32.702789584730766,-2.5380823867457942,HerbaceousVegetation,0.9890099,0.0008245935,1,4.0,3.551815059622284,False
32,1,467600.0,9719460.0,32.70854663662386,-2.5380837039255133,HerbaceousVegetation,0.9980306,3.0067933e-05,3,13.0,2.9631228743108644,False
32,2,468240.0,9719460.0,32.71430369148506,-2.538084995342428,HerbaceousVegetation,0.9760727,0.00023264233,1,4.0,2.400834046486535,False
32,3,468880.0,9719460.0,32.72006074925574,-2.53808626099647,HerbaceousVegetation,0.9908761,8.559094e-06,2,9.0,1.8886797159056747,False
32,4,469520.0,9719460.0,32.725817809877256,-2.538087500887578,HerbaceousVegetation,0.997642,0.00012958108,1,4.0,1.4796682127349265,False
32,5,470160.0,9719460.0,32.73157487329101,-2.538088715015688,HerbaceousVegetation,0.79855686,0.0050829886,6,26.0,1.2770767284242566,False
32,6,470800.0,9719460.0,32.73733193943835,-2.53808990338074,HerbaceousVegetation,0.99242157,0.0016971321,1,4.0,1.3753661042745793,False
32,7,471440.0,9719460.0,32.74308900826066,-2.5380910659826714,HerbaceousVegetation,0.980055,4.3923115e-05,18,77.0,1.7238152079883924,False
32,8,472080.0,9719460.0,32.74884607969931,-2.538092202821426,HerbaceousVegetation,0.9303751,0.0023375733,30,129.0,2.206953969115961,False
32,9,472720.0,9719460.0,32.75460315369568,-2.538093313896946,HerbaceousVegetation,0.75884545,0.0039373864,113,486.0,2.754805396448418,False
32,10,473360.0,9719460.0,32.76036023019113,-2.5380943992091742,HerbaceousVegetation,0.8219186,0.02872224,23,99.0,3.3356348305541412,False
32,11,474000.0,9719460.0,32.76611730912704,-2.5380954587580566,HerbaceousVegetation,0.9263254,0.00293345,2,9.0,3.0931714790351137,False
32,12,474640.0,9719460.0,32.77187439044478,-2.53809649254354,HerbaceousVegetation,0.97620684,0.002759581,5,22.0,2.5644223238712316,False
32,13,475280.0,9719460.0,32.77763147408572,-2.5380975005655704,HerbaceousVegetation,0.9981248,1.0848773e-05,4,17.0,2.09857425687584,False
32,14,475920.0,9719460.0,32.78338855999123,-2.538098482824099,HerbaceousVegetation,0.9675674,0.0015686868,8,34.0,1.746701453619032,False
32,15,476560.0,9719460.0,32.78914564810269,-2.538099439319076,HerbaceousVegetation,0.97448945,0.008568509,35,150.0,1.586542790008418,False
32,16,477200.0,9719460.0,32.794902738361465,-2.538100370050452,HerbaceousVegetation,0.89476603,0.017317792,21,90.0,1.6740579682258767,False
32,17,477840.0,9719460.0,32.80065983070893,-2.5381012750181795,HerbaceousVegetation,0.5916547,0.12905347,25,108.0,1.9766188649897596,False
32,18,478480.0,9719460.0,32.80641692508645,-2.538102154222214,HerbaceousVegetation,0.95581293,0.0046506384,5,22.0,2.4146996073810634,False
32,19,479120.0,9719460.0,32.81217402143541,-2.538103007662511,HerbaceousVegetation,0.8745244,0.015351432,3,13.0,2.9280925959298343,False
32,20,479760.0,9719460.0,32.81793111969716,-2.538103835339028,SeaLake,0.65617573,0.005999865,1,4.0,3.4836587529194034,False
32,21,480400.0,9719460.0,32.82368821981309,-2.538104637251722,SeaLake,0.9860376,0.0003047684,0,0.0,4.064139560010806,False
32,22,481040.0,9719460.0,32.82944532172456,-2.5381054134005527,SeaLake,0.5413687,0.043880243,157,675.0,4.6602341593205034,False
32,23,481680.0,9719460.0,32.835202425372955,-2.538106163785481,HerbaceousVegetation,0.4933936,0.077405915,225,968.0,5.266643568360264,True
32,24,482320.0,9719460.0,32.84095953069963,-2.5381068884064697,SeaLake,0.8456389,0.008709116,37,159.0,5.880177423564989,True
32,25,482960.0,9719460.0,32.846716637645955,-2.538107587263481,SeaLake,0.99957556,7.356001e-06,0,0.0,5.363398349626059,False
32,26,483600.0,9719460.0,32.852473746153315,-2.53810826035648,SeaLake,0.99992216,8.431718e-07,0,0.0,4.747466538089384,False
32,27,484240.0,9719460.0,32.85823085616307,-2.5381089076854337,SeaLake,0.99997723,3.527441e-07,0,0.0,4.138844670168871,False
32,28,484880.0,9719460.0,32.86398796761659,-2.5381095292503084,SeaLake,0.9999192,1.1252957e-06,0,0.0,3.5413036974103393,False
32,29,485520.0,9719460.0,32.869745080455246,-2.538110125051073,SeaLake,0.99987113,2.254682e-06,0,0.0,2.9615584665508483,False
32,30,486160.0,9719460.0,32.87550219462042,-2.5381106950876977,SeaLake,0.9999361,1.678983e-06,0,0.0,2.4124728442628913,False
32,31,486800.0,9719460.0,32.881259310053466,-2.538111239360153,SeaLake,0.9999833,1.4413062e-07,0,0.0,1.920526463710603,False
32,32,487440.0,9719460.0,32.887016426695766,-2.538111757868412,SeaLake,0.9999224,1.0835705e-06,0,0.0,1.5414339334916773,False
32,33,488080.0,9719460.0,32.89277354448868,-2.538112250612447,SeaLake,0.9999771,6.3233426e-07,0,0.0,1.1912162868163219,False
32,34,488720.0,9719460.0,32.898530663373585,-2.538112717592236,SeaLake,0.99961185,9.028083e-06,24,103.0,0.5846524575069668,False
32,35,489360.0,9719460.0,32.90428778329185,-2.5381131588077523,Industrial,0.93527836,0.0016412977,392,1686.0,0.2895526725164273,False
32,36,490000.0,9719460.0,32.91004490418484,-2.5381135742589764,Residential,0.8085425,0.8085425,1264,5435.0,0.49402273176920236,False
32,37,490640.0,9719460.0,32.91580202599394,-2.5381139639458854,Residential,0.6860616,0.6860616,948,4076.0,0.2989353334949024,False
32,38,491280.0,9719460.0,32.9215591486605,-2.53811432786846,Residential,0.74761844,0.74761844,880,3784.0,0.5276581002703957,False
32,39,491920.0,9719460.0,32.9273162721259,-2.538114666026683,Residential,0.99489915,0.99489915,779,3350.0,1.1095511062383818,False
32,40,492560.0,9719460.0,32.933073396331515,-2.5381149784205363,Residential,0.9860206,0.9860206,504,2167.0,0.7459600335342392,False
32,41,493200.0,9719460.0,32.938830521218705,-2.538115265050004,Residential,0.5554299,0.5554299,393,1690.0,0.41638878116919437,False
32,42,493840.0,9719460.0,32.94458764672884,-2.5381155259150714,Residential,0.6969213,0.6969213,568,2442.0,0.6870430819818476,False
32,43,494480.0,9719460.0,32.9503447728033,-2.538115761015726,Residential,0.9676468,0.9676468,865,3720.0,0.6602128435934044,False
32,44,495120.0,9719460.0,32.95610189938344,-2.538115970351956,Residential,0.86935115,0.86935115,880,3784.0,0.7406885175971644,False
32,45,495760.0,9719460.0,32.96185902641064,-2.5381161539237493,Industrial,0.9995127,0.0001685625,212,912.0,0.2185248838886921,False
32,46,496400.0,9719460.0,32.96761615382626,-2.538116311731099,Industrial,0.6973531,0.27970445,503,2163.0,0.6050510471496168,False
32,47,497040.0,9719460.0,32.97337328157169,-2.5381164437739967,Industrial,0.91940993,0.0012380321,249,1071.0,1.2262220086245106,False
32,48,497680.0,9719460.0,32.97913040958828,-2.538116550052434,HerbaceousVegetation,0.5341713,0.45436242,507,2180.0,1.860202693045414,False
32,49,498320.0,9719460.0,32.9848875378174,-2.5381166305664062,Residential,0.99834216,0.99834216,601,2584.0,2.497256034929477,False
32,50,498960.0,9719460.0,32.99064466620043,-2.5381166853159103,HerbaceousVegetation,0.9973636,0.0006806064,264,1135.0,3.116249463492628,False
32,51,499600.0,9719460.0,32.99640179467874,-2.5381167143009424,Residential,0.91928,0.91928,257,1105.0,3.5666710742522665,False
32,52,500240.0,9719460.0,33.00215892319368,-2.5381167175215014,Residential,0.9964311,0.9964311,281,1208.0,3.0393834296203153,False
32,53,500880.0,9719460.0,33.00791605168665,-2.538116694977588,Residential,0.985283,0.985283,401,1724.0,2.48760404285349,False
32,54,501520.0,9719460.0,33.01367318009899,-2.5381166466692013,Residential,0.99813086,0.99813086,273,1174.0,1.9893959173054274,False
32,55,502160.0,9719460.0,33.01943030837209,-2.538116572596345,HerbaceousVegetation,0.864246,0.0008263512,11,47.0,1.5957500924524426,False
32,56,502800.0,9719460.0,33.02518743644731,-2.5381164727590235,HerbaceousVegetation,0.6165885,0.37848347,81,348.0,1.397977324326992,False
32,57,503440.0,9719460.0,33.03094456426602,-2.5381163471572417,Residential,0.9884703,0.9884703,76,327.0,1.4769776034533941,False
32,58,504080.0,9719460.0,33.03670169176959,-2.5381161957910043,Residential,0.9802981,0.9802981,40,172.0,1.7485950794025098,False
32,59,504720.0,9719460.0,33.0424588188994,-2.538116018660321,Residential,0.9870008,0.9870008,9,39.0,1.765259893871635,False
32,60,505360.0,9719460.0,33.0482159455968,-2.5381158157651984,HerbaceousVegetation,0.8674914,0.07038948,82,353.0,1.719804080358837,False
32,61,506000.0,9719460.0,33.05397307180318,-2.5381155871056493,HerbaceousVegetation,0.74890935,0.22198956,97,417.0,1.8954815729538832,False
32,62,506640.0,9719460.0,33.05973019745989,-2.5381153326816834,Residential,0.9408582,0.9408582,87,374.0,2.1033124822172735,False
32,63,507280.0,9719460.0,33.06548732250831,-2.538115052493315,Residential,0.70099217,0.70099217,81,348.0,1.9986121160484436,False
32,64,507920.0,9719460.0,33.071244446889814,-2.538114746540556,Residential,0.74291164,0.74291164,46,198.0,2.0938427311955135,False
32,65,508560.0,9719460.0,33.07700157054576,-2.5381144148234243,HerbaceousVegetation,0.9522321,0.031721648,49,211.0,2.364974497863546,False
32,66,509200.0,9719460.0,33.08275869341753,-2.5381140573419363,HerbaceousVegetation,0.97048396,0.0010161436,27,116.0,2.4912025098449355,False
32,67,509840.0,9719460.0,33.08851581544649,-2.5381136740961083,PermanentCrop,0.83483166,0.011090716,9,39.0,1.9655842821101777,False
32,68,510480.0,9719460.0,33.09427293657401,-2.538113265085961,HerbaceousVegetation,0.8254342,0.0008217053,2,9.0,1.5297559266430243,False
32,69,511120.0,9719460.0,33.10003005674145,-2.5381128303115155,Residential,0.47445628,0.47445628,92,396.0,1.2790562224235238,False
32,70,511760.0,9719460.0,33.10578717589019,-2.5381123697727936,HerbaceousVegetation,0.3126361,0.28744587,41,176.0,1.3232597799151955,False
32,71,512400.0,9719460.0,33.11154429396161,-2.5381118834698166,HerbaceousVegetation,0.99598,0.0002495152,4,17.0,1.146314437223017,False
32,72,513040.0,9719460.0,33.11730141089705,-2.538111371402612,HerbaceousVegetation,0.9914347,0.0008464745,24,103.0,0.9388676437630998,False
32,73,513680.0,9719460.0,33.12305852663791,-2.538110833571203,HerbaceousVegetation,0.68485755,0.06440861,53,228.0,1.1261030663418992,False
32,74,514320.0,9719460.0,33.12881564112555,-2.5381102699756184,HerbaceousVegetation,0.84969294,0.07369379,14,60.0,1.5728775475363557,False
32,75,514960.0,9719460.0,33.13457275430133,-2.5381096806158863,HerbaceousVegetation,0.9876575,0.0002695951,11,47.0,2.1210797823427887,False
32,76,515600.0,9719460.0,33.14032986610663,-2.538109065492036,HerbaceousVegetation,0.8855295,0.022916747,40,172.0,2.709836730613615,False
32,77,516240.0,9719460.0,33.14608697648283,-2.5381084246040992,HerbaceousVegetation,0.98092926,8.9233225e-05,26,112.0,3.3030346129245776,False
32,78,516880.0,9719460.0,33.15184408537128,-2.5381077579521083,HerbaceousVegetation,0.5401724,0.00866186,9,39.0,2.6630761797131557,False
32,79,517520.0,9719460.0,33.15760119271336,-2.5381070655360967,HerbaceousVegetation,0.90554535,0.00014825971,11,47.0,2.0231440442374384,False
32,80,518160.0,9719460.0,33.16335829845045,-2.538106347356099,HerbaceousVegetation,0.48949167,0.012282536,46,198.0,1.3832747046451839,False
32,81,518800.0,9719460.0,33.16911540252391,-2.538105603412152,HerbaceousVegetation,0.9839639,0.00091004773,25,108.0,0.7436302799705126,False
32,82,519440.0,9719460.0,33.1748725048751,-2.538104833704293,Residential,0.9556976,0.9556976,63,271.0,0.10827316411200445,False
32,83,520080.0,9719460.0,33.18062960544541,-2.5381040382325613,HerbaceousVegetation,0.35966086,0.20265585,72,310.0,0.538200857342895,False
32,84,520720.0,9719460.0,33.18638670417621,-2.538103216996997,Pasture,0.36874902,0.03738275,63,271.0,1.1776235593866275,False
32,85,521360.0,9719460.0,33.19214380100886,-2.538102369997641,HerbaceousVegetation,0.6965967,0.11267268,110,473.0,1.817452704309037,False
33,0,466960.0,9718820.0,32.70278826074554,-2.543872474806585,HerbaceousVegetation,0.9825278,0.0011984195,34,146.0,3.8279045620044543,False
33,1,467600.0,9718820.0,32.70854533828373,-2.5438737949949566,HerbaceousVegetation,0.9920333,0.00049551594,22,95.0,3.2890059723751106,False
33,2,468240.0,9718820.0,32.71430241879008,-2.543875089361675,HerbaceousVegetation,0.8548105,0.09459938,16,69.0,2.793110673930372,False
33,3,468880.0,9718820.0,32.72005950220596,-2.5438763579066763,HerbaceousVegetation,0.9348585,0.03997951,2,9.0,2.367398189432527,False
33,4,469520.0,9718820.0,32.72581658847277,-2.543877600629896,HerbaceousVegetation,0.9238137,0.008766442,6,26.0,2.0559380189667777,False
33,5,470160.0,9718820.0,32.73157367753185,-2.543878817531271,HerbaceousVegetation,0.9122317,0.0015521275,5,22.0,1.9153036543424828,False
33,6,470800.0,9718820.0,32.73733076932459,-2.5438800086107407,HerbaceousVegetation,0.7568891,0.0011186863,4,17.0,1.9821945007597768,False
33,7,471440.0,9718820.0,32.74308786379237,-2.543881173868244,HerbaceousVegetation,0.99437946,5.7174275e-05,3,13.0,2.2380799783177836,False
33,8,472080.0,9718820.0,32.74884496087653,-2.543882313303722,HerbaceousVegetation,0.99206233,0.0003722791,6,26.0,2.628328164413942,False
33,9,472720.0,9718820.0,32.75460206051847,-2.5438834269171178,HerbaceousVegetation,0.87947726,0.110882536,52,224.0,3.102646594498992,False
33,10,473360.0,9718820.0,32.760359162659554,-2.543884514708376,HerbaceousVegetation,0.98562324,0.0031897258,17,73.0,3.628212072200414,False
33,11,474000.0,9718820.0,32.76611626724114,-2.543885576677438,HerbaceousVegetation,0.9981621,9.867307e-05,7,30.0,3.4647193399101512,False
33,12,474640.0,9718820.0,32.77187337420462,-2.5438866128242545,HerbaceousVegetation,0.98160124,0.0021049073,2,9.0,3.0021379316747407,False
33,13,475280.0,9718820.0,32.77763048349134,-2.5438876231487715,HerbaceousVegetation,0.98911244,0.0014131473,9,39.0,2.6154510542644736,False
33,14,475920.0,9718820.0,32.78338759504269,-2.5438886076509366,HerbaceousVegetation,0.9966093,2.350075e-05,7,30.0,2.3425490973949725,False
33,15,476560.0,9718820.0,32.78914470880004,-2.5438895663307024,HerbaceousVegetation,0.9982028,2.522781e-05,6,26.0,2.225688282342982,False
33,16,477200.0,9718820.0,32.794901824704745,-2.54389049918802,Residential,0.45665216,0.45665216,73,314.0,2.288895014327156,False
33,17,477840.0,9718820.0,32.800658942698185,-2.5438914062228406,HerbaceousVegetation,0.97439486,0.00033042175,28,120.0,2.518648932079373,False
33,18,478480.0,9718820.0,32.80641606272173,-2.54389228743512,HerbaceousVegetation,0.97563374,0.011524803,46,198.0,2.8752990278434387,False
33,19,479120.0,9718820.0,32.81217318471675,-2.543893142824812,HerbaceousVegetation,0.9293986,0.005322768,46,198.0,3.3181766914934285,False
33,20,479760.0,9718820.0,32.81793030862462,-2.543893972391876,SeaLake,0.9306805,0.00093921286,1,4.0,3.8173876686057358,False
33,21,480400.0,9718820.0,32.8236874343867,-2.5438947761362685,SeaLake,0.99982893,2.471397e-06,0,0.0,4.353596291444119,False
33,22,481040.0,9718820.0,32.829444561944364,-2.5438955540579484,SeaLake,0.9998399,2.0521777e-06,0,0.0,4.914707796535705,False
33,23,481680.0,9718820.0,32.83520169123897,-2.543896306156878,SeaLake,0.99918014,2.974515e-06,0,0.0,5.493096101633549,False
33,24,482320.0,9718820.0,32.84095882221192,-2.543897032433018,SeaLake,0.9996623,1.3046628e-05,7,30.0,6.083835701121009,True
33,25,482960.0,9718820.0,32.846715954804544,-2.5438977328863315,SeaLake,0.9992062,1.3462935e-05,0,0.0,5.561475713218602,False
33,26,483600.0,9718820.0,32.852473088958234,-2.5438984075167843,SeaLake,0.99974924,4.3884293e-06,0,0.0,4.970151786638636,False
33,27,484240.0,9718820.0,32.85823022461436,-2.543899056324342,SeaLake,0.99975365,4.568368e-06,0,0.0,4.39249421806496,False
33,28,484880.0,9718820.0,32.86398736171429,-2.5438996793089714,SeaLake,0.99987125,1.2545283e-06,0,0.0,3.8346840977114365,False
33,29,485520.0,9718820.0,32.86974450019938,-2.5439002764706418,SeaLake,0.9999769,5.5264843e-07,0,0.0,3.306780730975044,False
33,30,486160.0,9718820.0,32.87550164001101,-2.543900847809321,SeaLake,0.99967295,4.705476e-06,0,0.0,2.8255964814981485,False
33,31,486800.0,9718820.0,32.881258781090544,-2.543901393324983,SeaLake,0.9999347,1.2301551e-06,0,0.0,2.4191717900474923,False
33,32,487440.0,9718820.0,32.88701592337936,-2.543901913017599,SeaLake,0.9989171,3.0708845e-05,1,4.0,2.015730209355377,False
33,33,488080.0,9718820.0,32.89277306681882,-2.543902406887142,SeaLake,0.99997365,7.9999964e-08,5,22.0,1.4720022184087704,False
33,34,488720.0,9718820.0,32.89853021135029,-2.5439028749335875,SeaLake,0.99989665,3.5795927e-06,0,0.0,1.0438451921107899,False
33,35,489360.0,9718820.0,32.90428735691515,-2.543903317156913,Residential,0.8167592,0.8167592,292,1256.0,0.9119402607546624,False
33,36,490000.0,9718820.0,32.91004450345475,-2.543903733557093,HerbaceousVegetation,0.5542545,0.40786535,1097,4717.0,0.6068688627681953,False
33,37,490640.0,9718820.0,32.915801650910474,-2.543904124134111,HerbaceousVegetation,0.62588006,0.07888135,204,877.0,0.4621619745333511,False
33,38,491280.0,9718820.0,32.92155879922369,-2.5439044888879443,HerbaceousVegetation,0.7094867,0.09275475,166,714.0,0.9370686019772347,False
33,39,491920.0,9718820.0,32.92731594833575,-2.5439048278185745,HerbaceousVegetation,0.93233037,0.015315595,162,697.0,1.4290698022026405,False
33,40,492560.0,9718820.0,32.933073098188046,-2.5439051409259856,Residential,0.8537358,0.8537358,557,2395.0,1.224080735653384,False
33,41,493200.0,9718820.0,32.938830248721935,-2.543905428210161,HerbaceousVegetation,0.8770535,0.114951275,531,2283.0,1.0560761775794838,False
33,42,493840.0,9718820.0,32.944587399878785,-2.543905689671087,HerbaceousVegetation,0.814738,0.11189687,506,2176.0,1.2215425884694866,False
33,43,494480.0,9718820.0,32.95034455159997,-2.5439059253087497,Residential,0.92682904,0.92682904,709,3049.0,0.9687391345054338,False
33,44,495120.0,9718820.0,32.956101703826846,-2.543906135123137,Residential,0.9903111,0.9903111,798,3431.0,0.7831896646858943,False
33,45,495760.0,9718820.0,32.96185885650079,-2.543906319114239,Industrial,0.87210816,0.10377381,228,980.0,0.8495625650129951,False
33,46,496400.0,9718820.0,32.96761600956317,-2.543906477282046,Industrial,0.99469733,0.000779183,126,542.0,1.0198481243056443,False
33,47,497040.0,9718820.0,32.973373162955355,-2.5439066096265504,Residential,0.85757554,0.85757554,717,3083.0,1.475677417807843,False
33,48,497680.0,9718820.0,32.979130316618715,-2.5439067161477453,Residential,0.9936028,0.9936028,1332,5728.0,2.0333119500475827,False
33,49,498320.0,9718820.0,32.98488747049461,-2.5439067968456244,Residential,0.99126583,0.99126583,966,4154.0,2.6287432607587573,False
33,50,498960.0,9718820.0,32.99064462452442,-2.543906851720185,PermanentCrop,0.62402,0.35974348,351,1509.0,3.241207302188934,False
33,51,499600.0,9718820.0,32.9964017786495,-2.543906880771424,Residential,0.5756084,0.5756084,172,740.0,3.425820623875189,False
33,52,500240.0,9718820.0,33.00215893281123,-2.543906883999339,Residential,0.9993082,0.9993082,177,761.0,2.8048830971609253,False
33,53,500880.0,9718820.0,33.00791608695097,-2.543906861403931,Residential,0.99888855,0.99888855,209,899.0,2.1949240147461917,False
33,54,501520.0,9718820.0,33.01367324101009,-2.543906812985201,PermanentCrop,0.68294317,0.0032955883,129,555.0,1.6084817910937064,False
33,55,502160.0,9718820.0,33.01943039492996,-2.543906738743151,HerbaceousVegetation,0.84934896,0.00045614954,32,138.0,1.0844057884622775,False
33,56,502800.0,9718820.0,33.02518754865195,-2.5439066386777847,HerbaceousVegetation,0.9050293,0.08704225,85,366.0,0.7641061155500392,False
33,57,503440.0,9718820.0,33.030944702117424,-2.543906512789107,Residential,0.9990238,0.9990238,129,555.0,0.9005445006169578,False
33,58,504080.0,9718820.0,33.03670185526775,-2.5439063610771253,Residential,0.9892697,0.9892697,294,1264.0,1.3471210608683577,False
33,59,504720.0,9718820.0,33.042459008044304,-2.543906183541846,Residential,0.9938147,0.9938147,165,710.0,1.15565514589868,False
33,60,505360.0,9718820.0,33.04821616038844,-2.543905980183279,Residential,0.996189,0.996189,291,1251.0,1.0851541859109066,False
33,61,506000.0,9718820.0,33.05397331224155,-2.543905751001434,Residential,0.99837434,0.99837434,244,1049.0,1.346359508373891,False
33,62,506640.0,9718820.0,33.05973046354498,-2.543905495996323,Residential,0.9998015,0.9998015,84,361.0,1.5084353085429452,False
33,63,507280.0,9718820.0,33.065487614240105,-2.543905215167959,HerbaceousVegetation,0.73159754,0.11512551,51,219.0,1.3586405236940706,False
33,64,507920.0,9718820.0,33.07124476426829,-2.543904908516355,HerbaceousVegetation,0.91015023,0.00062253163,4,17.0,1.4952026836480556,False
33,65,508560.0,9718820.0,33.07700191357091,-2.543904576041527,HerbaceousVegetation,0.91510546,0.009235775,32,138.0,1.8559520623531727,False
33,66,509200.0,9718820.0,33.08275906208934,-2.543904217743493,HerbaceousVegetation,0.4001818,0.2459963,20,86.0,2.2372339597666517,False
33,67,509840.0,9718820.0,33.088516209764926,-2.54390383362227,PermanentCrop,0.68830925,0.106909044,57,245.0,1.6317620585594121,False
33,68,510480.0,9718820.0,33.09427335653906,-2.5439034236778784,PermanentCrop,0.511083,9.989946e-05,0,0.0,1.0673701517163232,False
33,69,511120.0,9718820.0,33.10003050235311,-2.543902987910337,HerbaceousVegetation,0.97796416,0.0011115025,89,383.0,0.6596291881017723,False
33,70,511760.0,9718820.0,33.10578764714842,-2.5439025263196697,HerbaceousVegetation,0.96620786,0.002860728,36,155.0,0.7417157749547193,False
33,71,512400.0,9718820.0,33.11154479086637,-2.5439020389058986,HerbaceousVegetation,0.99697375,0.000104352686,30,129.0,0.7225687777394108,False
33,72,513040.0,9718820.0,33.117301933448346,-2.5439015256690487,Residential,0.6116714,0.6116714,202,869.0,0.2992345268901614,False
33,73,513680.0,9718820.0,33.1230590748357,-2.543900986609146,PermanentCrop,0.35181624,0.14109999,125,538.0,0.6900557699219182,False
33,74,514320.0,9718820.0,33.1288162149698,-2.543900421726218,HerbaceousVegetation,0.9153412,0.013907155,16,69.0,1.2969242958329852,False
33,75,514960.0,9718820.0,33.13457335379203,-2.5438998310202927,Pasture,0.4974062,0.022828527,24,103.0,1.925369650908946,False
33,76,515600.0,9718820.0,33.14033049124374,-2.5438992144914008,Residential,0.4641325,0.4641325,123,529.0,2.5595476077151975,False
33,77,516240.0,9718820.0,33.146087627266304,-2.543898572139572,Highway,0.6425713,0.009901505,85,366.0,3.1960474995969546,False
33,78,516880.0,9718820.0,33.15184476180111,-2.543897903964839,Highway,0.5947477,0.00021862774,21,90.0,2.746787393090368,False
33,79,517520.0,9718820.0,33.1576018947895,-2.5438972099672377,HerbaceousVegetation,0.99654645,0.00052354735,149,641.0,2.1321299368514066,False
33,80,518160.0,9718820.0,33.163359026172856,-2.5438964901468006,HerbaceousVegetation,0.97747415,0.0003813953,34,146.0,1.5382831834209798,False
33,81,518800.0,9718820.0,33.16911615589255,-2.5438957445035646,HerbaceousVegetation,0.9583941,0.0010174098,23,99.0,1.0029218499831312,False
33,82,519440.0,9718820.0,33.174873283889944,-2.543894973037569,HerbaceousVegetation,0.8838064,0.006445637,72,310.0,0.6816078945782453,False
33,83,520080.0,9718820.0,33.180630410106424,-2.543894175748852,Residential,0.92915577,0.92915577,101,434.0,0.8616997195828665,False
33,84,520720.0,9718820.0,33.18638753448334,-2.5438933526374514,Residential,0.7983613,0.7983613,164,705.0,1.356341952277151,False
33,85,521360.0,9718820.0,33.19214465696207,-2.543892503703412,HerbaceousVegetation,0.7579113,0.15448728,159,684.0,1.938040395937297,False
34,0,466960.0,9718180.0,32.70278693373353,-2.5496625623456275,HerbaceousVegetation,0.9957846,1.09726725e-05,0,0.0,4.184437411871444,False
34,1,467600.0,9718180.0,32.70854403697542,-2.549663885542676,HerbaceousVegetation,0.9028272,0.04995484,11,47.0,3.6978674130333573,False
34,2,468240.0,9718180.0,32.71430114318555,-2.5496651828592247,HerbaceousVegetation,0.9462598,0.00076026854,27,116.0,3.2646792116345282,False
34,3,468880.0,9718180.0,32.72005825230528,-2.549666454295209,HerbaceousVegetation,0.8965247,0.0077725793,15,64.0,2.908820603850171,False
34,4,469520.0,9718180.0,32.72581536427599,-2.5496676998505645,HerbaceousVegetation,0.96805155,0.00042526057,10,43.0,2.661492862265068,False
34,5,470160.0,9718180.0,32.73157247903904,-2.549668919525229,HerbaceousVegetation,0.7549757,0.0040770317,35,150.0,2.5544179780123177,False
34,6,470800.0,9718180.0,32.737329596535815,-2.549670113319139,HerbaceousVegetation,0.98975253,0.00046364925,23,99.0,2.6049487820103425,False
34,7,471440.0,9718180.0,32.743086716707666,-2.549671281232236,HerbaceousVegetation,0.9933476,0.00013286399,1,4.0,2.8045793102356367,False
34,8,472080.0,9718180.0,32.74884383949598,-2.54967242326446,HerbaceousVegetation,0.9672316,0.0001159044,12,52.0,3.124863526285017,False
34,9,472720.0,9718180.0,32.75460096484212,-2.5496735394157537,HerbaceousVegetation,0.6727106,0.014004939,0,0.0,3.5331401059696264,False
34,10,473360.0,9718180.0,32.76035809268746,-2.5496746296860606,HerbaceousVegetation,0.9724662,0.002413036,0,0.0,4.00257241769786,False
34,11,474000.0,9718180.0,32.76611522297336,-2.5496756940753253,HerbaceousVegetation,0.9762207,0.00013943232,2,9.0,3.9064114491408346,False
34,12,474640.0,9718180.0,32.7718723556412,-2.5496767325834955,HerbaceousVegetation,0.99159396,0.000118841104,3,13.0,3.5026564870725547,False
34,13,475280.0,9718180.0,32.777629490632336,-2.5496777452105173,HerbaceousVegetation,0.99672544,0.0010037503,1,4.0,3.1774761246757315,False
34,14,475920.0,9718180.0,32.78338662788816,-2.549678731956339,HerbaceousVegetation,0.9388252,0.0022150157,5,22.0,2.9569082805080646,False
34,15,476560.0,9718180.0,32.78914376735001,-2.5496796928209133,HerbaceousVegetation,0.97536296,0.008485082,11,47.0,2.8652152861155153,False
34,16,477200.0,9718180.0,32.794900908959285,-2.5496806278041886,HerbaceousVegetation,0.8610482,0.026472235,109,469.0,2.9145858526114603,False
34,17,477840.0,9718180.0,32.80065805265733,-2.54968153690612,HerbaceousVegetation,0.972954,0.011445339,22,95.0,3.0982838392722716,False
34,18,478480.0,9718180.0,32.80641519838553,-2.549682420126661,HerbaceousVegetation,0.98353994,0.008983426,16,69.0,3.394571372816984,False
34,19,479120.0,9718180.0,32.812172346085255,-2.5496832774657667,HerbaceousVegetation,0.42176977,0.10773439,1,4.0,3.7770447259201787,False
34,20,479760.0,9718180.0,32.817929495697854,-2.549684108923393,SeaLake,0.98447454,0.00059450563,0,0.0,4.222347560072985,False
34,21,480400.0,9718180.0,32.82368664716472,-2.5496849144995,SeaLake,0.9997897,4.3417986e-06,0,0.0,4.712703149415115,False
34,22,481040.0,9718180.0,32.8294438004272,-2.5496856941940447,SeaLake,0.9997341,7.401832e-07,0,0.0,5.235467794854631,False
34,23,481680.0,9718180.0,32.83520095542668,-2.5496864480069883,SeaLake,0.9995665,6.4036735e-06,0,0.0,5.781857408083743,False
34,24,482320.0,9718180.0,32.84095811210451,-2.549687175938294,SeaLake,0.99943036,8.56025e-06,0,0.0,6.345772383553141,False
34,25,482960.0,9718180.0,32.84671527040207,-2.549687877987924,SeaLake,0.9990402,1.6587841e-05,0,0.0,5.823502585271959,False
34,26,483600.0,9718180.0,32.85247243026074,-2.549688554155844,SeaLake,0.9998275,1.836526e-06,0,0.0,5.261708756114887,False
34,27,484240.0,9718180.0,32.85822959162186,-2.549689204442018,SeaLake,0.99975044,1.9231716e-06,0,0.0,4.719870306235431,False
34,28,484880.0,9718180.0,32.86398675442682,-2.5496898288464145,SeaLake,0.9999176,1.4108414e-06,0,0.0,4.2057071202343375,False
34,29,485520.0,9718180.0,32.869743918616976,-2.549690427369001,SeaLake,0.9994381,5.8127075e-06,0,0.0,3.7306794360674678,False
34,30,486160.0,9718180.0,32.875501084133695,-2.5496910000097484,SeaLake,0.9999876,7.7386495e-08,0,0.0,3.311671138293105,False
34,31,486800.0,9718180.0,32.88125825091835,-2.549691546768627,SeaLake,0.99705386,2.3358947e-05,0,0.0,2.8888994983971457,False
34,32,487440.0,9718180.0,32.88701541891231,-2.5496920676456085,SeaLake,0.9998077,7.3848753e-07,0,0.0,2.3727963599794544,False
34,33,488080.0,9718180.0,32.89277258805694,-2.549692562640669,SeaLake,0.9998052,3.8187695e-06,0,0.0,1.9323003959074838,False
34,34,488720.0,9718180.0,32.89852975829362,-2.549693031753781,SeaLake,0.99982905,2.831529e-06,0,0.0,1.6299101429577916,False
34,35,489360.0,9718180.0,32.90428692956369,-2.549693474984922,River,0.74058914,0.00011320552,90,387.0,1.4250165099812608,False
34,36,490000.0,9718180.0,32.91004410180854,-2.54969389233407,HerbaceousVegetation,0.9131564,0.0114135295,1059,4554.0,1.0871906996486627,False
34,37,490640.0,9718180.0,32.915801274969525,-2.5496942838012027,Residential,0.99514407,0.99514407,246,1058.0,1.0735432832848075,False
34,38,491280.0,9718180.0,32.921558448988016,-2.549694649386301,HerbaceousVegetation,0.58681035,0.07638529,71,305.0,1.3496402935243252,False
34,39,491920.0,9718180.0,32.927315623805384,-2.5496949890893466,Residential,0.9540153,0.9540153,181,778.0,1.8180299216490992,False
34,40,492560.0,9718180.0,32.93307279936299,-2.549695302910321,Residential,0.9985191,0.9985191,442,1901.0,1.7590036561516906,False
34,41,493200.0,9718180.0,32.93882997560221,-2.5496955908492107,PermanentCrop,0.68461806,0.00256399,258,1109.0,1.3044572075239858,False
34,42,493840.0,9718180.0,32.94458715246441,-2.5496958529059994,Residential,0.9390062,0.9390062,501,2154.0,1.0622256587785546,False
34,43,494480.0,9718180.0,32.95034432989094,-2.5496960890806744,Residential,0.6295694,0.6295694,767,3298.0,0.590883199309004,False
34,44,495120.0,9718180.0,32.956101507823185,-2.5496962993732244,HerbaceousVegetation,0.8377255,0.10484269,928,3990.0,0.15515635782690623,False
34,45,495760.0,9718180.0,32.96185868620251,-2.549696483783638,Residential,0.9998976,0.9998976,783,3367.0,0.7198639006941366,False
34,46,496400.0,9718180.0,32.967615864970284,-2.549696642311905,Residential,0.97496814,0.97496814,928,3990.0,1.3533420024779563,False
34,47,497040.0,9718180.0,32.973373044067856,-2.5496967749580195,Residential,0.92463464,0.92463464,930,3999.0,1.9159403092009197,False
34,48,497680.0,9718180.0,32.97913022343662,-2.549696881721973,HerbaceousVegetation,0.7032066,0.28216565,760,3268.0,2.3722480715977405,False
34,49,498320.0,9718180.0,32.984887403017915,-2.5496969626037607,HerbaceousVegetation,0.9477322,0.008928309,925,3978.0,2.8988781550761114,False
34,50,498960.0,9718180.0,32.99064458275313,-2.54969701760338,Residential,0.9981851,0.9981851,452,1944.0,3.463903607601655,False
34,51,499600.0,9718180.0,32.99640176258362,-2.549697046720825,Residential,0.49299192,0.49299192,427,1836.0,3.344392994768573,False
34,52,500240.0,9718180.0,33.00215894245076,-2.5496970499560967,Industrial,0.9939493,0.00022540354,93,400.0,2.704826564722326,False
34,53,500880.0,9718180.0,33.00791612229591,-2.549697027309194,PermanentCrop,0.56059563,0.36367428,143,615.0,2.0655287427189326,False
34,54,501520.0,9718180.0,33.01367330206043,-2.54969697878012,Industrial,0.50775355,0.0004225672,104,447.0,1.4268606199515534,False
34,55,502160.0,9718180.0,33.01943048168571,-2.549696904368873,PermanentCrop,0.60508555,0.00010264383,35,150.0,0.7903502201802739,False
34,56,502800.0,9718180.0,33.0251876611131,-2.5496968040754604,Residential,0.6483416,0.6483416,165,710.0,0.18048742978247445,False
34,57,503440.0,9718180.0,33.03094484028397,-2.549696677899886,HerbaceousVegetation,0.8868974,0.049052596,78,335.0,0.5096056848976077,False
34,58,504080.0,9718180.0,33.03670201913969,-2.549696525842156,Residential,0.98442936,0.98442936,305,1312.0,0.731182585464548,False
34,59,504720.0,9718180.0,33.04245919762162,-2.549696347902278,Residential,0.9990859,0.9990859,566,2434.0,0.6116658724929007,False
34,60,505360.0,9718180.0,33.04821637567113,-2.549696144080261,Residential,0.9986772,0.9986772,564,2425.0,0.46539568066433534,False
34,61,506000.0,9718180.0,33.0539735532296,-2.5496959143761173,Residential,0.99801373,0.99801373,245,1054.0,0.9228853981778252,False
34,62,506640.0,9718180.0,33.05973073023837,-2.549695658789855,Residential,0.83691674,0.83691674,41,176.0,0.9726411271723562,False
34,63,507280.0,9718180.0,33.06548790663883,-2.54969537732149,Residential,0.6813508,0.6813508,49,211.0,0.7187195244542617,False
34,64,507920.0,9718180.0,33.071245082372336,-2.5496950699710346,HerbaceousVegetation,0.92914075,0.05306542,83,357.0,0.9519898882847487,False
34,65,508560.0,9718180.0,33.077002257380265,-2.549694736738505,HerbaceousVegetation,0.94374025,0.0032134508,54,232.0,1.4543767531011547,False
34,66,509200.0,9718180.0,33.08275943160397,-2.5496943776239185,HerbaceousVegetation,0.9714006,0.0011854656,24,103.0,2.0355192783478384,False
34,67,509840.0,9718180.0,33.08851660498483,-2.549693992627292,PermanentCrop,0.64244634,0.023723675,33,142.0,1.5102891317325695,False
34,68,510480.0,9718180.0,33.09427377746421,-2.5496935817486475,Industrial,0.54212123,0.00043123905,13,56.0,0.8704050128821611,False
34,69,511120.0,9718180.0,33.10003094898347,-2.549693144988002,Industrial,0.7556664,0.012027907,102,439.0,0.23116338696097988,False
34,70,511760.0,9718180.0,33.105788119484,-2.549692682345381,HerbaceousVegetation,0.8966658,0.021936165,49,211.0,0.41044870141364587,False
34,71,512400.0,9718180.0,33.11154528890713,-2.549692193820805,HerbaceousVegetation,0.8949925,0.015088984,88,378.0,0.74119800872758,False
34,72,513040.0,9718180.0,33.117302457194256,-2.5496916794143014,Residential,0.98797715,0.98797715,340,1462.0,0.3417750015157376,False
34,73,513680.0,9718180.0,33.12305962428674,-2.549691139125894,HerbaceousVegetation,0.9977537,0.00013004363,78,335.0,0.709539156904279,False
34,74,514320.0,9718180.0,33.12881679012594,-2.549690572955612,HerbaceousVegetation,0.9948278,0.0007600658,18,77.0,1.3073949207105664,False
34,75,514960.0,9718180.0,33.13457395465323,-2.549689980903481,HerbaceousVegetation,0.9804924,0.00049312646,25,108.0,1.932438134124645,False
34,76,515600.0,9718180.0,33.140331117809986,-2.549689362969535,HerbaceousVegetation,0.83701366,0.0018872613,58,249.0,2.564868964633183,False
34,77,516240.0,9718180.0,33.146088279537565,-2.5496887191538025,HerbaceousVegetation,0.99933666,9.2360517e-07,38,163.0,3.2003106832396515,False
34,78,516880.0,9718180.0,33.15184543977733,-2.549688049456316,HerbaceousVegetation,0.62081224,0.00047813906,24,103.0,2.9693277398638136,False
34,79,517520.0,9718180.0,33.15760259847067,-2.5496873538771108,HerbaceousVegetation,0.94081366,0.00014981545,24,103.0,2.412062252824861,False
34,80,518160.0,9718180.0,33.163359755558936,-2.54968663241622,HerbaceousVegetation,0.9824453,3.9579274e-05,11,47.0,1.9074541662331883,False
34,81,518800.0,9718180.0,33.1691169109835,-2.549685885073682,HerbaceousVegetation,0.9941875,2.3696068e-05,4,17.0,1.5092774698703184,False
34,82,519440.0,9718180.0,33.17487406468573,-2.549685111849533,HerbaceousVegetation,0.9718621,0.00028050828,3,13.0,1.3178222815827452,False
34,83,520080.0,9718180.0,33.18063121660699,-2.549684312743814,HerbaceousVegetation,0.96437234,0.00011569256,35,150.0,1.4193634667039143,False
34,84,520720.0,9718180.0,33.18638836668866,-2.549683487756563,HerbaceousVegetation,0.96912473,0.012649548,43,185.0,1.7640095621598983,False
34,85,521360.0,9718180.0,33.19214551487209,-2.549682636887824,HerbaceousVegetation,0.99382436,9.355883e-05,33,142.0,2.242335126641278,False
35,0,466960.0,9717540.0,32.70278560369465,-2.555452649361736,HerbaceousVegetation,0.823823,0.0009148369,18,77.0,4.122236859627693,False
35,1,467600.0,9717540.0,32.70854273269889,-2.5554539755674868,HerbaceousVegetation,0.9841719,0.00014717244,16,69.0,3.9266034291939333,False
35,2,468240.0,9717540.0,32.71429986467141,-2.555455275833892,Residential,0.68016404,0.68016404,15,64.0,3.786026079272766,False
35,3,468880.0,9717540.0,32.72005699955362,-2.5554565501608844,HerbaceousVegetation,0.98757416,0.0019945835,9,39.0,3.483834155558806,False
35,4,469520.0,9717540.0,32.72581413728686,-2.5554577985484,HerbaceousVegetation,0.82097983,0.04767769,44,189.0,3.2801535595064406,False
35,5,470160.0,9717540.0,32.73157127781251,-2.555459020996376,HerbaceousVegetation,0.954442,0.010286732,81,348.0,3.1938870243713073,False
35,6,470800.0,9717540.0,32.73732842107194,-2.555460217504751,HerbaceousVegetation,0.9500531,0.008054934,5,22.0,3.234442962080493,False
35,7,471440.0,9717540.0,32.74308556700651,-2.555461388073464,HerbaceousVegetation,0.99913824,4.4688142e-05,4,17.0,3.3972824765474923,False
35,8,472080.0,9717540.0,32.74884271555761,-2.5554625327024563,HerbaceousVegetation,0.9501097,0.0005628242,13,56.0,3.666147184165046,False
35,9,472720.0,9717540.0,32.754599866666574,-2.555463651391669,HerbaceousVegetation,0.9989297,8.919424e-06,8,34.0,4.019818668356313,False
35,10,473360.0,9717540.0,32.7603570202748,-2.555464744141048,HerbaceousVegetation,0.8676088,0.0013921777,0,0.0,4.438068169482141,False
35,11,474000.0,9717540.0,32.76611417632364,-2.555465810950535,HerbaceousVegetation,0.9939858,0.0010069347,0,0.0,4.059552720567602,False
35,12,474640.0,9717540.0,32.77187133475448,-2.5554668518200785,HerbaceousVegetation,0.8808493,0.0020685552,1,4.0,3.7525063943871926,False
35,13,475280.0,9717540.0,32.777628495508665,-2.555467866749625,HerbaceousVegetation,0.9761292,0.00063405,7,30.0,3.5357941383465348,False
35,14,475920.0,9717540.0,32.78338565852758,-2.555468855739123,HerbaceousVegetation,0.51894194,0.0016716308,0,0.0,3.426598333276701,False
35,15,476560.0,9717540.0,32.789142823752584,-2.555469818788523,HerbaceousVegetation,0.9881805,0.0012721415,22,95.0,3.435187343721389,False
35,16,477200.0,9717540.0,32.79489999112504,-2.555470755897776,HerbaceousVegetation,0.9707766,1.7488557e-05,18,77.0,3.545388694892851,False
35,17,477840.0,9717540.0,32.80065716058634,-2.555471667066836,HerbaceousVegetation,0.9580526,0.00045916226,10,43.0,3.6978822391102297,False
35,18,478480.0,9717540.0,32.80641433207782,-2.555472552295655,HerbaceousVegetation,0.9880123,0.0010481454,5,22.0,3.9494411137247942,False
35,19,479120.0,9717540.0,32.81217150554087,-2.555473411584189,HerbaceousVegetation,0.9965629,0.00012892693,7,30.0,4.282643712385213,False
35,20,479760.0,9717540.0,32.81792868091684,-2.555474244932395,HerbaceousVegetation,0.9751804,0.00032273168,9,39.0,4.680084318010248,False
35,21,480400.0,9717540.0,32.823685858147115,-2.555475052340232,SeaLake,0.99868613,3.40516e-05,0,0.0,5.1268451585881065,False
35,22,481040.0,9717540.0,32.82944303717306,-2.555475833807656,SeaLake,0.89345723,0.004596254,2,9.0,5.611157931888138,True
35,23,481680.0,9717540.0,32.83520021793602,-2.5554765893346305,SeaLake,0.60333264,0.0011188105,0,0.0,6.124119968864426,False
35,24,482320.0,9717540.0,32.840957400377384,-2.5554773189211164,SeaLake,0.99995315,9.691738e-07,0,0.0,6.659113863683131,False
35,25,482960.0,9717540.0,32.84671458443852,-2.555478022567076,SeaLake,0.99890304,1.7581262e-05,0,0.0,6.14129893529195,False
35,26,483600.0,9717540.0,32.852471770060774,-2.555478700272475,SeaLake,0.99952245,8.693143e-06,0,0.0,5.61141241454635,False
35,27,484240.0,9717540.0,32.85822895718553,-2.5554793520372785,SeaLake,0.9998145,3.4544305e-06,0,0.0,5.106813679745108,False
35,28,484880.0,9717540.0,32.86398614575415,-2.555479977861454,SeaLake,0.9999441,1.2983338e-06,0,0.0,4.6357677501292756,False
35,29,485520.0,9717540.0,32.869743335707994,-2.5554805777449694,SeaLake,0.99985754,6.614246e-07,0,0.0,4.209553338139988,False
35,30,486160.0,9717540.0,32.875500526988446,-2.555481151687794,SeaLake,0.9998467,5.3409934e-07,0,0.0,3.777130173394966,False
35,31,486800.0,9717540.0,32.88125771953686,-2.555481699689901,SeaLake,0.9985361,8.824592e-06,0,0.0,3.2759631562127125,False
35,32,487440.0,9717540.0,32.8870149132946,-2.5554822217512605,SeaLake,0.9995454,4.4795803e-07,0,0.0,2.831317159019036,False
35,33,488080.0,9717540.0,32.89277210820303,-2.555482717871846,SeaLake,0.9999976,9.363414e-08,0,0.0,2.2966786071092598,False
35,34,488720.0,9717540.0,32.898529304203535,-2.555483188051634,SeaLake,0.9984262,2.5068292e-05,0,0.0,1.6696239660584369,False
35,35,489360.0,9717540.0,32.904286501237465,-2.5554836322906,SeaLake,0.9993523,1.625887e-05,0,0.0,1.0581851216682652,False
35,36,490000.0,9717540.0,32.91004369924618,-2.555484050588721,River,0.60246086,0.0004197758,660,2838.0,0.5206412540353065,False
35,37,490640.0,9717540.0,32.915800898171064,-2.555484442945977,HerbaceousVegetation,0.9718051,0.0062193796,719,3092.0,0.49150674368398267,False
35,38,491280.0,9717540.0,32.921558097953465,-2.555484809362348,Residential,0.9154737,0.9154737,356,1531.0,1.0155247130278062,False
35,39,491920.0,9717540.0,32.92731529853477,-2.5554851498378146,Residential,0.8426588,0.8426588,360,1548.0,1.5171727595162392,False
35,40,492560.0,9717540.0,32.93307249985633,-2.55548546437236,Residential,0.6966213,0.6966213,208,894.0,1.310886572654738,False
35,41,493200.0,9717540.0,32.93882970185951,-2.5554857529659687,Residential,0.9996895,0.9996895,291,1251.0,0.8726102139119681,False
35,42,493840.0,9717540.0,32.94458690448568,-2.555486015618626,HerbaceousVegetation,0.46991128,0.2249247,488,2098.0,0.4337779723888136,False
35,43,494480.0,9717540.0,32.95034410767621,-2.5554862523303177,Residential,0.8573575,0.8573575,786,3380.0,0.6588460163315932,False
35,44,495120.0,9717540.0,32.95610131137245,-2.555486463101033,HerbaceousVegetation,0.9689839,0.010327369,581,2498.0,0.5039453739021902,False
35,45,495760.0,9717540.0,32.961858515515786,-2.5554866479307616,Residential,0.99593186,0.99593186,693,2980.0,0.8649228173807679,False
35,46,496400.0,9717540.0,32.967615720047576,-2.555486806819493,Residential,0.9786558,0.9786558,872,3750.0,1.4357653081803976,False
35,47,497040.0,9717540.0,32.97337292490918,-2.55548693976722,HerbaceousVegetation,0.4786097,0.3526034,947,4072.0,2.047914197500183,False
35,48,497680.0,9717540.0,32.979130130041966,-2.5554870467739343,Residential,0.7131602,0.7131602,667,2868.0,2.6731410551018975,False
35,49,498320.0,9717540.0,32.984887335387306,-2.555487127839633,Residential,0.861033,0.861033,875,3762.0,3.2735146226907816,False
35,50,498960.0,9717540.0,32.99064454088656,-2.55548718296431,Residential,0.9966961,0.9966961,705,3032.0,3.782992417352783,False
35,51,499600.0,9717540.0,32.9964017464811,-2.5554872121479635,Residential,0.99887925,0.99887925,715,3074.0,3.3842106996972894,False
35,52,500240.0,9717540.0,33.002158952112275,-2.555487215390592,Residential,0.9973521,0.9973521,243,1045.0,2.7539070975100253,False
35,53,500880.0,9717540.0,33.00791615772147,-2.555487192692194,Highway,0.7265769,0.0044002677,14,60.0,2.1293958165373033,False
35,54,501520.0,9717540.0,33.01367336325004,-2.555487144052773,Residential,0.5546355,0.5546355,126,542.0,1.5178434653339734,False
35,55,502160.0,9717540.0,33.01943056863936,-2.55548706947233,PermanentCrop,0.9690372,0.0019686695,101,434.0,0.9447597721259735,False
35,56,502800.0,9717540.0,33.02518777383077,-2.555486968950869,Residential,0.9998354,0.9998354,458,1969.0,0.5481726633078282,False
35,57,503440.0,9717540.0,33.030944978765675,-2.555486842488394,HerbaceousVegetation,0.6729213,0.28425422,335,1440.0,0.37361577058229284,False
35,58,504080.0,9717540.0,33.036702183385415,-2.5554866900849134,Residential,0.9999335,0.9999335,606,2606.0,0.27151573423680647,False
35,59,504720.0,9717540.0,33.04245938763136,-2.5554865117404333,Residential,0.9996084,0.9996084,783,3367.0,0.40414426371132645,False
35,60,505360.0,9717540.0,33.04821659144487,-2.555486307454964,Residential,0.9995391,0.9995391,651,2799.0,0.26249272860185735,False
35,61,506000.0,9717540.0,33.05397379476732,-2.555486077228515,Residential,0.99997854,0.99997854,575,2472.0,0.4647940465597705,False
35,62,506640.0,9717540.0,33.05973099754008,-2.555485821061098,PermanentCrop,0.7815238,0.07336914,93,400.0,0.6602154530720807,False
35,63,507280.0,9717540.0,33.06548819970451,-2.555485538952726,Residential,0.40000197,0.40000197,138,593.0,0.08007144959235607,False
35,64,507920.0,9717540.0,33.07124540120196,-2.555485230903413,Residential,0.86886626,0.86886626,119,512.0,0.6293952888324393,False
35,65,508560.0,9717540.0,33.077002601973824,-2.5554848969131747,Residential,0.8579829,0.8579829,119,512.0,1.2669117657394764,False
35,66,509200.0,9717540.0,33.08275980196145,-2.5554845369820285,Industrial,0.59758806,0.07949845,99,426.0,1.9060934958007087,False
35,67,509840.0,9717540.0,33.08851700110621,-2.5554841511099924,HerbaceousVegetation,0.48769385,0.23021416,11,47.0,1.6487871624636659,False
35,68,510480.0,9717540.0,33.09427419934947,-2.555483739297086,HerbaceousVegetation,0.9602583,0.00065437943,7,30.0,1.0932203493010288,False
35,69,511120.0,9717540.0,33.100031396632595,-2.5554833015433287,HerbaceousVegetation,0.4418368,0.11712446,59,254.0,0.7006870607815876,False
35,70,511760.0,9717540.0,33.10578859289695,-2.555482837848744,Residential,0.5146656,0.5146656,84,361.0,0.7784561530154519,False
35,71,512400.0,9717540.0,33.1115457880839,-2.555482348213355,HerbaceousVegetation,0.94496495,0.014546316,17,73.0,1.1814581404855753,False
35,72,513040.0,9717540.0,33.11730298213481,-2.555481832637187,HerbaceousVegetation,0.9809269,0.00010121303,17,73.0,0.9814677790121212,False
35,73,513680.0,9717540.0,33.123060174991046,-2.5554812911202647,HerbaceousVegetation,0.9947293,0.000107436026,10,43.0,1.1618582808407998,False
35,74,514320.0,9717540.0,33.12881736659398,-2.555480723662616,Highway,0.71896535,0.027670633,61,262.0,1.5986714259902477,False
35,75,514960.0,9717540.0,33.13457455688498,-2.5554801302642707,Pasture,0.5112539,0.0037722003,12,52.0,2.140277082949085,False
35,76,515600.0,9717540.0,33.14033174580541,-2.5554795109252577,HerbaceousVegetation,0.5744409,0.0020907163,28,120.0,2.7248892923046246,False
35,77,516240.0,9717540.0,33.146088933296625,-2.5554788656456084,HerbaceousVegetation,0.97992355,0.0011143176,27,116.0,3.32993353069333,False
35,78,516880.0,9717540.0,33.151846119300004,-2.5554781944253544,HerbaceousVegetation,0.98692524,1.5853102e-05,6,26.0,3.302752408311787,False
35,79,517520.0,9717540.0,33.157603303756915,-2.555477497264532,HerbaceousVegetation,0.91893476,0.012262498,37,159.0,2.8123496502723677,False
35,80,518160.0,9717540.0,33.16336048660872,-2.5554767741631745,HerbaceousVegetation,0.71072024,0.04600465,14,60.0,2.3936682393692137,False
35,81,518800.0,9717540.0,33.169117667796776,-2.5554760251213184,HerbaceousVegetation,0.996985,3.120419e-05,0,0.0,2.0902594874662603,False
35,82,519440.0,9717540.0,33.174874847262465,-2.555475250139003,HerbaceousVegetation,0.9822135,0.0014540087,24,103.0,1.9565075542201504,False
35,83,520080.0,9717540.0,33.18063202494715,-2.555474449216266,HerbaceousVegetation,0.97637105,0.00045811737,13,56.0,2.0262919075242634,False
35,84,520720.0,9717540.0,33.1863892007922,-2.5554736223531487,HerbaceousVegetation,0.7851144,0.0066081905,18,77.0,2.281007667518047,False
35,85,521360.0,9717540.0,33.19214637473898,-2.555472769549692,HerbaceousVegetation,0.97118604,0.0013841821,42,181.0,2.668207837492035,False
36,0,466960.0,9716900.0,32.70278427062883,-2.561242735853728,HerbaceousVegetation,0.99194044,0.0009880906,0,0.0,3.537410437764109,False
36,1,467600.0,9716900.0,32.708541425454044,-2.561244065068208,HerbaceousVegetation,0.971376,0.0017102527,2,9.0,3.307363053625476,False
36,2,468240.0,9716900.0,32.71429858324761,-2.5612453682844927,HerbaceousVegetation,0.99707735,0.00028390897,4,17.0,3.191117066447297,False
36,3,468880.0,9716900.0,32.72005574395092,-2.561246645502518,HerbaceousVegetation,0.99692386,4.6810375e-05,7,30.0,3.201094483931328,False
36,4,469520.0,9716900.0,32.72581290750532,-2.5612478967222176,HerbaceousVegetation,0.88407356,0.020152843,2,9.0,3.3361630143534566,False
36,5,470160.0,9716900.0,32.731570073852204,-2.5612491219435305,HerbaceousVegetation,0.6117328,0.09563504,135,580.0,3.5822006394986188,False
36,6,470800.0,9716900.0,32.73732724293292,-2.561250321166393,HerbaceousVegetation,0.9951448,0.0004896254,12,52.0,3.867387282521224,False
36,7,471440.0,9716900.0,32.743084414688845,-2.5612514943907447,HerbaceousVegetation,0.9586252,7.023458e-05,14,60.0,4.004571305834313,False
36,8,472080.0,9716900.0,32.74884158906134,-2.561252641616527,HerbaceousVegetation,0.9982811,3.5044763e-05,8,34.0,4.235055878499853,False
36,9,472720.0,9716900.0,32.75459876599177,-2.561253762843682,HerbaceousVegetation,0.9426256,0.0014598216,3,13.0,4.446626899331364,False
36,10,473360.0,9716900.0,32.76035594542152,-2.5612548580721524,HerbaceousVegetation,0.9816498,0.00013439305,0,0.0,3.966790482330295,False
36,11,474000.0,9716900.0,32.76611312729194,-2.561255927301883,HerbaceousVegetation,0.7806303,0.0050329925,0,0.0,3.5380167720850557,False
36,12,474640.0,9716900.0,32.7718703115444,-2.5612569705328205,HerbaceousVegetation,0.7663431,0.056950506,13,56.0,3.1810216328098284,False
36,13,475280.0,9716900.0,32.77762749812027,-2.561257987764911,HerbaceousVegetation,0.999432,3.4072336e-06,4,17.0,2.9222310957987316,False
36,14,475920.0,9716900.0,32.78338468696091,-2.5612589789981035,HerbaceousVegetation,0.86009413,0.0006664524,1,4.0,2.78911644183279,False
36,15,476560.0,9716900.0,32.78914187800769,-2.56125994423235,HerbaceousVegetation,0.9989467,4.5498514e-06,12,52.0,2.799661850108143,False
36,16,477200.0,9716900.0,32.794899071201975,-2.561260883467599,HerbaceousVegetation,0.9580597,1.2703653e-05,16,69.0,2.952328305558157,False
36,17,477840.0,9716900.0,32.80065626648514,-2.561261796703804,HerbaceousVegetation,0.99002224,0.00020519918,2,9.0,3.2270076499210294,False
36,18,478480.0,9716900.0,32.80641346379854,-2.561262683940919,HerbaceousVegetation,0.96732026,0.00021556254,0,0.0,3.595846815632973,False
36,19,479120.0,9716900.0,32.81217066308356,-2.561263545178899,Forest,0.5054522,0.00027140454,0,0.0,4.0330943790527325,False
36,20,479760.0,9716900.0,32.817927864281536,-2.561264380417701,HerbaceousVegetation,0.9071867,0.029118221,1,4.0,4.518936403535204,False
36,21,480400.0,9716900.0,32.823685067333855,-2.561265189657282,SeaLake,0.57673657,0.0005846576,7,30.0,5.039337473125276,True
36,22,481040.0,9716900.0,32.82944227218187,-2.561265972897602,HerbaceousVegetation,0.9874624,1.9020252e-05,4,17.0,5.584644851455962,True
36,23,481680.0,9716900.0,32.83519947876697,-2.5612667301386205,HerbaceousVegetation,0.9798665,0.006501061,26,112.0,6.148235036637956,True
36,24,482320.0,9716900.0,32.84095668703049,-2.5612674613803,HerbaceousVegetation,0.9984377,3.4167573e-05,13,56.0,6.725513364390221,True
36,25,482960.0,9716900.0,32.84671389691382,-2.561268166622604,SeaLake,0.9997178,4.11439e-06,0,0.0,6.506698307480289,False
36,26,483600.0,9716900.0,32.85247110835831,-2.561268845865495,SeaLake,0.9996166,7.846779e-06,0,0.0,6.0091196974327055,False
36,27,484240.0,9716900.0,32.858228321305326,-2.5612694991089406,SeaLake,0.9997662,3.8293497e-06,0,0.0,5.540858797296734,False
36,28,484880.0,9716900.0,32.86398553569625,-2.561270126352908,SeaLake,0.99996734,1.2247052e-06,0,0.0,5.109981691267345,False
36,29,485520.0,9716900.0,32.86974275147243,-2.561270727597363,SeaLake,0.9999107,5.7795813e-07,0,0.0,4.6718395072714225,False
36,30,486160.0,9716900.0,32.875499968575234,-2.5612713028422776,SeaLake,0.9999502,6.0873504e-08,0,0.0,4.179964908440567,False
36,31,486800.0,9716900.0,32.88125718694603,-2.5612718520876223,SeaLake,0.99996567,9.802121e-07,0,0.0,3.5517310138842846,False
36,32,487440.0,9716900.0,32.887014406526184,-2.561272375333368,SeaLake,0.9998243,1.1849976e-05,7,30.0,2.913641151320949,False
36,33,488080.0,9716900.0,32.89277162725706,-2.5612728725794907,SeaLake,0.8857933,0.07997837,45,194.0,2.2766238868891446,False
36,34,488720.0,9716900.0,32.89852884908002,-2.561273343825963,SeaLake,0.99993396,8.794153e-06,0,0.0,1.6419281001425163,False
36,35,489360.0,9716900.0,32.90428607193644,-2.5612737890727626,SeaLake,0.9999981,7.251529e-08,0,0.0,1.0139228026437657,False
36,36,490000.0,9716900.0,32.910043295767665,-2.5612742083198667,HerbaceousVegetation,0.34488416,0.09559578,225,968.0,0.423498540026249,False
36,37,490640.0,9716900.0,32.91580052051508,-2.561274601567253,HerbaceousVegetation,0.6269337,0.06834836,594,2554.0,0.2727459580233227,False
36,38,491280.0,9716900.0,32.92155774612003,-2.561274968814904,HerbaceousVegetation,0.770806,0.0023025789,921,3960.0,0.8483818940518725,False
36,39,491920.0,9716900.0,32.927314972523895,-2.561275310062798,HerbaceousVegetation,0.97505355,0.013064068,477,2051.0,1.0210301824079873,False
36,40,492560.0,9716900.0,32.93307219966804,-2.56127562531092,HerbaceousVegetation,0.6122066,0.3727434,301,1294.0,0.677578820165192,False
36,41,493200.0,9716900.0,32.938829427493815,-2.5612759145592534,HerbaceousVegetation,0.94046485,0.028144542,175,752.0,0.8003052946130664,False
36,42,493840.0,9716900.0,32.944586655942594,-2.561276177807784,Residential,0.69849634,0.69849634,320,1376.0,0.2592360092501938,False
36,43,494480.0,9716900.0,32.95034388495575,-2.561276415056497,Residential,0.7106204,0.7106204,539,2318.0,0.5595695241864286,False
36,44,495120.0,9716900.0,32.95610111447463,-2.561276626305383,Residential,0.6504806,0.6504806,418,1797.0,1.1415114473279389,False
36,45,495760.0,9716900.0,32.96185834444061,-2.5612768115544293,HerbaceousVegetation,0.76965576,0.057101265,563,2421.0,1.3405890214861498,False
36,46,496400.0,9716900.0,32.96761557479505,-2.561276970803628,Residential,0.9331031,0.9331031,652,2804.0,1.7636636483971821,False
36,47,497040.0,9716900.0,32.973372805479315,-2.561277104052969,HerbaceousVegetation,0.68369526,0.16693026,683,2937.0,2.2897685483092234,False
36,48,497680.0,9716900.0,32.97913003643477,-2.561277211302448,Residential,0.9679824,0.9679824,650,2795.0,2.862650964573675,False
36,49,498320.0,9716900.0,32.98488726760277,-2.561277292552058,Residential,0.79339,0.79339,892,3836.0,3.459147450618875,False
36,50,498960.0,9716900.0,32.9906444989247,-2.5612773478017954,Residential,0.9876148,0.9876148,780,3354.0,4.068885796538351,False
36,51,499600.0,9716900.0,32.996401730341915,-2.5612773770516566,Residential,0.8709937,0.8709937,461,1982.0,3.541186187767332,False
36,52,500240.0,9716900.0,33.00215896179578,-2.5612773803016413,Residential,0.99738306,0.99738306,408,1754.0,2.944676868215697,False
36,53,500880.0,9716900.0,33.00791619322764,-2.561277357551748,Residential,0.86167645,0.86167645,129,555.0,2.3709584770668344,False
36,54,501520.0,9716900.0,33.0136734245789,-2.56127730880198,HerbaceousVegetation,0.9931787,0.00021288067,31,133.0,1.8414576676496146,False
36,55,502160.0,9716900.0,33.019430655790885,-2.561277234052338,HerbaceousVegetation,0.39941642,0.005018783,38,163.0,1.3943228277025637,False
36,56,502800.0,9716900.0,33.02518788680497,-2.561277133302827,HerbaceousVegetation,0.9690356,0.0006588429,135,580.0,0.9824957298834879,False
36,57,503440.0,9716900.0,33.03094511756253,-2.5612770065534503,Residential,0.9706368,0.9706368,44,189.0,0.7056072311699559,False
36,58,504080.0,9716900.0,33.03670234800492,-2.561276853804215,HerbaceousVegetation,0.56401944,0.43377358,190,817.0,0.6572774258938788,False
36,59,504720.0,9716900.0,33.04245957807352,-2.56127667505513,Residential,0.9940181,0.9940181,489,2103.0,0.8302831925063574,False
36,60,505360.0,9716900.0,33.04821680770967,-2.561276470306203,Residential,0.9993775,0.9993775,417,1793.0,0.2422477199224869,False
36,61,506000.0,9716900.0,33.053974036854754,-2.5612762395574453,Residential,0.9998797,0.9998797,320,1376.0,0.48009934413324856,False
36,62,506640.0,9716900.0,33.05973126545012,-2.561275982808868,Residential,0.5516807,0.5516807,82,353.0,0.8630979820873376,False
36,63,507280.0,9716900.0,33.06548849343715,-2.5612757000604844,HerbaceousVegetation,0.6647941,0.20164607,95,408.0,0.5616628163301204,False
36,64,507920.0,9716900.0,33.0712457207572,-2.561275391312308,HerbaceousVegetation,0.77530617,0.17073841,9,39.0,0.839757174314415,False
36,65,508560.0,9716900.0,33.07700294735163,-2.5612750565643543,HerbaceousVegetation,0.93489665,0.00064719777,33,142.0,1.383516933173273,False
36,66,509200.0,9716900.0,33.08276017316181,-2.561274695816642,Residential,0.5449321,0.5449321,11,47.0,1.985509027162009,False
36,67,509840.0,9716900.0,33.0885173981291,-2.561274309069187,PermanentCrop,0.77128166,0.015008353,7,30.0,1.9937966177071462,False
36,68,510480.0,9716900.0,33.094274622194874,-2.561273896322012,HerbaceousVegetation,0.49827397,0.46220085,22,95.0,1.5658405339629358,False
36,69,511120.0,9716900.0,33.100031845300485,-2.5612734575751337,Pasture,0.35684416,0.08840434,38,163.0,1.3220015895687147,False
36,70,511760.0,9716900.0,33.105789067387306,-2.5612729928285773,Pasture,0.8388118,0.040211104,35,150.0,1.3648149427094816,False
36,71,512400.0,9716900.0,33.1115462883967,-2.561272502082365,Pasture,0.44587132,0.3681684,8,34.0,1.6027520586405781,False
36,72,513040.0,9716900.0,33.117303508270034,-2.561271985336522,HerbaceousVegetation,0.67347825,0.047040407,10,43.0,1.6214030500825172,False
36,73,513680.0,9716900.0,33.123060726948665,-2.5612714425910745,HerbaceousVegetation,0.9923966,0.0002968875,22,95.0,1.7365435538264633,False
36,74,514320.0,9716900.0,33.12881794437397,-2.56127087384605,Pasture,0.9845318,0.00046429675,5,22.0,2.054609251866543,False
36,75,514960.0,9716900.0,33.1345751604873,-2.5612702791014765,HerbaceousVegetation,0.76024354,0.0027255032,6,26.0,2.499290867701266,False
36,76,515600.0,9716900.0,33.14033237523003,-2.5612696583573844,Pasture,0.9257783,6.8052395e-05,43,185.0,3.0150771971699664,False
36,77,516240.0,9716900.0,33.146089588543525,-2.5612690116138057,HerbaceousVegetation,0.9992748,9.406979e-07,6,26.0,3.571291946678912,False
36,78,516880.0,9716900.0,33.15184680036914,-2.561268338870773,HerbaceousVegetation,0.668658,0.0018625823,0,0.0,3.717343098840067,False
36,79,517520.0,9716900.0,33.15760401064826,-2.5612676401283188,HerbaceousVegetation,0.98733133,0.0032689888,30,129.0,3.2893429129951888,False
36,80,518160.0,9716900.0,33.16336121932223,-2.56126691538648,HerbaceousVegetation,0.8822571,0.0011274407,11,47.0,2.9394070633461906,False
36,81,518800.0,9716900.0,33.16911842633243,-2.5612661646452923,HerbaceousVegetation,0.7967221,0.004322259,0,0.0,2.6980828320915715,False
36,82,519440.0,9716900.0,33.17487563162022,-2.5612653879047937,HerbaceousVegetation,0.8378449,0.02511193,14,60.0,2.595840529309356,False
36,83,520080.0,9716900.0,33.18063283512696,-2.561264585165025,HerbaceousVegetation,0.9979595,0.0001888371,7,30.0,2.6488346755475094,False
36,84,520720.0,9716900.0,33.18639003679402,-2.561263756426024,HerbaceousVegetation,0.75817114,0.0008743006,0,0.0,2.8484139838093556,False
36,85,521360.0,9716900.0,33.19214723656277,-2.561262901687834,HerbaceousVegetation,0.9718643,0.0031631726,34,146.0,3.166985839554463,False
37,0,466960.0,9716260.0,32.70278293453603,-2.567032821820417,HerbaceousVegetation,0.934323,0.006570458,2,9.0,2.9753837539940524,False
37,1,467600.0,9716260.0,32.70854011524083,-2.5670341540436503,HerbaceousVegetation,0.99950993,0.00020460103,0,0.0,2.697829914360079,False
37,2,468240.0,9716260.0,32.71429729891408,-2.5670354602098424,HerbaceousVegetation,0.9942711,0.00020842752,3,13.0,2.553989821847472,False
37,3,468880.0,9716260.0,32.72005448549712,-2.567036740318925,Forest,0.38991174,0.14847507,8,34.0,2.5664453575684893,False
37,4,469520.0,9716260.0,32.725811674931315,-2.5670379943708337,HerbaceousVegetation,0.9921942,0.0002864486,3,13.0,2.733060470730427,False
37,5,470160.0,9716260.0,32.73156886715806,-2.5670392223655063,HerbaceousVegetation,0.99682057,0.00015220555,9,39.0,3.028497531772742,False
37,6,470800.0,9716260.0,32.7373260621187,-2.5670404243028804,HerbaceousVegetation,0.99565196,4.7747826e-06,0,0.0,3.4195284855134576,False
37,7,471440.0,9716260.0,32.743083259754606,-2.5670416001828933,HerbaceousVegetation,0.98576444,0.000989978,4,17.0,3.8773383688456096,False
37,8,472080.0,9716260.0,32.74884046000714,-2.567042750005488,HerbaceousVegetation,0.9948252,0.00011298213,10,43.0,4.38104218078378,False
37,9,472720.0,9716260.0,32.75459766281767,-2.567043873770606,HerbaceousVegetation,0.9822817,0.00538741,8,34.0,4.0779020550210126,False
37,10,473360.0,9716260.0,32.760354868127564,-2.56704497147819,HerbaceousVegetation,0.87804174,0.00025613818,5,22.0,3.548551974988326,False
37,11,474000.0,9716260.0,32.76611207587819,-2.5670460431281845,HerbaceousVegetation,0.89885277,0.0010400902,5,22.0,3.061757186329853,False
37,12,474640.0,9716260.0,32.77186928601091,-2.567047088720536,HerbaceousVegetation,0.99372333,4.4170232e-05,8,34.0,2.641153728371646,False
37,13,475280.0,9716260.0,32.777626498467086,-2.567048108255192,HerbaceousVegetation,0.9655565,0.0066477447,14,60.0,2.322978468634695,False
37,14,475920.0,9716260.0,32.783383713188094,-2.5670491017320987,HerbaceousVegetation,0.962925,0.00023929322,4,17.0,2.153129098449357,False
37,15,476560.0,9716260.0,32.78914093011529,-2.5670500691512084,HerbaceousVegetation,0.90970427,0.018102499,9,39.0,2.1667719915667845,False
37,16,477200.0,9716260.0,32.79489814919003,-2.567051010512471,Highway,0.76817286,0.0027346602,16,69.0,2.360728025903712,False
37,17,477840.0,9716260.0,32.80065537035371,-2.56705192581584,HerbaceousVegetation,0.9799849,0.0030614017,4,17.0,2.6963628763829592,False
37,18,478480.0,9716260.0,32.806412593547655,-2.567052815061268,HerbaceousVegetation,0.9937623,6.0646977e-05,5,22.0,3.1284035401439394,False
37,19,479120.0,9716260.0,32.812169818713265,-2.56705367824871,HerbaceousVegetation,0.9298058,0.00062628795,5,22.0,3.622519103998498,False
37,20,479760.0,9716260.0,32.81792704579188,-2.567054515378124,HerbaceousVegetation,0.9972446,5.085821e-05,14,60.0,4.156630920310707,False
37,21,480400.0,9716260.0,32.82368427472488,-2.567055326449466,HerbaceousVegetation,0.70877737,0.06708333,0,0.0,4.717172517147531,False
37,22,481040.0,9716260.0,32.82944150545362,-2.567056111462696,HerbaceousVegetation,0.9917569,0.0001671944,38,163.0,5.295757972696724,True
37,23,481680.0,9716260.0,32.83519873791948,-2.5670568704177747,HerbaceousVegetation,0.80586064,0.017944638,31,133.0,5.887069598215216,True
37,24,482320.0,9716260.0,32.8409559720638,-2.567057603314662,SeaLake,0.9544629,0.00080560154,2,9.0,6.48762856543736,True
37,25,482960.0,9716260.0,32.84671320782795,-2.567058310153323,SeaLake,0.9994617,8.812629e-06,0,0.0,6.912155460962643,False
37,26,483600.0,9716260.0,32.852470445153315,-2.5670589909337207,SeaLake,0.999734,3.6388435e-06,0,0.0,6.445951426284762,False
37,27,484240.0,9716260.0,32.858227683981234,-2.567059645655821,SeaLake,0.99974126,4.039676e-06,0,0.0,6.011812244534043,False
37,28,484880.0,9716260.0,32.86398492425308,-2.5670602743195907,SeaLake,0.9999579,1.0895778e-06,0,0.0,5.534793781338042,False
37,29,485520.0,9716260.0,32.86974216591023,-2.5670608769249985,SeaLake,0.9971854,1.1512562e-05,0,0.0,4.904166979785827,False
37,30,486160.0,9716260.0,32.87549940889403,-2.567061453472013,SeaLake,0.9999244,1.2636165e-06,0,0.0,4.276326148612266,False
37,31,486800.0,9716260.0,32.88125665314585,-2.567062003960607,SeaLake,0.99975806,7.557923e-06,0,0.0,3.639530746702155,False
37,32,487440.0,9716260.0,32.88701389860705,-2.567062528390751,SeaLake,0.99994135,1.2586587e-06,0,0.0,3.002804089929995,False
37,33,488080.0,9716260.0,32.89277114521901,-2.5670630267624186,Residential,0.50679517,0.50679517,70,301.0,2.3678430583149432,False
37,34,488720.0,9716260.0,32.89852839292306,-2.5670634990755854,HerbaceousVegetation,0.9968538,0.0006219689,57,245.0,1.7365854701454302,False
37,35,489360.0,9716260.0,32.90428564166059,-2.567063945330226,Pasture,0.4785685,0.022363817,67,288.0,1.1153373666430193,False
37,36,490000.0,9716260.0,32.91004289137297,-2.567064365526321,HerbaceousVegetation,0.9763306,0.014129916,1105,4752.0,0.5398386682520482,False
37,37,490640.0,9716260.0,32.915800142001544,-2.567064759663846,HerbaceousVegetation,0.5844004,0.402689,1044,4489.0,0.39758537957287204,False
37,38,491280.0,9716260.0,32.92155739348768,-2.5670651277427825,Industrial,0.9882212,0.0028592101,179,770.0,0.8268428309305405,False
37,39,491920.0,9716260.0,32.92731464577275,-2.5670654697631115,River,0.8294543,0.00011034857,371,1595.0,0.7761392172529715,False
37,40,492560.0,9716260.0,32.933071898798104,-2.5670657857248163,Highway,0.47313097,0.059544664,507,2180.0,0.13784958725517213,False
37,41,493200.0,9716260.0,32.938829152505114,-2.5670660756278805,HerbaceousVegetation,0.9822344,0.010261882,491,2111.0,0.504789988861494,False
37,42,493840.0,9716260.0,32.94458640683515,-2.567066339472289,HerbaceousVegetation,0.81778044,0.17742987,267,1148.0,0.8748961582120376,False
37,43,494480.0,9716260.0,32.950343661729555,-2.567066577258029,Residential,0.9516477,0.9516477,395,1698.0,1.0056629811027362,False
37,44,495120.0,9716260.0,32.95610091712971,-2.567066788985089,Residential,0.88602096,0.88602096,502,2159.0,1.4409971462382227,False
37,45,495760.0,9716260.0,32.96185817297697,-2.5670669746534576,Residential,0.69296104,0.69296104,519,2232.0,1.9145407723609595,False
37,46,496400.0,9716260.0,32.96761542921269,-2.5670671342631257,HerbaceousVegetation,0.89927703,0.10008671,436,1875.0,2.2313217852163247,False
37,47,497040.0,9716260.0,32.97337268577826,-2.5670672678140845,Residential,0.9127982,0.9127982,297,1277.0,2.666707229774096,False
37,48,497680.0,9716260.0,32.97912994261502,-2.567067375306329,Residential,0.8818171,0.8818171,444,1909.0,3.172232335355956,False
37,49,498320.0,9716260.0,32.984887199664335,-2.5670674567398515,HerbaceousVegetation,0.6571148,0.24108432,438,1883.0,3.7194070131711006,False
37,50,498960.0,9716260.0,32.99064445686758,-2.567067512114651,Residential,0.9960485,0.9960485,889,3823.0,4.291216524762224,False
37,51,499600.0,9716260.0,32.9964017141661,-2.5670675414307205,Residential,0.97309744,0.97309744,505,2172.0,3.652355537701552,False
37,52,500240.0,9716260.0,33.002158971501274,-2.567067544688061,Residential,0.9754152,0.9754152,274,1178.0,3.0139778839875397,False
37,53,500880.0,9716260.0,33.00791622881445,-2.567067521886673,Residential,0.9732452,0.9732452,299,1286.0,2.37647310032174,False
37,54,501520.0,9716260.0,33.01367348604701,-2.567067473026557,HerbaceousVegetation,0.6924459,0.26488453,73,314.0,1.740800421627832,False
37,55,502160.0,9716260.0,33.01943074314031,-2.567067398107715,HerbaceousVegetation,0.96707803,0.0063119614,120,516.0,1.110111624714584,False
37,56,502800.0,9716260.0,33.025188000035705,-2.567067297130151,HerbaceousVegetation,0.95415086,0.012965349,25,108.0,0.5034972996087146,False
37,57,503440.0,9716260.0,33.03094525667456,-2.56706717009387,PermanentCrop,0.5216634,0.06552894,61,262.0,0.30638414139782505,False
37,58,504080.0,9716260.0,33.03670251299825,-2.5670670169988785,Residential,0.97957325,0.97957325,212,912.0,0.8680051575232126,False
37,59,504720.0,9716260.0,33.04245976894812,-2.5670668378451835,Residential,0.981339,0.981339,245,1054.0,1.1465954168284824,False
37,60,505360.0,9716260.0,33.04821702446555,-2.567066632632796,Residential,0.99942786,0.99942786,245,1054.0,0.8168797171686987,False
37,61,506000.0,9716260.0,33.05397427949189,-2.5670664013617244,Residential,0.9991228,0.9991228,388,1668.0,0.9160261430500468,False
37,62,506640.0,9716260.0,33.05973153396851,-2.567066144031982,Residential,0.81879157,0.81879157,79,340.0,0.6665333924601747,False
37,63,507280.0,9716260.0,33.06548878783677,-2.56706586064358,HerbaceousVegetation,0.7001993,0.2398346,152,654.0,0.2705296241750195,False
37,64,507920.0,9716260.0,33.071246041038044,-2.567065551196534,Residential,0.90150845,0.90150845,28,120.0,0.7220150911498218,False
37,65,508560.0,9716260.0,33.07700329351368,-2.56706521569086,HerbaceousVegetation,0.98054457,0.0060641747,26,112.0,1.337394970134064,False
37,66,509200.0,9716260.0,33.08276054520504,-2.5670648541265737,HerbaceousVegetation,0.9799627,0.013061403,8,34.0,1.9685387525857094,False
37,67,509840.0,9716260.0,33.0885177960535,-2.567064466503694,HerbaceousVegetation,0.99481046,0.00012390313,0,0.0,2.459908697178805,False
37,68,510480.0,9716260.0,33.094275046000426,-2.56706405282224,HerbaceousVegetation,0.99039924,0.001289206,22,95.0,2.1278586474380297,False
37,69,511120.0,9716260.0,33.100032294987166,-2.567063613082233,HerbaceousVegetation,0.9909221,0.0006585885,9,39.0,1.7337887980404643,False
37,70,511760.0,9716260.0,33.105789542955094,-2.567063147283696,HerbaceousVegetation,0.9565639,0.0030859094,12,52.0,1.249996796829816,False
37,71,512400.0,9716260.0,33.11154678984557,-2.5670626554266507,HerbaceousVegetation,0.7856141,0.0049092686,11,47.0,0.9685867993933236,False
37,72,513040.0,9716260.0,33.11730403559996,-2.567062137511124,HerbaceousVegetation,0.836826,0.06452783,46,198.0,1.0644382480131032,False
37,73,513680.0,9716260.0,33.12306128015962,-2.56706159353714,HerbaceousVegetation,0.9976278,0.00021849664,38,163.0,1.4652976420193295,False
37,74,514320.0,9716260.0,33.12881852346592,-2.567061023504728,HerbaceousVegetation,0.92185825,0.0018892612,16,69.0,1.9950853554626704,False
37,75,514960.0,9716260.0,33.13457576546023,-2.567060427413915,HerbaceousVegetation,0.73090845,0.0064996188,66,284.0,2.5754288907783516,False
37,76,515600.0,9716260.0,33.1403330060839,-2.567059805264733,HerbaceousVegetation,0.99109906,0.0011401037,9,39.0,3.1787579913120174,False
37,77,516240.0,9716260.0,33.1460902452783,-2.567059157057212,HerbaceousVegetation,0.98609376,7.895884e-05,12,52.0,3.7941231876685575,False
37,78,516880.0,9716260.0,33.1518474829848,-2.567058482791386,HerbaceousVegetation,0.9736375,0.00027124575,4,17.0,4.189069820184241,False
37,79,517520.0,9716260.0,33.15760471914475,-2.567057782467288,HerbaceousVegetation,0.9927423,0.000117450254,31,133.0,3.814373217601581,False
37,80,518160.0,9716260.0,33.16336195369953,-2.5670570560849533,HerbaceousVegetation,0.9042191,0.0030622508,36,155.0,3.517069821304951,False
37,81,518800.0,9716260.0,33.16911918659049,-2.567056303644419,Forest,0.54969496,0.0031383506,3,13.0,3.318029115711892,False
37,82,519440.0,9716260.0,33.17487641775901,-2.567055525145724,HerbaceousVegetation,0.9943988,0.0010394107,14,60.0,3.235437265268737,False
37,83,520080.0,9716260.0,33.18063364714644,-2.567054720588905,HerbaceousVegetation,0.79713726,0.010454699,4,17.0,3.2781078966787294,False
37,84,520720.0,9716260.0,33.18639087469415,-2.5670538899740056,HerbaceousVegetation,0.72699785,0.001384404,9,39.0,3.4413846729253104,False
37,85,521360.0,9716260.0,33.19214810034351,-2.5670530333010664,HerbaceousVegetation,0.9384244,0.00065126485,30,129.0,3.709375358712441,False
38,0,466960.0,9715620.0,32.702781595416155,-2.572822907260619,HerbaceousVegetation,0.946178,0.01239732,9,39.0,2.4518858786373023,False
38,1,467600.0,9715620.0,32.708538802059195,-2.5728242424926338,HerbaceousVegetation,0.8636906,0.0027053792,9,39.0,2.1064477503952923,False
38,2,468240.0,9715620.0,32.71429601167074,-2.5728255516087564,HerbaceousVegetation,0.9920338,8.536659e-05,0,0.0,1.9187756222210448,False
38,3,468880.0,9715620.0,32.72005322419215,-2.572826834608922,HerbaceousVegetation,0.99691486,0.00024049683,23,99.0,1.9353236555455338,False
38,4,469520.0,9715620.0,32.72581043956478,-2.572828091493064,HerbaceousVegetation,0.99644345,5.9051754e-06,19,82.0,2.151384534433233,False
38,5,470160.0,9715620.0,32.73156765773002,-2.5728293222611205,PermanentCrop,0.61089027,0.0022546868,0,0.0,2.5160749548220673,False
38,6,470800.0,9715620.0,32.73732487862922,-2.572830526913028,HerbaceousVegetation,0.9968376,4.823426e-05,1,4.0,2.9752329222377263,False
38,7,471440.0,9715620.0,32.74308210220373,-2.572831705448726,HerbaceousVegetation,0.9111447,0.0007797135,17,73.0,3.4917887543280175,False
38,8,472080.0,9715620.0,32.748839328394936,-2.572832857868156,HerbaceousVegetation,0.99139225,0.0010688732,24,103.0,4.043805938486166,False
38,9,472720.0,9715620.0,32.754596557144204,-2.572833984171259,HerbaceousVegetation,0.98357636,8.9605186e-05,1,4.0,3.782232086854526,False
38,10,473360.0,9715620.0,32.760353788392884,-2.572835084357978,HerbaceousVegetation,0.975519,0.0015611742,21,90.0,3.2044056403147354,False
38,11,474000.0,9715620.0,32.76611102208235,-2.5728361584282573,HerbaceousVegetation,0.89669186,0.00037196078,5,22.0,2.6552497917389686,False
38,12,474640.0,9715620.0,32.771868258153965,-2.572837206382044,HerbaceousVegetation,0.9364956,0.013025733,11,47.0,2.1567770875495653,False
38,13,475280.0,9715620.0,32.77762549654909,-2.572838228219282,HerbaceousVegetation,0.9633712,0.006768641,9,39.0,1.7527758996026082,False
38,14,475920.0,9715620.0,32.78338273720909,-2.572839223939924,HerbaceousVegetation,0.99509484,0.00029875385,23,99.0,1.5205128421281684,False
38,15,476560.0,9715620.0,32.78913998007533,-2.572840193543916,HerbaceousVegetation,0.9701561,6.1664745e-05,13,56.0,1.5397711686889155,False
38,16,477200.0,9715620.0,32.79489722508918,-2.5728411370312108,Residential,0.5684374,0.5684374,20,86.0,1.8025069211447085,False
38,17,477840.0,9715620.0,32.80065447219199,-2.5728420544017605,HerbaceousVegetation,0.9235582,0.010582625,11,47.0,2.2240429738706773,False
38,18,478480.0,9715620.0,32.80641172132513,-2.57284294565552,HerbaceousVegetation,0.85715663,0.0027375268,22,95.0,2.731831454989943,False
38,19,479120.0,9715620.0,32.812168972429966,-2.5728438107924414,HerbaceousVegetation,0.9895924,0.0015335322,16,69.0,3.286128276151347,False
38,20,479760.0,9715620.0,32.81792622544786,-2.5728446498124824,HerbaceousVegetation,0.98476285,0.00035013267,12,52.0,3.8669852593681253,False
38,21,480400.0,9715620.0,32.82368348032017,-2.572845462715602,HerbaceousVegetation,0.9924707,0.0001193318,8,34.0,4.464046476574736,False
38,22,481040.0,9715620.0,32.82944073698827,-2.5728462495017577,HerbaceousVegetation,0.9469722,0.027653666,72,310.0,5.0715921458520565,True
38,23,481680.0,9715620.0,32.835197995393514,-2.5728470101709098,River,0.42091805,0.0909505,64,275.0,5.686262642783677,True
38,24,482320.0,9715620.0,32.84095525547726,-2.5728477447230205,SeaLake,0.9969983,1.2901752e-05,0,0.0,6.305974848630952,False
38,25,482960.0,9715620.0,32.8467125171809,-2.5728484531580507,SeaLake,0.9995096,9.1160855e-06,0,0.0,6.929376215823117,False
38,26,483600.0,9715620.0,32.85246978044575,-2.5728491354759684,SeaLake,0.99958426,7.197671e-06,0,0.0,6.8933263294475084,False
38,27,484240.0,9715620.0,32.85822704521321,-2.5728497916767363,SeaLake,0.99984014,2.4356675e-06,0,0.0,6.260399047230473,False
38,28,484880.0,9715620.0,32.86398431142464,-2.5728504217603216,SeaLake,0.99986744,2.4306173e-06,0,0.0,5.629071377845032,False
38,29,485520.0,9715620.0,32.86974157902138,-2.5728510257266928,SeaLake,0.9998429,3.1456602e-06,0,0.0,4.999949292061284,False
38,30,486160.0,9715620.0,32.875498847944804,-2.572851603575819,SeaLake,0.9999255,1.3133232e-06,0,0.0,4.373984598680486,False
38,31,486800.0,9715620.0,32.881256118136285,-2.5728521553076726,SeaLake,0.9999454,8.7788476e-07,0,0.0,3.7527576015250506,False
38,32,487440.0,9715620.0,32.887013389537174,-2.572852680922224,SeaLake,0.7515671,0.002656924,0,0.0,3.1390823439524502,False
38,33,488080.0,9715620.0,32.89277066208883,-2.572853180419448,Residential,0.95366967,0.95366967,0,0.0,2.5384417086913715,False
38,34,488720.0,9715620.0,32.89852793573262,-2.5728536537993176,HerbaceousVegetation,0.6306404,0.022519482,22,95.0,1.962838417887201,False
38,35,489360.0,9715620.0,32.904285210409924,-2.57285410106181,Highway,0.8625658,0.006655946,238,1023.0,1.4115066333063644,False
38,36,490000.0,9715620.0,32.910042486062075,-2.572854522206902,Residential,0.7126126,0.7126126,162,697.0,0.7715486668579326,False
38,37,490640.0,9715620.0,32.91579976263045,-2.572854917234573,Residential,0.99633205,0.99633205,816,3509.0,0.1319989196646655,False
38,38,491280.0,9715620.0,32.921557040056406,-2.572855286144803,PermanentCrop,0.58491904,0.38280535,562,2417.0,0.5086846609197339,False
38,39,491920.0,9715620.0,32.92731431828131,-2.572855628937574,Residential,0.96505183,0.96505183,640,2752.0,0.9906974996072327,False
38,40,492560.0,9715620.0,32.933071597246524,-2.572855945612867,Residential,0.9049594,0.9049594,223,959.0,0.6309452907157552,False
38,41,493200.0,9715620.0,32.9388288768934,-2.572856236170668,Highway,0.98653525,0.0017694551,258,1109.0,0.7961798691406075,False
38,42,493840.0,9715620.0,32.944586157163315,-2.572856500610959,Residential,0.80557686,0.80557686,412,1772.0,1.2995817820257103,False
38,43,494480.0,9715620.0,32.95034343799762,-2.572856738933731,Residential,0.98390126,0.98390126,471,2025.0,1.590219485078289,False
38,44,495120.0,9715620.0,32.95610071933768,-2.5728569511389687,Residential,0.8467615,0.8467615,370,1591.0,1.895761787416583,False
38,45,495760.0,9715620.0,32.96185800112486,-2.572857137226664,HerbaceousVegetation,0.8420433,0.038899794,320,1376.0,2.3405613639755694,False
38,46,496400.0,9715620.0,32.96761528330051,-2.572857297196804,HerbaceousVegetation,0.9483993,0.0012524417,248,1066.0,2.7688055825002005,False
38,47,497040.0,9715620.0,32.97337256580601,-2.572857431049384,HerbaceousVegetation,0.97239494,0.017442888,189,813.0,3.13030587863754,False
38,48,497680.0,9715620.0,32.97912984858271,-2.572857538784396,Residential,0.941047,0.941047,392,1686.0,3.3876159921488043,False
38,49,498320.0,9715620.0,32.984887131571966,-2.5728576204018334,Residential,0.857521,0.857521,351,1509.0,3.601157131419185,False
38,50,498960.0,9715620.0,32.99064441471516,-2.5728576759016937,Residential,0.99809176,0.99809176,806,3466.0,3.908954241236418,False
38,51,499600.0,9715620.0,32.99640169795363,-2.5728577052839734,Residential,0.978824,0.978824,513,2206.0,3.667030494180976,False
38,52,500240.0,9715620.0,33.00215898122875,-2.5728577085486712,Residential,0.9980538,0.9980538,217,933.0,3.031744441182335,False
38,53,500880.0,9715620.0,33.007916264481885,-2.5728576856957868,Residential,0.7210368,0.7210368,115,494.0,2.3989656246029876,False
38,54,501520.0,9715620.0,33.01367354765439,-2.5728576367253218,HerbaceousVegetation,0.9915195,0.0041951756,40,172.0,1.7713830131887396,False
38,55,502160.0,9715620.0,33.01943083068763,-2.572857561637277,HerbaceousVegetation,0.82783234,0.14127691,28,120.0,1.1574798014654222,False
38,56,502800.0,9715620.0,33.02518811352297,-2.572857460431659,Residential,0.9891577,0.9891577,95,408.0,0.6007671780209433,False
38,57,503440.0,9715620.0,33.030945396101764,-2.572857333108471,HerbaceousVegetation,0.95569164,0.00014027166,37,159.0,0.4486456436588484,False
38,58,504080.0,9715620.0,33.03670267836537,-2.57285717966772,HerbaceousVegetation,0.72586316,0.068380065,40,172.0,0.9278171290512355,False
38,59,504720.0,9715620.0,33.04245996025517,-2.572857000109413,PermanentCrop,0.5511983,0.0017496842,187,804.0,1.5295771756755825,False
38,60,505360.0,9715620.0,33.04821724171251,-2.57285679443356,Residential,0.8792705,0.8792705,107,460.0,1.4474463675161102,False
38,61,506000.0,9715620.0,33.05397452267875,-2.5728565626401707,Residential,0.99681515,0.99681515,85,366.0,1.3038475485372147,False
38,62,506640.0,9715620.0,33.05973180309526,-2.5728563047292567,PermanentCrop,0.5676017,0.18364002,32,138.0,0.7139593434631366,False
38,63,507280.0,9715620.0,33.06548908290339,-2.572856020700833,Residential,0.92247474,0.92247474,208,894.0,0.3723673702274691,False
38,64,507920.0,9715620.0,33.07124636204452,-2.5728557105549115,Residential,0.3024203,0.3024203,24,103.0,0.7660136896308898,False
38,65,508560.0,9715620.0,33.07700364045999,-2.572855374291508,HerbaceousVegetation,0.9482374,0.031049754,123,529.0,1.36165211672943,False
38,66,509200.0,9715620.0,33.08276091809119,-2.572855011910642,HerbaceousVegetation,0.9497678,0.00815757,33,142.0,1.9850984865455783,False
38,67,509840.0,9715620.0,33.088518194879455,-2.572854623412329,HerbaceousVegetation,0.9995899,1.9639534e-05,18,77.0,2.616550308245067,False
38,68,510480.0,9715620.0,33.09427547076616,-2.5728542087965898,HerbaceousVegetation,0.99500954,5.467239e-05,5,22.0,2.11123220580276,False
38,69,511120.0,9715620.0,33.10003274569266,-2.572853768063445,HerbaceousVegetation,0.7755738,0.013309894,34,146.0,1.4814080540799652,False
38,70,511760.0,9715620.0,33.10579001960033,-2.5728533012129176,Pasture,0.6384608,0.01553756,34,146.0,0.866624612255613,False
38,71,512400.0,9715620.0,33.11154729243053,-2.5728528082450306,Pasture,0.6416141,0.12544222,44,189.0,0.3559587257553802,False
38,72,513040.0,9715620.0,33.1173045641246,-2.572852289159808,HerbaceousVegetation,0.92165923,0.028267084,14,60.0,0.567075841766863,False
38,73,513680.0,9715620.0,33.12306183462393,-2.572851743957278,HerbaceousVegetation,0.8256502,0.004894557,28,120.0,1.155700396378663,False
38,74,514320.0,9715620.0,33.128819103869866,-2.5728511726374674,Pasture,0.47120902,0.041042835,39,168.0,1.780143758819495,False
38,75,514960.0,9715620.0,33.13457637180378,-2.5728505752004045,HerbaceousVegetation,0.9290113,0.0016660923,26,112.0,2.412753654631613,False
38,76,515600.0,9715620.0,33.14033363836703,-2.5728499516461194,HerbaceousVegetation,0.9594373,0.007023989,20,86.0,3.048450195396409,False
38,77,516240.0,9715620.0,33.146090903500976,-2.572849301974645,HerbaceousVegetation,0.9810951,0.0005832408,17,73.0,3.685636578623374,False
38,78,516880.0,9715620.0,33.15184816714699,-2.572848626186012,HerbaceousVegetation,0.9512287,0.01799522,35,150.0,4.323654170439723,False
38,79,517520.0,9715620.0,33.157605429246416,-2.572847924280256,HerbaceousVegetation,0.84818745,0.016993865,43,185.0,4.370161242682105,False
38,80,518160.0,9715620.0,33.16336268974064,-2.572847196257412,HerbaceousVegetation,0.8174971,0.006571621,13,56.0,4.113228217813668,False
38,81,518800.0,9715620.0,33.16911994857101,-2.572846442117516,HerbaceousVegetation,0.9310352,0.008733113,42,181.0,3.9443863219259345,False
38,82,519440.0,9715620.0,33.17487720567888,-2.572845661860608,HerbaceousVegetation,0.9758917,0.0037378045,5,22.0,3.87516716302332,False
38,83,520080.0,9715620.0,33.180634461005646,-2.572844855486726,HerbaceousVegetation,0.99624074,0.00029001784,17,73.0,3.910864051095616,False
38,84,520720.0,9715620.0,33.18639171449264,-2.572844022995911,HerbaceousVegetation,0.9058128,0.002328598,24,103.0,4.048702843001671,False
38,85,521360.0,9715620.0,33.192148966081234,-2.5728431643882046,HerbaceousVegetation,0.9717427,0.00011042729,20,86.0,4.278823646249938,False
39,0,466960.0,9714980.0,32.70278025326914,-2.5786129921731504,HerbaceousVegetation,0.96072936,0.0004574097,6,26.0,1.9974434260299574,False
39,1,467600.0,9714980.0,32.708537485909055,-2.578614330413972,HerbaceousVegetation,0.99323493,0.00056029804,2,9.0,1.5540778627451923,False
39,2,468240.0,9714980.0,32.71429472151753,-2.578615642480052,HerbaceousVegetation,0.9957321,0.00027933158,3,13.0,1.2883073262071574,False
39,3,468880.0,9714980.0,32.720051960035946,-2.5786169283713245,Residential,0.5597975,0.5597975,113,486.0,1.3128265422527856,False
39,4,469520.0,9714980.0,32.725809201405646,-2.5786181880877246,HerbaceousVegetation,0.9927545,0.00013432326,39,168.0,1.614463159482983,False
39,5,470160.0,9714980.0,32.73156644556801,-2.578619421629188,HerbaceousVegetation,0.99792874,0.00030863588,7,30.0,2.0757333780165856,False
39,6,470800.0,9714980.0,32.7373236924644,-2.5786206289956537,HerbaceousVegetation,0.9870085,5.322475e-05,0,0.0,2.6134358266268016,False
39,7,471440.0,9714980.0,32.743080942036165,-2.57862181018706,HerbaceousVegetation,0.8867908,0.00025562316,17,73.0,3.1891416687223044,False
39,8,472080.0,9714980.0,32.74883819422468,-2.578622965203347,HerbaceousVegetation,0.98118466,8.8105604e-05,0,0.0,3.7855517889028087,False
39,9,472720.0,9714980.0,32.754595448971315,-2.5786240940444567,HerbaceousVegetation,0.99001324,0.00029441944,0,0.0,3.57777499953802,False
39,10,473360.0,9714980.0,32.76035270621742,-2.578625196710332,HerbaceousVegetation,0.84468096,0.00048724725,3,13.0,2.960305709917175,False
39,11,474000.0,9714980.0,32.76610996590436,-2.5786262732009164,HerbaceousVegetation,0.9747878,0.00020369807,10,43.0,2.3548982663837466,False
39,12,474640.0,9714980.0,32.77186722797351,-2.578627323516158,HerbaceousVegetation,0.9763935,0.0023792647,1,4.0,1.7739452623646885,False
39,13,475280.0,9714980.0,32.777624492366215,-2.578628347656001,HerbaceousVegetation,0.9876127,0.00077691936,6,26.0,1.2519655517285895,False
39,14,475920.0,9714980.0,32.78338175902385,-2.5786293456203944,HerbaceousVegetation,0.97700137,0.0025528686,15,64.0,0.8984173259482585,False
39,15,476560.0,9714980.0,32.78913902788777,-2.578630317409289,HerbaceousVegetation,0.5183249,0.025806585,121,520.0,0.9306393718368933,False
39,16,477200.0,9714980.0,32.794896298899346,-2.5786312630226345,HerbaceousVegetation,0.9600275,0.00074465334,3,13.0,1.3206913300472276,False
39,17,477840.0,9714980.0,32.80065357199994,-2.578632182460383,HerbaceousVegetation,0.42430815,0.11366775,0,0.0,1.8551446137999223,False
39,18,478480.0,9714980.0,32.806410847130905,-2.578633075722489,HerbaceousVegetation,0.9906042,0.00046680353,0,0.0,2.440921442193462,False
39,19,479120.0,9714980.0,32.81216812423361,-2.578633942808908,HerbaceousVegetation,0.97968763,0.00011887469,4,17.0,3.0485789207118716,False
39,20,479760.0,9714980.0,32.81792540324941,-2.5786347837195938,HerbaceousVegetation,0.99323326,0.00051517744,5,22.0,3.6672563838185224,False
39,21,480400.0,9714980.0,32.823682684119674,-2.5786355984545057,HerbaceousVegetation,0.99005723,9.235288e-06,11,47.0,4.292191204211044,False
39,22,481040.0,9714980.0,32.82943996678576,-2.578636387013601,HerbaceousVegetation,0.98557043,7.619874e-06,54,232.0,4.921000028688844,False
39,23,481680.0,9714980.0,32.835197251189044,-2.578637149396843,River,0.58656406,0.10039547,39,168.0,5.552366813459334,True
39,24,482320.0,9714980.0,32.84095453727086,-2.57863788560419,HerbaceousVegetation,0.9837124,0.0004656467,41,176.0,6.185508320263865,True
39,25,482960.0,9714980.0,32.846711824972594,-2.578638595635606,SeaLake,0.9991035,1.3623298e-05,0,0.0,6.81993028768641,False
39,26,483600.0,9714980.0,32.8524691142356,-2.5786392794910555,SeaLake,0.9997094,4.8090633e-06,0,0.0,7.012428498306986,False
39,27,484240.0,9714980.0,32.858226405001226,-2.578639937170504,SeaLake,0.99987507,2.466056e-06,0,0.0,6.391306735729238,False
39,28,484880.0,9714980.0,32.863983697210855,-2.578640568673917,SeaLake,0.99972826,4.562966e-06,0,0.0,5.774309494345439,False
39,29,485520.0,9714980.0,32.86974099080584,-2.578641174001264,SeaLake,0.99993193,9.576074e-07,0,0.0,5.162915695883271,False
39,30,486160.0,9714980.0,32.87549828572754,-2.578641753152514,SeaLake,0.9998828,2.4357646e-06,0,0.0,4.559380092634063,False
39,31,486800.0,9714980.0,32.88125558191731,-2.5786423061276373,SeaLake,0.9999347,7.130936e-06,0,0.0,3.967290659306141,False
39,32,487440.0,9714980.0,32.887012879316515,-2.578642832926606,SeaLake,0.9998776,4.756053e-06,0,0.0,3.3901375908175915,False
39,33,488080.0,9714980.0,32.89277017786653,-2.578643333549394,Forest,0.6075491,0.007995386,0,0.0,2.763759984900442,False
39,34,488720.0,9714980.0,32.89852747750869,-2.5786438079959764,HerbaceousVegetation,0.5197317,0.0018340979,21,90.0,2.1454383290132757,False
39,35,489360.0,9714980.0,32.90428477818439,-2.578644256266328,HerbaceousVegetation,0.986231,0.00011868769,0,0.0,1.5448760445620424,False
39,36,490000.0,9714980.0,32.91004207983496,-2.578644678360427,HerbaceousVegetation,0.6352339,0.054351974,15,64.0,0.9947755337381631,False
39,37,490640.0,9714980.0,32.91579938240177,-2.5786450742782523,HerbaceousVegetation,0.45669538,0.02876611,47,202.0,0.6416500073922178,False
39,38,491280.0,9714980.0,32.92155668582619,-2.578645444019783,HerbaceousVegetation,0.93456066,0.062091034,713,3066.0,0.8081157723054406,False
39,39,491920.0,9714980.0,32.92731399004957,-2.578645787585002,Residential,0.9981201,0.9981201,260,1118.0,1.30904066816551,False
39,40,492560.0,9714980.0,32.93307129501327,-2.5786461049738896,HerbaceousVegetation,0.9767327,0.016928388,173,744.0,1.2634798815360524,False
39,41,493200.0,9714980.0,32.93882860065866,-2.5786463961864308,HerbaceousVegetation,0.755187,0.24131782,224,963.0,1.3535848090144638,False
39,42,493840.0,9714980.0,32.94458590692709,-2.578646661222612,HerbaceousVegetation,0.868068,0.12288132,76,327.0,1.699176935855442,False
39,43,494480.0,9714980.0,32.95034321375993,-2.57864690008242,HerbaceousVegetation,0.78047514,0.05365622,169,727.0,2.182066150118152,False
39,44,495120.0,9714980.0,32.956100521098534,-2.5786471127658404,HerbaceousVegetation,0.5458396,0.20600101,290,1247.0,2.435272620014263,False
39,45,495760.0,9714980.0,32.96185782888427,-2.578647299272864,HerbaceousVegetation,0.9642699,0.021475384,145,624.0,2.795508447080315,False
39,46,496400.0,9714980.0,32.96761513705849,-2.5786474596034807,HerbaceousVegetation,0.9927303,0.00063652603,27,116.0,2.6757394490511173,False
39,47,497040.0,9714980.0,32.97337244556255,-2.578647593757683,Highway,0.79863054,0.0048771924,61,262.0,2.6483149688277834,False
39,48,497680.0,9714980.0,32.979129754337826,-2.578647701735464,HerbaceousVegetation,0.74017173,0.079861075,149,641.0,2.772501172051372,False
39,49,498320.0,9714980.0,32.98488706332567,-2.5786477835368182,Residential,0.9468566,0.9468566,248,1066.0,3.0297117559159257,False
39,50,498960.0,9714980.0,32.99064437246745,-2.578647839161742,Residential,0.98565483,0.98565483,366,1574.0,3.389799979179315,False
39,51,499600.0,9714980.0,32.99640168170451,-2.578647868610232,HerbaceousVegetation,0.58329123,0.27250594,348,1496.0,3.7912694861651755,False
39,52,500240.0,9714980.0,33.002158990978224,-2.5786478718822865,Residential,0.9012117,0.9012117,135,580.0,3.180893903938635,False
39,53,500880.0,9714980.0,33.007916300229944,-2.578647848977905,Residential,0.9455381,0.9455381,147,632.0,2.584888341785924,False
39,54,501520.0,9714980.0,33.01367360940104,-2.57864779989709,Residential,0.39940476,0.39940476,41,176.0,2.0160380578966257,False
39,55,502160.0,9714980.0,33.01943091843287,-2.578647724639843,HerbaceousVegetation,0.9873563,0.005631318,20,86.0,1.5054471635611835,False
39,56,502800.0,9714980.0,33.025188227266774,-2.5786476232061686,HerbaceousVegetation,0.93431354,0.000880004,7,30.0,1.1346950575644663,False
39,57,503440.0,9714980.0,33.03094553584415,-2.5786474955960705,Residential,0.5307517,0.5307517,16,69.0,1.0620238156689532,False
39,58,504080.0,9714980.0,33.03670284410632,-2.5786473418095563,HerbaceousVegetation,0.67274225,0.27998087,24,103.0,1.3369578514055172,False
39,59,504720.0,9714980.0,33.042460151994675,-2.5786471618466336,HerbaceousVegetation,0.9881302,0.005274777,13,56.0,1.8072681062370552,False
39,60,505360.0,9714980.0,33.04821745945056,-2.578646955707312,PermanentCrop,0.9580533,0.0309064,39,168.0,2.083772900617904,False
39,61,506000.0,9714980.0,33.053974766415344,-2.5786467233916,Residential,0.9984498,0.9984498,58,249.0,1.607696989696861,False
39,62,506640.0,9714980.0,33.05973207283037,-2.578646464899512,Residential,0.9550926,0.9550926,4,17.0,1.1808510172634634,False
39,63,507280.0,9714980.0,33.06548937863702,-2.5786461802310585,PermanentCrop,0.43717372,0.17023401,80,344.0,1.0115970735742392,False
39,64,507920.0,9714980.0,33.07124668377664,-2.578645869386256,HerbaceousVegetation,0.77411246,0.17256822,30,129.0,1.2130326267482556,False
39,65,508560.0,9714980.0,33.0770039881906,-2.578645532365118,HerbaceousVegetation,0.76915383,0.21846262,61,262.0,1.6549222543212054,False
39,66,509200.0,9714980.0,33.082761291820255,-2.578645169167664,HerbaceousVegetation,0.95568717,0.023665419,17,73.0,2.1966536327194115,False
39,67,509840.0,9714980.0,33.08851859460697,-2.5786447797939105,HerbaceousVegetation,0.992168,0.0016316788,1,4.0,2.7471765974227025,False
39,68,510480.0,9714980.0,33.09427589649209,-2.578644364243878,HerbaceousVegetation,0.9943772,0.00027631468,11,47.0,2.113065936808688,False
39,69,511120.0,9714980.0,33.100033197417005,-2.578643922517587,HerbaceousVegetation,0.88583905,0.024701847,12,52.0,1.484020232064031,False
39,70,511760.0,9714980.0,33.10579049732305,-2.57864345461506,Pasture,0.55058765,0.17919217,19,82.0,0.8710823411420893,False
39,71,512400.0,9714980.0,33.11154779615159,-2.578642960536321,HerbaceousVegetation,0.8235381,0.035581697,114,490.0,0.36667811623245977,False
39,72,513040.0,9714980.0,33.117305093844,-2.5786424402813948,HerbaceousVegetation,0.8614533,0.03667345,18,77.0,0.5738651730136509,False
39,73,513680.0,9714980.0,33.12306239034163,-2.578641893850307,HerbaceousVegetation,0.8266912,0.09674479,12,52.0,1.1590468638809173,False
39,74,514320.0,9714980.0,33.128819685585846,-2.578641321243086,HerbaceousVegetation,0.43731672,0.04007172,42,181.0,1.7823181614252803,False
39,75,514960.0,9714980.0,33.134576979518,-2.5786407224597605,HerbaceousVegetation,0.8986359,0.0024732505,21,90.0,2.414358387733808,False
39,76,515600.0,9714980.0,33.140334272079464,-2.578640097500361,HerbaceousVegetation,0.9975071,3.4470155e-05,15,64.0,3.0497204495321855,False
39,77,516240.0,9714980.0,33.14609156321159,-2.5786394463649187,HerbaceousVegetation,0.46817896,0.36242643,26,112.0,3.6866872956855183,False
39,78,516880.0,9714980.0,33.15184885285575,-2.5786387690534665,HerbaceousVegetation,0.9862216,1.346528e-05,15,64.0,4.324549873922511,False
39,79,517520.0,9714980.0,33.1576061409533,-2.578638065566039,HerbaceousVegetation,0.9818062,0.002233296,26,112.0,4.94634971781468,False
39,80,518160.0,9714980.0,33.1633634274456,-2.5786373359026715,HerbaceousVegetation,0.9251149,0.009203217,12,52.0,4.720880491571796,False
39,81,518800.0,9714980.0,33.169120712274,-2.5786365800634004,HerbaceousVegetation,0.97705543,0.0010122954,7,30.0,4.574521800197367,False
39,82,519440.0,9714980.0,33.17487799537989,-2.578635798048264,HerbaceousVegetation,0.9937206,7.00411e-05,10,43.0,4.514973619552917,False
39,83,520080.0,9714980.0,33.180635276704606,-2.578634989857302,HerbaceousVegetation,0.99752194,6.663159e-05,7,30.0,4.545648894276434,False
39,84,520720.0,9714980.0,33.186392556189524,-2.578634155490555,HerbaceousVegetation,0.99037737,4.6335404e-06,8,34.0,4.664768049411928,False
39,85,521360.0,9714980.0,33.192149833776,-2.578633294948067,HerbaceousVegetation,0.9926795,4.796513e-05,8,34.0,4.865839911011476,False
40,0,466960.0,9714340.0,32.702778908094935,-2.584403076556827,HerbaceousVegetation,0.78700763,0.0011962982,0,0.0,1.6694358683458226,False
40,1,467600.0,9714340.0,32.70853616679035,-2.584404417806481,HerbaceousVegetation,0.98056704,5.6908026e-05,0,0.0,1.1010875904322697,False
40,2,468240.0,9714340.0,32.714293428454404,-2.584405732822544,Highway,0.7888128,0.0039631464,32,138.0,0.6759967789037993,False
40,3,468880.0,9714340.0,32.720050693028455,-2.584407021604948,HerbaceousVegetation,0.992023,4.8966616e-05,38,163.0,0.7216296892261864,False
40,4,469520.0,9714340.0,32.72580796045386,-2.58440828415363,HerbaceousVegetation,0.959871,1.6590973e-05,4,17.0,1.184789927226364,False
40,5,470160.0,9714340.0,32.73156523067198,-2.5844095204685265,HerbaceousVegetation,0.9970137,0.00023773393,2,9.0,1.7623577772238597,False
40,6,470800.0,9714340.0,32.73732250362419,-2.5844107305495734,HerbaceousVegetation,0.9891517,0.0002866133,0,0.0,2.3721894313536165,False
40,7,471440.0,9714340.0,32.74307977925186,-2.5844119143967097,HerbaceousVegetation,0.8944478,0.0028026805,7,30.0,2.9946386195182484,False
40,8,472080.0,9714340.0,32.74883705749632,-2.584413072009877,HerbaceousVegetation,0.99372625,1.0470061e-05,11,47.0,3.6232082778657007,False
40,9,472720.0,9714340.0,32.75459433829895,-2.584414203389015,HerbaceousVegetation,0.76422566,0.022938687,0,0.0,3.480641943062604,False
40,10,473360.0,9714340.0,32.76035162160112,-2.5844153085340675,HerbaceousVegetation,0.8633375,0.0010522057,9,39.0,2.8421478294866307,False
40,11,474000.0,9714340.0,32.766108907344176,-2.58441638744498,HerbaceousVegetation,0.99364185,0.00033284051,8,34.0,2.204527213146736,False
40,12,474640.0,9714340.0,32.771866195469485,-2.584417440121696,HerbaceousVegetation,0.55641276,0.015115493,8,34.0,1.568845493461183,False
40,13,475280.0,9714340.0,32.77762348591841,-2.5844184665641627,HerbaceousVegetation,0.96160907,0.0051433095,5,22.0,0.9390485244130947,False
40,14,475920.0,9714340.0,32.78338077863232,-2.5844194667723293,HerbaceousVegetation,0.9157025,0.057358067,33,142.0,0.3486374622030146,False
40,15,476560.0,9714340.0,32.789138073552564,-2.584420440746144,HerbaceousVegetation,0.9821478,0.0022675658,35,150.0,0.42483411927516634,False
40,16,477200.0,9714340.0,32.79489537062051,-2.5844213884855587,HerbaceousVegetation,0.99377173,0.0003208038,1,4.0,1.0288925977716303,False
40,17,477840.0,9714340.0,32.80065266977751,-2.5844223099905244,HerbaceousVegetation,0.99398804,0.0007120227,1,4.0,1.6601072033450737,False
40,18,478480.0,9714340.0,32.806409970964935,-2.5844232052609954,HerbaceousVegetation,0.9224521,0.0022476742,5,22.0,2.2961907315044954,False
40,19,479120.0,9714340.0,32.81216727412415,-2.584424074296926,HerbaceousVegetation,0.7084323,0.004947452,26,112.0,2.9339781567516994,False
40,20,479760.0,9714340.0,32.8179245791965,-2.5844249170982727,HerbaceousVegetation,0.98966986,0.0017600866,6,26.0,3.5725570356741745,False
40,21,480400.0,9714340.0,32.82368188612335,-2.584425733664993,HerbaceousVegetation,0.9821957,1.7205508e-05,1,4.0,4.21156737118071,False
40,22,481040.0,9714340.0,32.829439194846074,-2.5844265239970463,HerbaceousVegetation,0.99433947,0.0013470447,21,90.0,4.850838656443125,False
40,23,481680.0,9714340.0,32.83519650530602,-2.5844272880943904,SeaLake,0.996498,7.644182e-05,0,0.0,5.490279739657342,False
40,24,482320.0,9714340.0,32.84095381744455,-2.584428025956989,SeaLake,0.5193998,4.381236e-05,3,13.0,6.129837483044786,True
40,25,482960.0,9714340.0,32.84671113120303,-2.584428737584804,SeaLake,0.99985063,1.29823675e-05,0,0.0,6.769478821695935,False
40,26,483600.0,9714340.0,32.85246844652281,-2.5844294229777987,SeaLake,0.9998003,4.384378e-06,0,0.0,7.18676276243217,False
40,27,484240.0,9714340.0,32.85822576334525,-2.58443008213594,SeaLake,0.99975103,4.820725e-06,0,0.0,6.582112681335046,False
40,28,484880.0,9714340.0,32.86398308161173,-2.5844307150591934,SeaLake,0.9998332,2.787509e-06,0,0.0,5.984818768860222,False
40,29,485520.0,9714340.0,32.869740401263584,-2.584431321747527,SeaLake,0.99977124,4.106793e-06,0,0.0,5.397323785211662,False
40,30,486160.0,9714340.0,32.87549772224219,-2.5844319022009112,SeaLake,0.9998269,3.0490244e-06,0,0.0,4.782619696666621,False
40,31,486800.0,9714340.0,32.88125504448889,-2.584432456419316,SeaLake,0.9649577,0.001742947,1,4.0,4.168979195487297,False
40,32,487440.0,9714340.0,32.88701236794506,-2.5844329844027127,SeaLake,0.9999627,1.2449013e-07,24,103.0,3.564621144226732,False
40,33,488080.0,9714340.0,32.892769692552065,-2.5844334861510765,SeaLake,0.99980414,4.457824e-06,0,0.0,2.975207601383588,False
40,34,488720.0,9714340.0,32.898527018251244,-2.58443396166438,HerbaceousVegetation,0.84898573,0.11621475,49,211.0,2.4117206805086426,False
40,35,489360.0,9714340.0,32.904284344983964,-2.5844344109425994,Residential,0.6569087,0.6569087,135,580.0,1.8974016470572213,False
40,36,490000.0,9714340.0,32.91004167269159,-2.5844348339857137,HerbaceousVegetation,0.8995656,0.009788699,118,507.0,1.4842740244704957,False
40,37,490640.0,9714340.0,32.91579900131549,-2.5844352307937006,HerbaceousVegetation,0.6871391,0.00441382,276,1187.0,1.2748355773119244,False
40,38,491280.0,9714340.0,32.921556330797,-2.58443560136654,Residential,0.97913134,0.97913134,680,2924.0,0.9714414149089154,False
40,39,491920.0,9714340.0,32.92731366107749,-2.584435945704212,Residential,0.9934505,0.9934505,429,1845.0,1.0168223182108536,False
40,40,492560.0,9714340.0,32.93307099209833,-2.584436263806701,Residential,0.99788517,0.99788517,188,808.0,1.3940433390046212,False
40,41,493200.0,9714340.0,32.93882832380086,-2.584436555673991,Residential,0.9996635,0.9996635,248,1066.0,1.9162426869357156,False
40,42,493840.0,9714340.0,32.944585656126456,-2.5844368213060656,Residential,0.99977815,0.99977815,210,903.0,2.2146538579455384,False
40,43,494480.0,9714340.0,32.95034298901647,-2.584437060702913,Residential,0.7534287,0.7534287,28,120.0,2.603632488401814,False
40,44,495120.0,9714340.0,32.95610032241227,-2.5844372738645203,HerbaceousVegetation,0.99847287,2.2117181e-05,21,90.0,2.634240134868959,False
40,45,495760.0,9714340.0,32.96185765625519,-2.584437460790876,HerbaceousVegetation,0.9781983,0.0046551903,51,219.0,2.2704210321135054,False
40,46,496400.0,9714340.0,32.96761499048662,-2.5844376214819724,HerbaceousVegetation,0.9860696,0.0009019158,52,224.0,2.046851787006642,False
40,47,497040.0,9714340.0,32.9733723250479,-2.5844377559378007,Residential,0.95795,0.95795,86,370.0,2.0108686712167976,False
40,48,497680.0,9714340.0,32.979129659880385,-2.584437864158353,Residential,0.75063014,0.75063014,168,722.0,2.1718156891850047,False
40,49,498320.0,9714340.0,32.98488699492545,-2.584437946143625,Residential,0.9724003,0.9724003,226,972.0,2.491821414688273,False
40,50,498960.0,9714340.0,32.99064433012445,-2.5844380018936133,Residential,0.9947472,0.9947472,99,426.0,2.9190348640617487,False
40,51,499600.0,9714340.0,32.996401665418745,-2.5844380314083133,Residential,0.37438172,0.37438172,267,1148.0,3.413437433514333,False
40,52,500240.0,9714340.0,33.002159000749685,-2.584438034687725,Residential,0.9981198,0.9981198,100,430.0,3.4444009202745183,False
40,53,500880.0,9714340.0,33.007916336058635,-2.584438011731847,Residential,0.9215765,0.9215765,52,224.0,2.9030086825524246,False
40,54,501520.0,9714340.0,33.01367367128696,-2.5844379625406804,Residential,0.9924149,0.9924149,11,47.0,2.4104400267091437,False
40,55,502160.0,9714340.0,33.019431006376,-2.584437887114229,HerbaceousVegetation,0.8923535,0.0028634078,1,4.0,2.0030433928770472,False
40,56,502800.0,9714340.0,33.02518834126714,-2.584437785452496,HerbaceousVegetation,0.6303038,0.35440105,0,0.0,1.7416499490813897,False
40,57,503440.0,9714340.0,33.03094567590171,-2.584437657555486,HerbaceousVegetation,0.96204126,0.010027908,23,99.0,1.6952009487143471,False
40,58,504080.0,9714340.0,33.036703010221096,-2.584437503423207,HerbaceousVegetation,0.832865,0.04697203,35,150.0,1.8796989035238694,False
40,59,504720.0,9714340.0,33.04246034416665,-2.584437323055664,HerbaceousVegetation,0.86730134,0.010679965,7,30.0,1.922724120436167,False
40,60,505360.0,9714340.0,33.04821767767972,-2.584437116452869,HerbaceousVegetation,0.7866008,0.121706225,31,133.0,1.7006059084937812,False
40,61,506000.0,9714340.0,33.05397501070168,-2.5844368836148304,HerbaceousVegetation,0.7827073,0.18816356,10,43.0,1.7048322113043521,False
40,62,506640.0,9714340.0,33.05973234317388,-2.5844366245415618,Residential,0.89850086,0.89850086,0,0.0,1.7601932580901454,False
40,63,507280.0,9714340.0,33.065489675037675,-2.5844363392330743,HerbaceousVegetation,0.94916344,8.1287646e-05,2,9.0,1.651423573804676,False
40,64,507920.0,9714340.0,33.07124700623443,-2.5844360276893834,HerbaceousVegetation,0.99513876,0.0019119594,60,258.0,1.7819425732636887,False
40,65,508560.0,9714340.0,33.07700433670551,-2.5844356899105048,HerbaceousVegetation,0.96218437,0.028358113,18,77.0,2.1077568286454262,False
40,66,509200.0,9714340.0,33.082761666392265,-2.584435325896456,HerbaceousVegetation,0.95090485,0.00028679505,8,34.0,2.5552217835235425,False
40,67,509840.0,9714340.0,33.08851899523606,-2.5844349356472542,HerbaceousVegetation,0.97188413,0.00011110468,30,129.0,2.893773571637796,False
40,68,510480.0,9714340.0,33.09427632317825,-2.58443451916292,HerbaceousVegetation,0.7304466,0.008960259,32,138.0,2.3004334112909177,False
40,69,511120.0,9714340.0,33.1000336501602,-2.584434076443474,HerbaceousVegetation,0.98509103,0.0014535054,0,0.0,1.7404775998724522,False
40,70,511760.0,9714340.0,33.10579097612326,-2.58443360748894,HerbaceousVegetation,0.8882471,0.014956534,14,60.0,1.2592579845019742,False
40,71,512400.0,9714340.0,33.1115483010088,-2.5844331122993385,HerbaceousVegetation,0.5173558,0.09628855,2,9.0,0.9805095957746547,False
40,72,513040.0,9714340.0,33.117305624758174,-2.5844325908746986,HerbaceousVegetation,0.9810176,0.0037574589,20,86.0,1.0752987786101027,False
40,73,513680.0,9714340.0,33.123062947312754,-2.5844320432150427,HerbaceousVegetation,0.9777567,0.017401861,35,150.0,1.4732059798801325,False
40,74,514320.0,9714340.0,33.12882026861388,-2.5844314693204007,HerbaceousVegetation,0.9225058,0.0015625658,19,82.0,2.0009008608696193,False
40,75,514960.0,9714340.0,33.13457758860292,-2.584430869190802,HerbaceousVegetation,0.901792,0.0012920586,21,90.0,2.579936559472536,False
40,76,515600.0,9714340.0,33.14033490722123,-2.584430242826276,HerbaceousVegetation,0.99749905,4.9674225e-05,26,112.0,3.1824112001401055,False
40,77,516240.0,9714340.0,33.14609222441018,-2.584429590226853,HerbaceousVegetation,0.9952378,2.5065447e-05,12,52.0,3.797184409882063,False
40,78,516880.0,9714340.0,33.15184954011113,-2.584428911392568,HerbaceousVegetation,0.9987037,3.6381177e-06,11,47.0,4.419126365982941,False
40,79,517520.0,9714340.0,33.15760685426543,-2.5844282063234547,HerbaceousVegetation,0.97404385,1.3736775e-05,2,9.0,5.045586807736024,True
40,80,518160.0,9714340.0,33.16336416681444,-2.5844274750195493,HerbaceousVegetation,0.9384864,0.008378493,7,30.0,5.336101466387959,True
40,81,518800.0,9714340.0,33.16912147769953,-2.584426717480888,HerbaceousVegetation,0.9794511,2.247992e-05,6,26.0,5.207064042660272,True
40,82,519440.0,9714340.0,33.17487878686205,-2.584425933707508,HerbaceousVegetation,0.99095494,0.0015019458,16,69.0,5.154828127992565,True
40,83,520080.0,9714340.0,33.18063609424337,-2.584425123699451,HerbaceousVegetation,0.98960996,1.8690667e-05,7,30.0,5.1817169079293715,True
40,84,520720.0,9714340.0,33.18639339978485,-2.584424287456757,HerbaceousVegetation,0.97473234,0.00030909144,0,0.0,5.286523167328308,False
40,85,521360.0,9714340.0,33.19215070342784,-2.584423424979468,HerbaceousVegetation,0.98136216,5.7429097e-06,26,112.0,5.464765711672984,True
41,0,466960.0,9713700.0,32.70277755989345,-2.590193160410465,HerbaceousVegetation,0.7042034,0.0022199247,1,4.0,1.5503070653418465,False
41,1,467600.0,9713700.0,32.70853484470301,-2.5901945046689776,HerbaceousVegetation,0.99098504,0.00019688832,3,13.0,0.910400878807363,False
41,2,468240.0,9713700.0,32.71429213248128,-2.590195822635048,HerbaceousVegetation,0.7658186,0.009250026,28,120.0,0.27093822804762907,False
41,3,468880.0,9713700.0,32.7200494231696,-2.5901971143086104,HerbaceousVegetation,0.97069126,0.0008273055,12,52.0,0.37038532193103896,False
41,4,469520.0,9713700.0,32.72580671670935,-2.5901983796896,HerbaceousVegetation,0.9954163,0.0007459789,3,13.0,1.0100312123822361,False
41,5,470160.0,9713700.0,32.73156401304188,-2.5901996187779504,HerbaceousVegetation,0.9912646,0.000172135,12,52.0,1.6499517608920267,False
41,6,470800.0,9713700.0,32.73732131210856,-2.5902008315736023,HerbaceousVegetation,0.98521787,0.0008480248,7,30.0,2.289916718257472,False
41,7,471440.0,9713700.0,32.743078613850734,-2.5902020180764924,HerbaceousVegetation,0.9993288,5.003269e-05,1,4.0,2.9298969845097695,False
41,8,472080.0,9713700.0,32.74883591820978,-2.5902031782865613,HerbaceousVegetation,0.9702463,0.00073547015,3,13.0,3.5698843262945945,False
41,9,472720.0,9713700.0,32.75459322512706,-2.5902043122037504,HerbaceousVegetation,0.9870344,0.00024231017,0,0.0,3.4997803822945746,False
41,10,473360.0,9713700.0,32.76035053454392,-2.590205419828003,HerbaceousVegetation,0.967675,0.00075190805,4,17.0,2.8655538161309946,False
41,11,474000.0,9713700.0,32.76610784640173,-2.590206501159262,HerbaceousVegetation,0.9179171,0.0027742267,7,30.0,2.2346218073740918,False
41,12,474640.0,9713700.0,32.771865160641845,-2.5902075561974742,HerbaceousVegetation,0.75758046,0.00049757806,7,30.0,1.6108601959328444,False
41,13,475280.0,9713700.0,32.77762247720564,-2.5902085849425847,HerbaceousVegetation,0.88989645,0.03452948,8,34.0,1.0076738161179686,False
41,14,475920.0,9713700.0,32.78337979603445,-2.5902095873945425,HerbaceousVegetation,0.92322075,0.015609243,25,108.0,0.5051162920939073,False
41,15,476560.0,9713700.0,32.78913711706965,-2.5902105635532977,HerbaceousVegetation,0.9987496,2.2659597e-05,18,77.0,0.5604269955914377,False
41,16,477200.0,9713700.0,32.794894440252605,-2.5902115134187995,HerbaceousVegetation,0.8745285,0.00043114825,6,26.0,1.0918856928436205,False
41,17,477840.0,9713700.0,32.80065176552466,-2.590212436991,HerbaceousVegetation,0.9477289,0.024506235,7,30.0,1.6998677345857063,False
41,18,478480.0,9713700.0,32.806409092827195,-2.590213334269853,HerbaceousVegetation,0.6810321,0.0029288046,22,95.0,2.325099194429022,False
41,19,479120.0,9713700.0,32.81216642210155,-2.5902142052553145,HerbaceousVegetation,0.9878479,0.000107244596,3,13.0,2.956657270091249,False
41,20,479760.0,9713700.0,32.81792375328909,-2.590215049947338,HerbaceousVegetation,0.9607795,2.5717172e-05,5,22.0,3.5912056696369237,False
41,21,480400.0,9713700.0,32.82368108633117,-2.590215868345883,HerbaceousVegetation,0.9915999,2.9979623e-05,6,26.0,4.227398030760924,False
41,22,481040.0,9713700.0,32.829438421169165,-2.5902166604509067,HerbaceousVegetation,0.9895263,0.00023459157,32,138.0,4.864589402953786,False
41,23,481680.0,9713700.0,32.83519575774442,-2.5902174262623703,SeaLake,0.54250216,0.0632512,22,95.0,5.502432735452495,True
41,24,482320.0,9713700.0,32.840953095998294,-2.5902181657802337,SeaLake,0.99896944,1.727809e-05,0,0.0,6.140724872279182,False
41,25,482960.0,9713700.0,32.846710435872154,-2.5902188790044605,SeaLake,0.9995955,6.816957e-06,0,0.0,6.779339046387717,False
41,26,483600.0,9713700.0,32.85246777730735,-2.590219565935015,SeaLake,0.99979675,3.1203908e-06,0,0.0,7.412433106820956,False
41,27,484240.0,9713700.0,32.85822512024525,-2.5902202265718617,SeaLake,0.999838,3.033116e-06,0,0.0,6.804449505415568,False
41,28,484880.0,9713700.0,32.863982464627206,-2.590220860914968,SeaLake,0.999892,1.8932551e-06,0,0.0,6.192727140865529,False
41,29,485520.0,9713700.0,32.869739810394584,-2.590221468964301,SeaLake,0.9997516,4.4247063e-06,0,0.0,5.587343358938569,False
41,30,486160.0,9713700.0,32.87549715748873,-2.5902220507198304,SeaLake,0.9999012,1.8211696e-06,0,0.0,4.990605392148064,False
41,31,486800.0,9713700.0,32.88125450585101,-2.590222606181526,SeaLake,0.8251073,0.018349526,12,52.0,4.406027524834554,False
41,32,487440.0,9713700.0,32.887011855422784,-2.590223135349362,Residential,0.81869155,0.81869155,97,417.0,3.8391685192320084,False
41,33,488080.0,9713700.0,32.89276920614542,-2.5902236382233097,SeaLake,0.4624501,0.42167762,177,761.0,3.2991743343637476,False
41,34,488720.0,9713700.0,32.898526557960245,-2.590224114803344,Residential,0.9403922,0.9403922,607,2610.0,2.8016223260794564,False
41,35,489360.0,9713700.0,32.90428391080865,-2.590224565089441,HerbaceousVegetation,0.83401245,0.06914743,100,430.0,2.1899953529689125,False
41,36,490000.0,9713700.0,32.91004126463198,-2.590224989081578,Residential,0.507643,0.507643,498,2141.0,1.558431535306216,False
41,37,490640.0,9713700.0,32.915798619371586,-2.5902253867797342,Residential,0.99267936,0.99267936,531,2283.0,0.9383698921258863,False
41,38,491280.0,9713700.0,32.92155597496883,-2.5902257581838883,Residential,0.99233365,0.99233365,708,3044.0,0.3893163991662899,False
41,39,491920.0,9713700.0,32.927313331365085,-2.5902261032940226,Residential,0.9874653,0.9874653,493,2120.0,0.4917280375077921,False
41,40,492560.0,9713700.0,32.93307068850169,-2.5902264221101188,PermanentCrop,0.52229154,0.16372703,213,916.0,1.072951847513542,False
41,41,493200.0,9713700.0,32.93882804632002,-2.590226714632161,Residential,0.7640853,0.7640853,132,568.0,1.697013515354012,False
41,42,493840.0,9713700.0,32.944585404761405,-2.590226980860136,Residential,0.84558874,0.84558874,103,443.0,2.3297390573851056,False
41,43,494480.0,9713700.0,32.95034276376724,-2.590227220794028,Residential,0.6607461,0.6607461,74,318.0,2.7188326818709174,False
41,44,495120.0,9713700.0,32.95610012327886,-2.5902274344338254,Residential,0.5034943,0.5034943,53,228.0,2.188250837294101,False
41,45,495760.0,9713700.0,32.96185748323762,-2.590227621779518,Residential,0.9436557,0.9436557,136,585.0,1.7332144419624653,False
41,46,496400.0,9713700.0,32.96761484358489,-2.590227782831097,HerbaceousVegetation,0.70389485,0.096270375,170,731.0,1.4278735506816378,False
41,47,497040.0,9713700.0,32.97337220426202,-2.590227917588553,Residential,0.4025116,0.4025116,62,267.0,1.3757955704410139,False
41,48,497680.0,9713700.0,32.97912956521037,-2.5902280260518795,HerbaceousVegetation,0.93941873,0.042078886,123,529.0,1.6018751594784288,False
41,49,498320.0,9713700.0,32.984886926371296,-2.5902281082210714,HerbaceousVegetation,0.9538614,0.016088285,64,275.0,2.0145457556141455,False
41,50,498960.0,9713700.0,32.990644287686166,-2.590228164096124,Residential,0.9925431,0.9925431,124,533.0,2.523882956155435,False
41,51,499600.0,9713700.0,32.99640164909632,-2.590228193677036,Residential,0.97856927,0.97856927,174,748.0,3.08233284239078,False
41,52,500240.0,9713700.0,33.00215901054313,-2.5902281969638032,HerbaceousVegetation,0.9839369,0.00037281818,93,400.0,3.667528640132174,False
41,53,500880.0,9713700.0,33.00791637196796,-2.590228173956428,Residential,0.5518361,0.5518361,66,284.0,3.3154895690453836,False
41,54,501520.0,9713700.0,33.013673733312146,-2.5902281246549106,Residential,0.4696765,0.4696765,43,185.0,2.893999446066906,False
41,55,502160.0,9713700.0,33.01943109451705,-2.590228049059253,HerbaceousVegetation,0.9888981,0.0030411745,3,13.0,2.564604161507653,False
41,56,502800.0,9713700.0,33.025188455524045,-2.59022794716946,Residential,0.966737,0.966737,22,95.0,2.366084575117548,False
41,57,503440.0,9713700.0,33.03094581627448,-2.5902278189855354,HerbaceousVegetation,0.9735833,0.005744289,7,30.0,2.332105899824449,False
41,58,504080.0,9713700.0,33.036703176709715,-2.5902276645074864,HerbaceousVegetation,0.95343643,0.0018806119,2,9.0,1.8946970538924799,False
41,59,504720.0,9713700.0,33.0424605367711,-2.5902274837353207,HerbaceousVegetation,0.9809951,0.00235086,38,163.0,1.4020946254535642,False
41,60,505360.0,9713700.0,33.048217896400004,-2.590227276669048,HerbaceousVegetation,0.78224754,0.17496702,111,477.0,1.0775257544127188,False
41,61,506000.0,9713700.0,33.05397525553777,-2.59022704330868,Residential,0.9846563,0.9846563,29,125.0,1.0841836394816269,False
41,62,506640.0,9713700.0,33.05973261412577,-2.5902267836542245,HerbaceousVegetation,0.9905732,0.0025376973,1,4.0,1.4174084015612982,False
41,63,507280.0,9713700.0,33.06548997210537,-2.590226497705698,HerbaceousVegetation,0.99801636,1.5203793e-05,0,0.0,1.9135932142212153,False
41,64,507920.0,9713700.0,33.07124732941789,-2.5902261854631137,HerbaceousVegetation,0.9412237,0.00070034846,26,112.0,2.3871301839789676,False
41,65,508560.0,9713700.0,33.07700468600474,-2.590225846926487,HerbaceousVegetation,0.9948618,0.0034566598,0,0.0,2.639263160345188,False
41,66,509200.0,9713700.0,33.08276204180724,-2.590225482095836,HerbaceousVegetation,0.9969676,2.92692e-05,0,0.0,3.0086923312042186,False
41,67,509840.0,9713700.0,33.08851939676676,-2.5902250909711784,HerbaceousVegetation,0.756391,0.0037161517,33,142.0,3.165449685335681,False
41,68,510480.0,9713700.0,33.09427675082465,-2.590224673552535,PermanentCrop,0.7568453,0.18617824,29,125.0,2.6340349478064944,False
41,69,511120.0,9713700.0,33.10003410392228,-2.5902242298399254,HerbaceousVegetation,0.9967325,4.9305516e-05,0,0.0,2.162269294546857,False
41,70,511760.0,9713700.0,33.105791456001,-2.590223759833373,HerbaceousVegetation,0.9761452,0.00027295068,14,60.0,1.7977421667231277,False
41,71,512400.0,9713700.0,33.11154880700217,-2.590223263532902,HerbaceousVegetation,0.6302882,0.019595085,18,77.0,1.6147895509596808,False
41,72,513040.0,9713700.0,33.11730615686716,-2.590222740938536,HerbaceousVegetation,0.9889338,0.0021289939,5,22.0,1.6740411254693746,False
41,73,513680.0,9713700.0,33.12306350553731,-2.5902221920503026,HerbaceousVegetation,0.87607443,0.015698507,22,95.0,1.953581860490359,False
41,74,514320.0,9713700.0,33.128820852953986,-2.5902216168682286,HerbaceousVegetation,0.6306767,0.00228331,7,30.0,2.376920377612842,False
41,75,514960.0,9713700.0,33.13457819905856,-2.5902210153923435,HerbaceousVegetation,0.9698298,0.0005808175,8,34.0,2.8813571242359695,False
41,76,515600.0,9713700.0,33.14033554379237,-2.590220387622678,HerbaceousVegetation,0.98637456,2.3768564e-05,18,77.0,3.43130984804048,False
41,77,516240.0,9713700.0,33.14609288709678,-2.5902197335592634,HerbaceousVegetation,0.9636552,0.00016881396,4,17.0,4.0080862851408,False
41,78,516880.0,9713700.0,33.15185022891315,-2.5902190532021327,HerbaceousVegetation,0.8984305,0.0077444087,0,0.0,4.60161102930354,False
41,79,517520.0,9713700.0,33.15760756918284,-2.5902183465513207,HerbaceousVegetation,0.9931416,7.8230434e-05,7,30.0,5.2061590890869045,True
41,80,518160.0,9713700.0,33.16336490784721,-2.590217613606862,HerbaceousVegetation,0.9757007,1.7588698e-05,7,30.0,5.8182953566105935,True
41,81,518800.0,9713700.0,33.169122244847614,-2.590216854368796,HerbaceousVegetation,0.976996,2.4702124e-06,0,0.0,5.841231221947141,False
41,82,519440.0,9713700.0,33.17487958012542,-2.590216068837158,HerbaceousVegetation,0.9531268,0.026990231,0,0.0,5.794714770636075,False
41,83,520080.0,9713700.0,33.18063691362198,-2.59021525701199,HerbaceousVegetation,0.9602794,0.00086087297,17,73.0,5.818647296219775,True
41,84,520720.0,9713700.0,33.186394245278656,-2.590214418893332,HerbaceousVegetation,0.96940595,0.00013719479,8,34.0,5.912173326500459,True
41,85,521360.0,9713700.0,33.1921515750368,-2.590213554481226,HerbaceousVegetation,0.9969969,2.572586e-05,0,0.0,6.072077941476156,False
42,0,466960.0,9713060.0,32.70277620866462,-2.59598324373288,HerbaceousVegetation,0.99600095,0.00068587344,21,90.0,1.68495930965057,False
42,1,467600.0,9713060.0,32.70853351964697,-2.595984591000277,HerbaceousVegetation,0.97842616,0.011490386,16,69.0,1.1244846101492436,False
42,2,468240.0,9713060.0,32.714290833598085,-2.5959859119163813,HerbaceousVegetation,0.94523734,0.016081251,8,34.0,0.7134727757573278,False
42,3,468880.0,9713060.0,32.72004815045933,-2.5959872064811256,HerbaceousVegetation,0.99519014,9.5283554e-05,5,22.0,0.756849499591059,False
42,4,469520.0,9713060.0,32.72580547017205,-2.5959884746944457,HerbaceousVegetation,0.9125576,0.002012843,13,56.0,1.2065649291752214,False
42,5,470160.0,9713060.0,32.73156279267763,-2.5959897165562773,HerbaceousVegetation,0.9181998,0.005980888,13,56.0,1.7770696923868734,False
42,6,470800.0,9713060.0,32.737320117917406,-2.5959909320665573,HerbaceousVegetation,0.8443358,0.01818966,6,26.0,2.3831396213575795,False
42,7,471440.0,9713060.0,32.743077445832746,-2.595992121225224,HerbaceousVegetation,0.99879384,4.2027794e-05,7,30.0,3.0033201990744707,False
42,8,472080.0,9713060.0,32.74883477636502,-2.5959932840322173,HerbaceousVegetation,0.9989486,7.8579564e-05,9,39.0,3.027745368111709,False
42,9,472720.0,9713060.0,32.75459210945558,-2.59599442048748,HerbaceousVegetation,0.9990538,0.00010367868,15,64.0,3.1792944991936176,False
42,10,473360.0,9713060.0,32.760349445045776,-2.595995530590953,HerbaceousVegetation,0.99767727,6.602254e-05,3,13.0,3.02724182410825,False
42,11,474000.0,9713060.0,32.76610678307698,-2.595996614342581,HerbaceousVegetation,0.6944703,0.002730829,0,0.0,2.4385095879407963,False
42,12,474640.0,9713060.0,32.771864123490545,-2.595997671742309,HerbaceousVegetation,0.918609,0.0014719471,0,0.0,1.8835246107572212,False
42,13,475280.0,9713060.0,32.77762146622783,-2.595998702790084,HerbaceousVegetation,0.95297974,0.0001786837,9,39.0,1.402925838445172,False
42,14,475920.0,9713060.0,32.78337881123019,-2.595999707485853,HerbaceousVegetation,0.991818,0.00038988257,20,86.0,1.0990618076459744,False
42,15,476560.0,9713060.0,32.789136158439,-2.596000685829566,HerbaceousVegetation,0.8789198,0.00044233756,9,39.0,1.1255544437631548,False
42,16,477200.0,9713060.0,32.7948935077956,-2.596001637821173,HerbaceousVegetation,0.9579594,0.0034502505,3,13.0,1.4645848403981014,False
42,17,477840.0,9713060.0,32.80065085924135,-2.596002563460627,HerbaceousVegetation,0.9949041,0.0011278724,12,52.0,1.960189966195338,False
42,18,478480.0,9713060.0,32.80640821271762,-2.59600346274788,HerbaceousVegetation,0.88907987,0.007204085,12,52.0,2.5216821077252836,False
42,19,479120.0,9713060.0,32.81216556816576,-2.5960043356828884,Forest,0.40313983,0.25734624,1,4.0,3.113617927953071,False
42,20,479760.0,9713060.0,32.81792292552713,-2.5960051822656056,HerbaceousVegetation,0.9745939,0.00059008884,10,43.0,3.7214986967779153,False
42,21,480400.0,9713060.0,32.823680284743084,-2.5960060024959906,HerbaceousVegetation,0.6298739,0.00027988464,18,77.0,4.338627490228756,False
42,22,481040.0,9713060.0,32.829437645754986,-2.596006796374001,HerbaceousVegetation,0.9777019,0.0005796419,9,39.0,4.961554640212846,False
42,23,481680.0,9713060.0,32.835195008504186,-2.5960075638995983,HerbaceousVegetation,0.970356,0.0013066864,23,99.0,5.588341471015043,True
42,24,482320.0,9713060.0,32.84095237293206,-2.596008305072741,SeaLake,0.9928329,0.0013592973,0,0.0,6.217820867917916,False
42,25,482960.0,9713060.0,32.84670973897994,-2.596009019893395,SeaLake,0.9997809,3.2037528e-06,0,0.0,6.849250491430756,False
42,26,483600.0,9713060.0,32.8524671065892,-2.596009708361521,SeaLake,0.9997914,2.890937e-06,0,0.0,7.375516769445793,False
42,27,484240.0,9713060.0,32.85822447570119,-2.5960103704770874,SeaLake,0.9997327,4.9386317e-06,0,0.0,6.762969279760545,False
42,28,484880.0,9713060.0,32.863981846257275,-2.596011006240058,SeaLake,0.99962425,6.04021e-06,0,0.0,6.156010017990034,False
42,29,485520.0,9713060.0,32.86973921819881,-2.596011615650401,SeaLake,0.9997168,6.1909204e-06,0,0.0,5.556470570803235,False
42,30,486160.0,9713060.0,32.87549659146714,-2.596012198708088,SeaLake,0.99983966,2.920718e-06,0,0.0,4.967038460371654,False
42,31,486800.0,9713060.0,32.88125396600364,-2.596012755413087,SeaLake,0.9663647,0.013852029,2,9.0,4.391785164306194,False
42,32,487440.0,9713060.0,32.88701134174966,-2.596013285765371,Residential,0.78620774,0.78620774,118,507.0,3.83709301321049,False
42,33,488080.0,9713060.0,32.89276871864655,-2.596013789764913,Residential,0.99964964,0.99964964,340,1462.0,3.3133047935011253,False
42,34,488720.0,9713060.0,32.898526096635685,-2.596014267411687,Residential,0.7859405,0.7859405,194,834.0,2.8301447450392963,False
42,35,489360.0,9713060.0,32.9042834756584,-2.59601471870567,HerbaceousVegetation,0.3942748,0.10905579,118,507.0,2.196166770098528,False
42,36,490000.0,9713060.0,32.91004085565607,-2.596015143646839,Residential,0.98208255,0.98208255,489,2103.0,1.56709211161835,False
42,37,490640.0,9713060.0,32.91579823657004,-2.5960155422351714,Residential,0.99946374,0.99946374,593,2550.0,0.9526840454777847,False
42,38,491280.0,9713060.0,32.921555618341664,-2.596015914470648,HerbaceousVegetation,0.9494274,0.026839504,645,2774.0,0.4226536344566036,False
42,39,491920.0,9713060.0,32.927313000912314,-2.59601626035325,Residential,0.9994201,0.9994201,442,1901.0,0.5185222260721664,False
42,40,492560.0,9713060.0,32.933070384223335,-2.5960165798829595,Residential,0.99774665,0.99774665,631,2713.0,1.0854927467018347,False
42,41,493200.0,9713060.0,32.93882776821609,-2.596016873059761,Residential,0.99566865,0.99566865,267,1148.0,1.7049702951528958,False
42,42,493840.0,9713060.0,32.94458515283193,-2.596017139883639,Residential,0.9998704,0.9998704,340,1462.0,2.3355412459567506,False
42,43,494480.0,9713060.0,32.950342538012215,-2.5960173803545814,Residential,0.9962444,0.9962444,245,1054.0,2.4618025491036666,False
42,44,495120.0,9713060.0,32.9560999236983,-2.5960175944725736,Residential,0.95619345,0.95619345,142,611.0,1.859263931151852,False
42,45,495760.0,9713060.0,32.96185730983154,-2.596017782237607,Residential,0.99283445,0.99283445,221,950.0,1.2932335212911723,False
42,46,496400.0,9713060.0,32.967614696353294,-2.596017943649671,Residential,0.84052104,0.84052104,104,447.0,0.8409777140329535,False
42,47,497040.0,9713060.0,32.97337208320492,-2.596018078708758,Residential,0.9192992,0.9192992,132,568.0,0.7491555849147887,False
42,48,497680.0,9713060.0,32.97912947032778,-2.5960181874148605,Residential,0.95481336,0.95481336,121,520.0,1.1110466530789542,False
42,49,498320.0,9713060.0,32.984886857663206,-2.5960182697679737,Highway,0.9352669,0.011031919,80,344.0,1.6513071307987723,False
42,50,498960.0,9713060.0,32.99064424515259,-2.5960183257680933,Residential,0.99774194,0.99774194,62,267.0,2.2446393507946443,False
42,51,499600.0,9713060.0,32.99640163273725,-2.5960183554152154,Residential,0.98568624,0.98568624,27,116.0,2.8581806083669252,False
42,52,500240.0,9713060.0,33.00215902035858,-2.5960183587093404,Residential,0.9996327,0.9996327,144,619.0,3.481262266039957,False
42,53,500880.0,9713060.0,33.00791640795791,-2.596018335650467,Residential,0.9773297,0.9773297,308,1324.0,3.791659630547384,False
42,54,501520.0,9713060.0,33.013673795476606,-2.5960182862385963,HerbaceousVegetation,0.9952418,0.0022284153,15,64.0,3.4292046403371055,False
42,55,502160.0,9713060.0,33.01943118285602,-2.596018210473732,Residential,0.8377772,0.8377772,25,108.0,3.1561695418174787,False
42,56,502800.0,9713060.0,33.025188570037514,-2.596018108355876,HerbaceousVegetation,0.9976277,2.3902882e-07,1,4.0,2.895460826199126,False
42,57,503440.0,9713060.0,33.03094595696245,-2.5960179798850347,HerbaceousVegetation,0.97475785,5.028818e-05,0,0.0,2.2630258082378676,False
42,58,504080.0,9713060.0,33.036703343572164,-2.596017825061214,HerbaceousVegetation,0.92144966,0.00030960832,27,116.0,1.636483492568007,False
42,59,504720.0,9713060.0,33.042460729808035,-2.5960176438844225,HerbaceousVegetation,0.891555,0.05393674,17,73.0,1.026679421311497,False
42,60,505360.0,9713060.0,33.048218115611405,-2.5960174363546686,HerbaceousVegetation,0.8925328,0.0065437146,65,280.0,0.4992625029395236,False
42,61,506000.0,9713060.0,33.05397550092364,-2.596017202471963,HerbaceousVegetation,0.8133899,0.037198126,31,133.0,0.5134739132014066,False
42,62,506640.0,9713060.0,33.059732885686095,-2.596016942236317,HerbaceousVegetation,0.9531794,0.015441012,0,0.0,1.0474960010593326,False
42,63,507280.0,9713060.0,33.06549026984011,-2.596016655647746,HerbaceousVegetation,0.9890354,0.00031623393,1,4.0,1.6583245414972974,False
42,64,507920.0,9713060.0,33.07124765332707,-2.596016342706262,HerbaceousVegetation,0.9818122,0.0013752152,0,0.0,2.2851767322527046,False
42,65,508560.0,9713060.0,33.0770050360883,-2.596016003411881,HerbaceousVegetation,0.95606935,0.0009101659,0,0.0,2.9177431535908154,False
42,66,509200.0,9713060.0,33.08276241806519,-2.596015637764621,HerbaceousVegetation,0.9532647,0.0002644389,12,52.0,3.520582441116941,False
42,67,509840.0,9713060.0,33.08851979919907,-2.596015245764501,HerbaceousVegetation,0.99642056,6.556095e-05,17,73.0,3.533471089010656,False
42,68,510480.0,9713060.0,33.09427717943131,-2.5960148274115395,HerbaceousVegetation,0.9959227,1.1686293e-05,6,26.0,3.0665104488242583,False
42,69,511120.0,9713060.0,33.100034558703264,-2.596014382705758,HerbaceousVegetation,0.98945487,0.00026109614,10,43.0,2.672219064489765,False
42,70,511760.0,9713060.0,33.10579193695628,-2.596013911647179,HerbaceousVegetation,0.99545693,0.001488788,3,13.0,2.3868856538378114,False
42,71,512400.0,9713060.0,33.111549314131736,-2.5960134142358267,HerbaceousVegetation,0.9798737,0.0003348083,45,194.0,2.2523080429574813,False
42,72,513040.0,9713060.0,33.11730669017098,-2.596012890471726,HerbaceousVegetation,0.9922879,0.001490222,16,69.0,2.2951601068869163,False
42,73,513680.0,9713060.0,33.12306406501535,-2.596012340354903,HerbaceousVegetation,0.95426756,0.015386342,11,47.0,2.5063575786625822,False
42,74,514320.0,9713060.0,33.128821438606224,-2.596011763885385,HerbaceousVegetation,0.9744305,0.0017900517,11,47.0,2.8487008807513585,False
42,75,514960.0,9713060.0,33.13457881088495,-2.596011161063204,HerbaceousVegetation,0.97183967,0.0014156995,13,56.0,3.2813968220664456,False
42,76,515600.0,9713060.0,33.1403361817929,-2.596010531888387,HerbaceousVegetation,0.99132746,1.2814172e-05,8,34.0,3.7734908903748487,False
42,77,516240.0,9713060.0,33.14609355127141,-2.596009876360967,HerbaceousVegetation,0.99499404,0.0006972769,0,0.0,4.304660485522194,False
42,78,516880.0,9713060.0,33.151850919261854,-2.596009194480977,HerbaceousVegetation,0.98490775,0.008423567,0,0.0,4.862115824565512,False
42,79,517520.0,9713060.0,33.15760828570558,-2.596008486248452,HerbaceousVegetation,0.9883102,0.0009306432,10,43.0,5.437778837665667,True
42,80,518160.0,9713060.0,33.163365650543945,-2.596007751663428,HerbaceousVegetation,0.9931933,0.00016429642,4,17.0,6.026434027120747,True
42,81,518800.0,9713060.0,33.16912301371831,-2.596006990725941,HerbaceousVegetation,0.55969447,0.002407296,0,0.0,6.476546026404402,False
42,82,519440.0,9713060.0,33.174880375170034,-2.5960062034360294,HerbaceousVegetation,0.96951103,0.00043760444,0,0.0,6.434623960800853,False
42,83,520080.0,9713060.0,33.18063773484048,-2.5960053897937345,HerbaceousVegetation,0.8079401,0.08314955,14,60.0,6.456184833296694,True
42,84,520720.0,9713060.0,33.18639509267099,-2.596004549799096,HerbaceousVegetation,0.9827579,0.00011736199,7,30.0,6.540600865858432,True
42,85,521360.0,9713060.0,33.19215244860293,-2.596003683452157,HerbaceousVegetation,0.99688846,0.00079626474,2,9.0,6.685491513063632,True
43,0,466960.0,9712420.0,32.7027748544084,-2.6017733265228866,HerbaceousVegetation,0.78948,0.01717044,10,43.0,2.023344694684374,False
43,1,467600.0,9712420.0,32.70853219162216,-2.6017746767991947,HerbaceousVegetation,0.8639524,2.8547074e-05,12,52.0,1.5872307698604424,False
43,2,468240.0,9712420.0,32.714289531804766,-2.6017760006653576,HerbaceousVegetation,0.73455924,0.0045557935,21,90.0,1.3281111700743062,False
43,3,468880.0,9712420.0,32.72004687489756,-2.601777298121311,HerbaceousVegetation,0.81353843,0.0074878973,16,69.0,1.3519086667968785,False
43,4,469520.0,9712420.0,32.72580422084191,-2.601778569166987,Forest,0.7545148,0.0010117405,0,0.0,1.6464005608128554,False
43,5,470160.0,9712420.0,32.73156156957916,-2.6017798138023225,HerbaceousVegetation,0.95621365,0.007606413,18,77.0,2.1006695527686534,False
43,6,470800.0,9712420.0,32.737318921050694,-2.6017810320272536,HerbaceousVegetation,0.72779727,5.73398e-05,3,13.0,2.512796136290242,False
43,7,471440.0,9712420.0,32.74307627519784,-2.6017822238417203,HerbaceousVegetation,0.985264,2.3280774e-05,10,43.0,2.369897871435825,False
43,8,472080.0,9712420.0,32.74883363196197,-2.601783389245662,HerbaceousVegetation,0.7890175,0.034109958,48,206.0,2.395388782539682,False
43,9,472720.0,9712420.0,32.75459099128445,-2.6017845282390195,HerbaceousVegetation,0.96954596,0.00047050463,16,69.0,2.5842907959434105,False
43,10,473360.0,9712420.0,32.76034835310662,-2.601785640821735,HerbaceousVegetation,0.9931068,0.00018531624,16,69.0,2.9048976602418737,False
43,11,474000.0,9712420.0,32.76610571736986,-2.601786726993752,HerbaceousVegetation,0.92391056,0.00058397895,4,17.0,2.7781870705491616,False
43,12,474640.0,9712420.0,32.771863084015514,-2.6017877867550165,HerbaceousVegetation,0.98847485,0.0008713668,7,30.0,2.3064386720256578,False
43,13,475280.0,9712420.0,32.77762045298494,-2.601788820105475,HerbaceousVegetation,0.85447776,0.0075777974,13,56.0,1.933958452672763,False
43,14,475920.0,9712420.0,32.7833778242195,-2.601789827045075,HerbaceousVegetation,0.7048714,0.0791866,10,43.0,1.726247735845981,False
43,15,476560.0,9712420.0,32.78913519766054,-2.601790807573765,HerbaceousVegetation,0.99023145,0.00030710228,0,0.0,1.7432346928518614,False
43,16,477200.0,9712420.0,32.79489257324943,-2.6017917616914974,Forest,0.771343,0.030571228,0,0.0,1.9791420219911635,False
43,17,477840.0,9712420.0,32.80064995092752,-2.601792689398222,HerbaceousVegetation,0.9945465,3.7206108e-05,8,34.0,2.36945966246742,False
43,18,478480.0,9712420.0,32.806407330636176,-2.601793590693893,HerbaceousVegetation,0.99845576,0.0002839828,10,43.0,2.8514689268707043,False
43,19,479120.0,9712420.0,32.81216471231674,-2.601794465578464,HerbaceousVegetation,0.82369184,0.013988751,2,9.0,3.386238472074599,False
43,20,479760.0,9712420.0,32.81792209591058,-2.601795314051893,HerbaceousVegetation,0.5780588,0.0052628103,6,26.0,3.9524102695199876,False
43,21,480400.0,9712420.0,32.82367948135905,-2.601796136114133,SeaLake,0.49922347,0.0006796039,9,39.0,4.538246675474572,False
43,22,481040.0,9712420.0,32.82943686860351,-2.601796931765146,HerbaceousVegetation,0.51321614,0.123555735,7,30.0,5.137024317277946,True
43,23,481680.0,9712420.0,32.8351942575853,-2.6017977010048914,Forest,0.5223607,0.00050707837,15,64.0,5.74469797162165,True
43,24,482320.0,9712420.0,32.8409516482458,-2.6017984438333293,SeaLake,0.982462,0.00024367885,0,0.0,6.358717695731023,False
43,25,482960.0,9712420.0,32.84670904052635,-2.6017991602504225,SeaLake,0.9995859,7.358449e-06,0,0.0,6.977408307018574,False
43,26,483600.0,9712420.0,32.85246643436831,-2.601799850256135,SeaLake,0.9995552,7.256382e-06,0,0.0,7.224180678837263,False
43,27,484240.0,9712420.0,32.85822382971304,-2.601800513850432,SeaLake,0.9997007,5.9567205e-06,0,0.0,6.597597467494845,False
43,28,484880.0,9712420.0,32.86398122650189,-2.6018011510332792,SeaLake,0.9999995,4.9010623e-08,0,0.0,5.973859573651122,False
43,29,485520.0,9712420.0,32.86973862467622,-2.6018017618046465,SeaLake,0.99998236,5.485217e-07,0,0.0,5.353961530335453,False
43,30,486160.0,9712420.0,32.875496024177394,-2.601802346164501,SeaLake,0.99995816,1.7650198e-06,13,56.0,4.739410293583024,False
43,31,486800.0,9712420.0,32.88125342494675,-2.6018029041128137,SeaLake,0.999789,2.5975767e-06,16,69.0,4.132591897771845,False
43,32,487440.0,9712420.0,32.88701082692565,-2.6018034356495563,Residential,0.78713816,0.78713816,207,890.0,3.5374880432502205,False
43,33,488080.0,9712420.0,32.89276823005546,-2.601803940774702,Residential,0.8619127,0.8619127,264,1135.0,2.96116995776113,False
43,34,488720.0,9712420.0,32.898525634277526,-2.6018044194882264,Residential,0.93984014,0.93984014,250,1075.0,2.417112612468816,False
43,35,489360.0,9712420.0,32.90428303953321,-2.6018048717901032,Pasture,0.4722449,0.011264519,54,232.0,1.9327543154691447,False
43,36,490000.0,9712420.0,32.91004044576386,-2.601805297680312,Residential,0.9454582,0.9454582,243,1045.0,1.564559077367607,False
43,37,490640.0,9712420.0,32.91579785291083,-2.601805697158829,HerbaceousVegetation,0.71798265,0.2783986,492,2116.0,1.324339732307193,False
43,38,491280.0,9712420.0,32.92155526091548,-2.601806070225636,Residential,0.9981236,0.9981236,461,1982.0,1.0123758841354067,False
43,39,491920.0,9712420.0,32.92731266971917,-2.601806416880712,Residential,0.98786443,0.98786443,643,2765.0,1.0559991169458454,False
43,40,492560.0,9712420.0,32.93307007926325,-2.601806737124041,Residential,0.9998816,0.9998816,792,3406.0,1.4228715118386004,False
43,41,493200.0,9712420.0,32.93882748948908,-2.6018070309556074,Residential,0.9983707,0.9983707,563,2421.0,1.937315808899861,False
43,42,493840.0,9712420.0,32.94458490033801,-2.6018072983753955,Residential,0.9924203,0.9924203,521,2240.0,2.510183608349154,False
43,43,494480.0,9712420.0,32.95034231175139,-2.601807539383392,HerbaceousVegetation,0.8909797,0.07487068,330,1419.0,2.3554389038005668,False
43,44,495120.0,9712420.0,32.95609972367059,-2.6018077539795823,Residential,0.99602187,0.99602187,243,1045.0,1.715949592629732,False
43,45,495760.0,9712420.0,32.961857136036954,-2.60180794216396,HerbaceousVegetation,0.7810224,0.11821803,315,1354.0,1.077067119243304,False
43,46,496400.0,9712420.0,32.96761454879184,-2.6018081039365124,Residential,0.7679897,0.7679897,265,1140.0,0.44143420151138807,False
43,47,497040.0,9712420.0,32.9733719618766,-2.6018082392972324,HerbaceousVegetation,0.44222006,0.3766934,97,417.0,0.22103105929466993,False
43,48,497680.0,9712420.0,32.9791293752326,-2.601808348246113,HerbaceousVegetation,0.82410485,0.16570166,37,159.0,0.8497324897177058,False
43,49,498320.0,9712420.0,32.984886788801184,-2.6018084307831493,Residential,0.9637082,0.9637082,45,194.0,1.4880980743858176,False
43,50,498960.0,9712420.0,32.990644202523704,-2.601808486908336,Highway,0.96143174,0.007652095,39,168.0,2.127445993180486,False
43,51,499600.0,9712420.0,32.99640161634153,-2.601808516621671,Residential,0.99935335,0.99935335,51,219.0,2.7670954137522314,False
43,52,500240.0,9712420.0,33.00215903019601,-2.6018085199231527,Residential,0.9358011,0.9358011,103,443.0,3.4068765172394433,False
43,53,500880.0,9712420.0,33.007916444028496,-2.601808496812781,Residential,0.98175436,0.98175436,102,439.0,4.046726847543146,False
43,54,501520.0,9712420.0,33.01367385778035,-2.6018084472905567,HerbaceousVegetation,0.60532886,0.036044203,51,219.0,3.995354319304299,False
43,55,502160.0,9712420.0,33.01943127139291,-2.601808371356483,HerbaceousVegetation,0.9583771,0.029625118,38,163.0,3.517485220832568,False
43,56,502800.0,9712420.0,33.02518868480755,-2.6018082690105624,HerbaceousVegetation,0.80618894,0.00097261305,7,30.0,2.8794261045341076,False
43,57,503440.0,9712420.0,33.030946097965625,-2.601808140252801,HerbaceousVegetation,0.94919795,0.0071447655,1,4.0,2.242473434440059,False
43,58,504080.0,9712420.0,33.03670351080848,-2.6018079850832065,HerbaceousVegetation,0.93584067,0.04492656,33,142.0,1.6079426348182704,False
43,59,504720.0,9712420.0,33.04246092327747,-2.601807803501785,Residential,0.826261,0.826261,75,322.0,0.9805467503200698,False
43,60,505360.0,9712420.0,33.048218335313955,-2.6018075955085456,HerbaceousVegetation,0.7713651,0.14124751,99,426.0,0.3958084666352871,False
43,61,506000.0,9712420.0,33.053975746859294,-2.6018073611035004,HerbaceousVegetation,0.5876565,0.1110052,144,619.0,0.4135900808253324,False
43,62,506640.0,9712420.0,33.05973315785484,-2.601807100286659,HerbaceousVegetation,0.96491754,0.0005820007,22,95.0,1.0023218882445064,False
43,63,507280.0,9712420.0,33.06549056824193,-2.6018068130580363,HerbaceousVegetation,0.89856625,0.0033927788,1,4.0,1.6301661204769777,False
43,64,507920.0,9712420.0,33.071247977961946,-2.601806499417646,HerbaceousVegetation,0.9893484,5.2569852e-05,0,0.0,2.264825378047475,False
43,65,508560.0,9712420.0,33.07700538695623,-2.6018061593655046,HerbaceousVegetation,0.98579985,8.690646e-05,0,0.0,2.901831560539794,False
43,66,509200.0,9712420.0,33.08276279516614,-2.601805792901629,HerbaceousVegetation,0.9822714,3.4921566e-05,1,4.0,3.5399179112575117,False
43,67,509840.0,9712420.0,33.08852020253303,-2.6018054000260378,HerbaceousVegetation,0.9917855,0.0002985986,1,4.0,3.971141418201641,False
43,68,510480.0,9712420.0,33.09427760899826,-2.6018049807387498,HerbaceousVegetation,0.9108087,0.0002850277,46,198.0,3.5620264680699307,False
43,69,511120.0,9712420.0,33.10003501450318,-2.601804535039788,HerbaceousVegetation,0.9966821,0.0008845529,29,125.0,3.2288234629822896,False
43,70,511760.0,9712420.0,33.10579241898915,-2.601804062929174,HerbaceousVegetation,0.60756195,0.0009064486,15,64.0,2.9969600182483496,False
43,71,512400.0,9712420.0,33.111549822397514,-2.601803564406931,HerbaceousVegetation,0.7366016,0.06552565,23,99.0,2.8909233381142,False
43,72,513040.0,9712420.0,33.117307224669645,-2.6018030394730847,HerbaceousVegetation,0.5524174,0.008267467,38,163.0,2.9244326189412453,False
43,73,513680.0,9712420.0,33.123064625746885,-2.601802488127662,HerbaceousVegetation,0.99924964,1.8920939e-05,0,0.0,3.0929556315281594,False
43,74,514320.0,9712420.0,33.1288220255706,-2.6018019103706904,HerbaceousVegetation,0.98859453,1.294216e-05,6,26.0,3.3763357259721607,False
43,75,514960.0,9712420.0,33.13457942408213,-2.601801306202199,HerbaceousVegetation,0.82548255,0.0001564096,3,13.0,3.7486145881312156,False
43,76,515600.0,9712420.0,33.14033682122285,-2.6018006756222185,HerbaceousVegetation,0.7966172,0.030809894,23,99.0,4.186141388704443,False
43,77,516240.0,9712420.0,33.14609421693412,-2.601800018630781,HerbaceousVegetation,0.6294819,0.020239286,25,108.0,4.6706153900849685,False
43,78,516880.0,9712420.0,33.15185161115727,-2.6017993352279194,Pasture,0.8899479,0.0029806492,17,73.0,5.1889032095398315,True
43,79,517520.0,9712420.0,33.15760900383367,-2.601798625413668,HerbaceousVegetation,0.68670374,0.041187637,33,142.0,5.731839575027111,True
43,80,518160.0,9712420.0,33.16336639490468,-2.601797889188062,HerbaceousVegetation,0.5085634,0.12890263,20,86.0,6.293048014255189,True
43,81,518800.0,9712420.0,33.169123784311644,-2.6017971265511406,HerbaceousVegetation,0.84683913,0.025512457,11,47.0,6.868050793754759,True
43,82,519440.0,9712420.0,33.174881171995935,-2.601796337502941,HerbaceousVegetation,0.80952483,0.015039378,6,26.0,7.07454958006494,True
43,83,520080.0,9712420.0,33.180638557898895,-2.6017955220435023,HerbaceousVegetation,0.86857027,0.088047475,14,60.0,7.094165831553053,True
43,84,520720.0,9712420.0,33.1863959419619,-2.601794680172868,HerbaceousVegetation,0.620593,0.042542715,12,52.0,7.1710756466762104,True
43,85,521360.0,9712420.0,33.192153324126274,-2.601793811891078,HerbaceousVegetation,0.9535566,0.0031313838,5,22.0,7.303469245169068,True
44,0,466960.0,9711780.0,32.702773497124696,-2.6075634087793027,HerbaceousVegetation,0.9230043,3.5674893e-05,6,26.0,2.4835377250681496,False
44,1,467600.0,9711780.0,32.70853086062853,-2.607564762064547,HerbaceousVegetation,0.7591775,0.00046291974,13,56.0,2.143207268352982,False
44,2,468240.0,9711780.0,32.71428822710126,-2.607566088880796,HerbaceousVegetation,0.7827079,0.0057029403,8,34.0,1.9590597638677132,False
44,3,468880.0,9711780.0,32.720045596484255,-2.6075673892279814,HerbaceousVegetation,0.9937616,0.0029575962,2,9.0,1.975270341419065,False
44,4,469520.0,9711780.0,32.72580296871886,-2.6075686631060377,HerbaceousVegetation,0.9595689,0.0017317052,0,0.0,2.187389010892704,False
44,5,470160.0,9711780.0,32.73156034374644,-2.607569910514901,HerbaceousVegetation,0.9012722,0.00023098255,6,26.0,2.2849328938656632,False
44,6,470800.0,9711780.0,32.73731772150835,-2.6075711314545087,Forest,0.3780735,0.005475286,18,77.0,1.9245752331229349,False
44,7,471440.0,9711780.0,32.74307510194594,-2.6075723259247985,HerbaceousVegetation,0.93526363,0.00022722906,26,112.0,1.7338573546953293,False
44,8,472080.0,9711780.0,32.748832485000584,-2.6075734939257096,HerbaceousVegetation,0.85227716,0.011884595,15,64.0,1.7685397436619772,False
44,9,472720.0,9711780.0,32.75458987061362,-2.607574635457184,HerbaceousVegetation,0.965171,0.0080726575,30,129.0,2.017028587648886,False
44,10,473360.0,9711780.0,32.76034725872642,-2.607575750519164,HerbaceousVegetation,0.8664733,0.042149976,8,34.0,2.41418222631883,False
44,11,474000.0,9711780.0,32.76610464928034,-2.607576839111592,HerbaceousVegetation,0.9947517,0.00021699707,5,22.0,2.8995426053697897,False
44,12,474640.0,9711780.0,32.77186204221672,-2.6075779012344142,HerbaceousVegetation,0.98029476,0.0016437517,11,47.0,2.8126239948316623,False
44,13,475280.0,9711780.0,32.77761943747692,-2.607578936887576,HerbaceousVegetation,0.9610885,0.00654716,14,60.0,2.5162252850553277,False
44,14,475920.0,9711780.0,32.78337683500231,-2.6075799460710267,HerbaceousVegetation,0.93017,0.044458706,12,52.0,2.3603232054108,False
44,15,476560.0,9711780.0,32.78913423473424,-2.607580928784714,HerbaceousVegetation,0.9936335,3.7576854e-05,17,73.0,2.3727750805438053,False
44,16,477200.0,9711780.0,32.79489163661407,-2.607581885028589,HerbaceousVegetation,0.99470395,0.0005719094,1,4.0,2.5511169184689693,False
44,17,477840.0,9711780.0,32.80064904058314,-2.6075828148026026,HerbaceousVegetation,0.9036571,0.010028141,9,39.0,2.86453023732471,False
44,18,478480.0,9711780.0,32.80640644658282,-2.6075837181067074,HerbaceousVegetation,0.99915063,1.1127864e-05,5,22.0,3.274457119798106,False
44,19,479120.0,9711780.0,32.81216385455445,-2.60758459494086,HerbaceousVegetation,0.93072915,0.000578569,3,13.0,3.7493739981822904,False
44,20,479760.0,9711780.0,32.817921264439406,-2.6075854453050145,SeaLake,0.82323414,0.0072909803,0,0.0,4.2676388468442825,False
44,21,480400.0,9711780.0,32.82367867617903,-2.6075862691991274,SeaLake,0.99997544,7.9362826e-07,0,0.0,4.815275410186144,False
44,22,481040.0,9711780.0,32.82943608971468,-2.607587066623158,SeaLake,0.99980915,4.721743e-06,0,0.0,5.383327337696668,False
44,23,481680.0,9711780.0,32.835193504987714,-2.6075878375770665,HerbaceousVegetation,0.8324636,0.005973662,0,0.0,5.965965904498721,False
44,24,482320.0,9711780.0,32.84095092193949,-2.6075885820608136,SeaLake,0.9999864,2.374642e-08,0,0.0,6.559305231691096,False
44,25,482960.0,9711780.0,32.84670834051135,-2.6075893000743604,SeaLake,0.9996309,5.9958743e-06,0,0.0,7.1606857961608075,False
44,26,483600.0,9711780.0,32.852465760644655,-2.6075899916176724,SeaLake,0.9997545,4.006541e-06,0,0.0,7.1273084221601595,False
44,27,484240.0,9711780.0,32.85822318228077,-2.607590656690714,SeaLake,0.99998605,6.108828e-07,1,4.0,6.4913813019421305,True
44,28,484880.0,9711780.0,32.86398060536104,-2.6075912952934512,SeaLake,0.8591192,0.003175131,2,9.0,5.85634161143394,True
44,29,485520.0,9711780.0,32.869738029826806,-2.6075919074258525,HerbaceousVegetation,0.89520985,0.0040903846,12,52.0,5.222513085902366,True
44,30,486160.0,9711780.0,32.87549545561945,-2.607592493087886,Residential,0.6548256,0.6548256,37,159.0,4.590397455017402,False
44,31,486800.0,9711780.0,32.881252882680315,-2.607593052279524,SeaLake,0.98206323,0.0024832457,13,56.0,3.9608148981792897,False
44,32,487440.0,9711780.0,32.88701031095075,-2.607593585000735,HerbaceousVegetation,0.4579139,0.0006387871,8,34.0,3.33520022191289,False
44,33,488080.0,9711780.0,32.892767740372115,-2.607594091251496,HerbaceousVegetation,0.9685694,0.00014024907,3,13.0,2.716296446056021,False
44,34,488720.0,9711780.0,32.89852517088576,-2.6075945710317776,HerbaceousVegetation,0.70214707,0.27574626,22,95.0,2.110017119709066,False
44,35,489360.0,9711780.0,32.90428260243305,-2.607595024341558,Residential,0.993367,0.993367,382,1643.0,1.531430085924303,False
44,36,490000.0,9711780.0,32.91004003495532,-2.607595451180814,Residential,0.99915254,0.99915254,411,1767.0,1.0283890171928585,False
44,37,490640.0,9711780.0,32.91579746839394,-2.607595851549525,Residential,0.9247909,0.9247909,371,1595.0,0.7675218780540846,False
44,38,491280.0,9711780.0,32.92155490269027,-2.6075962254476672,Residential,0.9986619,0.9986619,268,1152.0,0.9694306039631947,False
44,39,491920.0,9711780.0,32.92731233778564,-2.607596572875226,Residential,0.72268796,0.72268796,559,2404.0,1.4524811732030196,False
44,40,492560.0,9711780.0,32.93306977362142,-2.6075968938321807,Residential,0.981936,0.981936,716,3079.0,1.9209456460976282,False
44,41,493200.0,9711780.0,32.93882721013897,-2.6075971883185174,Residential,0.993636,0.993636,470,2021.0,2.3278018342360873,False
44,42,493840.0,9711780.0,32.944584647279626,-2.607597456334219,Residential,0.99651057,0.99651057,457,1965.0,2.8224972247434277,False
44,43,494480.0,9711780.0,32.950342084984754,-2.6075976978792745,Residential,0.9998903,0.9998903,448,1926.0,2.419692763203858,False
44,44,495120.0,9711780.0,32.95609952319571,-2.6075979129536693,Residential,0.96577394,0.96577394,352,1514.0,1.8031371670535903,False
44,45,495760.0,9711780.0,32.96185696185384,-2.607598101557394,Residential,0.9770745,0.9770745,204,877.0,1.2111540852092166,False
44,46,496400.0,9711780.0,32.9676144009005,-2.6075982636904382,Residential,0.81300443,0.81300443,86,370.0,0.708297107877691,False
44,47,497040.0,9711780.0,32.973371840277046,-2.6075983993527942,Residential,0.762273,0.762273,106,456.0,0.5963852512737287,False
44,48,497680.0,9711780.0,32.97912927992483,-2.607598508544455,HerbaceousVegetation,0.60519564,0.34448218,76,327.0,1.0143302927773357,False
44,49,498320.0,9711780.0,32.98488671978521,-2.607598591265416,HerbaceousVegetation,0.9903239,0.0017599352,12,52.0,1.5878465032095146,False
44,50,498960.0,9711780.0,32.99064415979953,-2.6075986475156707,Residential,0.7206497,0.7206497,25,108.0,2.198373738167287,False
44,51,499600.0,9711780.0,32.99640159990916,-2.607598677295219,Highway,0.9577255,0.010846403,49,211.0,2.8219917908407415,False
44,52,500240.0,9711780.0,33.00215904005544,-2.6075986806040574,Residential,0.5917979,0.5917979,32,138.0,3.4516124119723326,False
44,53,500880.0,9711780.0,33.00791648017972,-2.607598657442187,Residential,0.936368,0.936368,76,327.0,4.08446065195766,False
44,54,501520.0,9711780.0,33.01367392022337,-2.607598607809608,Residential,0.6352965,0.6352965,56,241.0,4.242653787607156,False
44,55,502160.0,9711780.0,33.019431360127726,-2.607598531706323,HerbaceousVegetation,0.62948173,0.1944679,46,198.0,3.6192960053295278,False
44,56,502800.0,9711780.0,33.02518879983416,-2.607598429132337,HerbaceousVegetation,0.666998,0.031805642,13,56.0,3.002947882813021,False
44,57,503440.0,9711780.0,33.03094623928401,-2.607598300087654,HerbaceousVegetation,0.9960478,2.2704578e-05,4,17.0,2.3990182157683035,False
44,58,504080.0,9711780.0,33.03670367841865,-2.6075981445722816,HerbaceousVegetation,0.56068575,0.03182121,7,30.0,1.819912308954764,False
44,59,504720.0,9711780.0,33.04246111717941,-2.607597962586226,HerbaceousVegetation,0.5040277,0.0033605532,3,13.0,1.2992587213415152,False
44,60,505360.0,9711780.0,33.04821855550765,-2.6075977541294977,HerbaceousVegetation,0.599003,0.32457638,10,43.0,0.9398221308731332,False
44,61,506000.0,9711780.0,33.053975993344736,-2.607597519202107,HerbaceousVegetation,0.7570534,0.0027402174,30,129.0,0.94744817820071,False
44,62,506640.0,9711780.0,33.059733430632015,-2.607597257804065,HerbaceousVegetation,0.9769855,8.601622e-05,35,150.0,1.3157699126643578,False
44,63,507280.0,9711780.0,33.065490867310835,-2.6075969699353863,HerbaceousVegetation,0.97232133,0.000584545,29,125.0,1.8395768197522222,False
44,64,507920.0,9711780.0,33.071248303322555,-2.607596655596084,HerbaceousVegetation,0.9802577,0.0018255233,4,17.0,2.419924645204191,False
44,65,508560.0,9711780.0,33.07700573860853,-2.607596314786176,HerbaceousVegetation,0.9843238,0.0006145517,0,0.0,3.0244384108729268,False
44,66,509200.0,9711780.0,33.08276317311011,-2.607595947505676,HerbaceousVegetation,0.98681366,1.8806135e-05,2,9.0,3.6411014973302356,False
44,67,509840.0,9711780.0,33.088520606768654,-2.6075955537546065,HerbaceousVegetation,0.72146523,0.019602546,10,43.0,4.264646823191507,False
44,68,510480.0,9711780.0,33.09427803952551,-2.607595133532985,HerbaceousVegetation,0.98427236,0.000109106426,9,39.0,4.0977772982085225,False
44,69,511120.0,9711780.0,33.100035471322045,-2.6075946868408337,Pasture,0.42896843,0.035109147,19,82.0,3.811698726498113,False
44,70,511760.0,9711780.0,33.1057929020996,-2.607594213678174,HerbaceousVegetation,0.9435047,0.019248715,11,47.0,3.617390713962419,False
44,71,512400.0,9711780.0,33.111550331799535,-2.6075937140450307,HerbaceousVegetation,0.79685986,0.01019328,0,0.0,3.5300402226229295,False
44,72,513040.0,9711780.0,33.1173077603632,-2.60759318794143,HerbaceousVegetation,0.8864555,0.00095975323,1,4.0,3.5575345914284435,False
44,73,513680.0,9711780.0,33.12306518773195,-2.6075926353673964,HerbaceousVegetation,0.95933837,0.00044246923,15,64.0,3.697312640971026,False
44,74,514320.0,9711780.0,33.12882261384715,-2.6075920563229587,HerbaceousVegetation,0.8116485,0.10506154,3,13.0,3.9374343373519705,False
44,75,514960.0,9711780.0,33.134580038650135,-2.6075914508081466,HerbaceousVegetation,0.9439675,0.006768622,16,69.0,4.2609690865849466,False
44,76,515600.0,9711780.0,33.140337462082286,-2.60759081882299,HerbaceousVegetation,0.93478674,1.2703686e-05,13,56.0,4.650540393621665,False
44,77,516240.0,9711780.0,33.14609488408493,-2.607590160367522,HerbaceousVegetation,0.9988343,3.0106241e-05,1,4.0,5.091011132238954,True
44,78,516880.0,9711780.0,33.15185230459944,-2.6075894754417743,HerbaceousVegetation,0.9995634,0.00011022998,2,9.0,5.5703198062997386,True
44,79,517520.0,9711780.0,33.15760972356716,-2.607588764045782,HerbaceousVegetation,0.95095867,0.007295968,11,47.0,6.079287058556239,True
44,80,518160.0,9711780.0,33.163367140929445,-2.6075880261795827,HerbaceousVegetation,0.8564742,0.08423113,21,90.0,6.611066444697373,True
44,81,518800.0,9711780.0,33.169124556627665,-2.607587261843211,HerbaceousVegetation,0.9630305,0.0010554607,12,52.0,7.160577346281357,True
44,82,519440.0,9711780.0,33.17488197060316,-2.6075864710367065,HerbaceousVegetation,0.9979564,9.739545e-06,2,9.0,7.714487539991337,True
44,83,520080.0,9711780.0,33.180639382797295,-2.6075856537601103,HerbaceousVegetation,0.9881892,0.0011923048,10,43.0,7.7324805262903435,True
44,84,520720.0,9711780.0,33.18639679315141,-2.607584810013462,HerbaceousVegetation,0.96882164,0.0020423417,0,0.0,7.803101445850694,False
44,85,521360.0,9711780.0,33.19215420160687,-2.6075839397968066,HerbaceousVegetation,0.874767,0.0087653315,15,64.0,7.924943486171683,True
45,0,466960.0,9711140.0,32.70277213681346,-2.613353490500941,HerbaceousVegetation,0.7521698,0.0029408883,0,0.0,3.010181972932194,False
45,1,467600.0,9711140.0,32.708529526665984,-2.61335484679515,HerbaceousVegetation,0.9392014,0.0029168613,2,9.0,2.7361603157436383,False
45,2,468240.0,9711140.0,32.71428691948749,-2.613356176561509,HerbaceousVegetation,0.6476807,0.013825247,0,0.0,2.5944461907572296,False
45,3,468880.0,9711140.0,32.72004431521932,-2.6133574797999533,HerbaceousVegetation,0.9322975,0.00020388761,0,0.0,2.6067084225166166,False
45,4,469520.0,9711140.0,32.72580171380283,-2.6133587565104155,HerbaceousVegetation,0.97457427,3.073804e-05,0,0.0,2.401268880484536,False
45,5,470160.0,9711140.0,32.73155911517937,-2.613360006692832,HerbaceousVegetation,0.9866964,0.00012476936,5,22.0,1.8520161270529867,False
45,6,470800.0,9711140.0,32.73731651929032,-2.613361230347138,HerbaceousVegetation,0.97766215,0.0003976695,19,82.0,1.3831251690809583,False
45,7,471440.0,9711140.0,32.743073926076995,-2.613362427473274,PermanentCrop,0.780462,0.00017534153,9,39.0,1.1024095118539734,False
45,8,472080.0,9711140.0,32.748831335480794,-2.613363598071178,Pasture,0.5956439,0.0016198172,8,34.0,1.1561912602623332,False
45,9,472720.0,9711140.0,32.75458874744304,-2.613364742140792,HerbaceousVegetation,0.88790065,0.022921763,6,26.0,1.5091221715911167,False
45,10,473360.0,9711140.0,32.760346161905105,-2.613365859682057,HerbaceousVegetation,0.8941792,0.06686323,0,0.0,2.0093086441034327,False
45,11,474000.0,9711140.0,32.766103578808334,-2.613366950694917,HerbaceousVegetation,0.945405,0.015597874,5,22.0,2.5722349670567928,False
45,12,474640.0,9711140.0,32.771860998094084,-2.6133680151793173,HerbaceousVegetation,0.98681957,0.0048702694,4,17.0,3.1645954282073,False
45,13,475280.0,9711140.0,32.77761841970372,-2.613369053135204,HerbaceousVegetation,0.939656,0.05248085,11,47.0,3.121183120811579,False
45,14,475920.0,9711140.0,32.78337584357859,-2.613370064562524,HerbaceousVegetation,0.99341357,0.0002479831,3,13.0,2.9969184210598816,False
45,15,476560.0,9711140.0,32.78913326966005,-2.613371049461227,HerbaceousVegetation,0.8703083,0.10442962,79,340.0,3.0067351016238533,False
45,16,477200.0,9711140.0,32.79489069788944,-2.6133720078312628,Residential,0.71698034,0.71698034,33,142.0,3.149379608777886,False
45,17,477840.0,9711140.0,32.800648128208145,-2.613372939672584,HerbaceousVegetation,0.9623123,0.008047132,53,228.0,3.408214762751153,False
45,18,478480.0,9711140.0,32.806405560557494,-2.6133738449851416,HerbaceousVegetation,0.6330579,0.00070727814,31,133.0,3.7593169350141054,False
45,19,479120.0,9711140.0,32.81216299487885,-2.613374723768892,HerbaceousVegetation,0.9159428,0.00065671006,5,22.0,4.179497549554587,False
45,20,479760.0,9711140.0,32.81792043111356,-2.613375576023789,HerbaceousVegetation,0.98091257,0.00016371375,7,30.0,4.650068356011741,False
45,21,480400.0,9711140.0,32.82367786920299,-2.613376401749791,Pasture,0.5506625,0.0051911427,5,22.0,5.1572542757198505,True
45,22,481040.0,9711140.0,32.82943530908848,-2.613377200946855,SeaLake,0.99365175,0.00037214067,44,189.0,5.691274691427188,True
45,23,481680.0,9711140.0,32.83519275071139,-2.6133779736149414,SeaLake,0.99964607,5.4524216e-06,0,0.0,6.245249679726871,False
45,24,482320.0,9711140.0,32.84095019401308,-2.613378719754011,SeaLake,0.99975806,3.7842865e-06,0,0.0,6.814314309670308,False
45,25,482960.0,9711140.0,32.8467076389349,-2.6133794393640266,SeaLake,0.9996389,6.096958e-06,0,0.0,7.39498583229383,False
45,26,483600.0,9711140.0,32.8524650854182,-2.613380132444951,SeaLake,0.99984264,2.4718245e-06,0,0.0,7.082765502446295,False
45,27,484240.0,9711140.0,32.85822253340434,-2.61338079899675,SeaLake,0.99951077,8.7580065e-06,0,0.0,6.443485351207728,False
45,28,484880.0,9711140.0,32.863979982834664,-2.6133814390193884,SeaLake,0.98047423,0.00068403035,4,17.0,5.80436385660081,True
45,29,485520.0,9711140.0,32.86973743365053,-2.6133820525128364,HerbaceousVegetation,0.9979473,0.00011339194,58,249.0,5.1654599106371055,True
45,30,486160.0,9711140.0,32.875494885793294,-2.6133826394770607,HerbaceousVegetation,0.9873097,0.0011761808,110,473.0,4.526865626124145,False
45,31,486800.0,9711140.0,32.8812523392043,-2.6133831999120334,Residential,0.99667335,0.99667335,288,1238.0,3.8880578084370776,False
45,32,487440.0,9711140.0,32.88700979382491,-2.613383733817725,HerbaceousVegetation,0.44421837,0.06999085,133,572.0,3.2484610793970283,False
45,33,488080.0,9711140.0,32.89276724959648,-2.613384241194108,HerbaceousVegetation,0.99706286,2.4303465e-05,1,4.0,2.6090621393454936,False
45,34,488720.0,9711140.0,32.89852470646036,-2.613384722041159,HerbaceousVegetation,0.8372866,0.02965278,34,146.0,1.9700535803817263,False
45,35,489360.0,9711140.0,32.904282164357895,-2.613385176358852,Residential,0.997428,0.997428,350,1505.0,1.331997361928181,False
45,36,490000.0,9711140.0,32.910039623230446,-2.613385604147164,HerbaceousVegetation,0.5200737,0.43457267,102,439.0,0.6975118886387597,False
45,37,490640.0,9711140.0,32.91579708301936,-2.613386005406074,Residential,0.9424688,0.9424688,308,1324.0,0.1342709849564869,False
45,38,491280.0,9711140.0,32.92155454366599,-2.6133863801355623,Residential,0.9369121,0.9369121,427,1836.0,0.6072351768548662,False
45,39,491920.0,9711140.0,32.9273120051117,-2.613386728335608,HerbaceousVegetation,0.46468303,0.02226225,358,1539.0,1.24041945430517,False
45,40,492560.0,9711140.0,32.93306946729783,-2.613387050006196,Residential,0.9649757,0.9649757,543,2335.0,1.8782295613762212,False
45,41,493200.0,9711140.0,32.93882693016574,-2.613387345147308,HerbaceousVegetation,0.78650653,0.14841314,524,2253.0,2.5171515941310103,False
45,42,493840.0,9711140.0,32.944584393656775,-2.61338761375893,Residential,0.99791676,0.99791676,360,1548.0,3.1565104166539766,False
45,43,494480.0,9711140.0,32.950341857712296,-2.613387855841048,Residential,0.9954661,0.9954661,329,1415.0,2.6421456634835683,False
45,44,495120.0,9711140.0,32.95609932227365,-2.6133880713936506,HerbaceousVegetation,0.59970826,0.21244037,345,1484.0,2.0922056022231543,False
45,45,495760.0,9711140.0,32.961856787282194,-2.613388260416726,HerbaceousVegetation,0.847157,0.13874935,40,172.0,1.6102530412586957,False
45,46,496400.0,9711140.0,32.96761425267928,-2.613388422910265,HerbaceousVegetation,0.96441334,0.031646196,20,86.0,1.2758155947439294,False
45,47,497040.0,9711140.0,32.973371718406256,-2.61338855887426,HerbaceousVegetation,0.7595099,0.042395767,26,112.0,1.2172493609366706,False
45,48,497680.0,9711140.0,32.97912918440447,-2.613388668308704,Residential,0.9418325,0.9418325,52,224.0,1.4679531946249718,False
45,49,498320.0,9711140.0,32.984886650615294,-2.61338875121359,HerbaceousVegetation,0.9761865,0.00064381195,30,129.0,1.9097845837995937,False
45,50,498960.0,9711140.0,32.990644116980064,-2.613388807588915,HerbaceousVegetation,0.98813105,0.00036422408,5,22.0,2.4410792144925395,False
45,51,499600.0,9711140.0,32.996401583440125,-2.6133888374346763,HerbaceousVegetation,0.96622044,0.008391866,25,108.0,3.014906019486584,False
45,52,500240.0,9711140.0,33.00215904993686,-2.613388840750872,HerbaceousVegetation,0.96446,0.00075946935,21,90.0,3.611045400053199,False
45,53,500880.0,9711140.0,33.00791651641158,-2.613388817537502,HerbaceousVegetation,0.94157207,0.025840238,28,120.0,4.22005206794351,False
45,54,501520.0,9711140.0,33.01367398280567,-2.613388767794568,HerbaceousVegetation,0.9484637,0.030432286,21,90.0,4.421075938831642,False
45,55,502160.0,9711140.0,33.01943144906048,-2.6133886915220708,Residential,0.9008601,0.9008601,22,95.0,3.8268923253226,False
45,56,502800.0,9711140.0,33.02518891511735,-2.613388588720017,Highway,0.5287093,0.012754075,88,378.0,3.2501534244262906,False
45,57,503440.0,9711140.0,33.030946380917634,-2.613388459388409,HerbaceousVegetation,0.98884016,0.00035563816,14,60.0,2.7020528668045847,False
45,58,504080.0,9711140.0,33.03670384640268,-2.613388303527255,Residential,0.44404367,0.44404367,14,60.0,2.2040603684345403,False
45,59,504720.0,9711140.0,33.04246131151386,-2.613388121136563,Highway,0.9194036,0.0042068316,20,86.0,1.7982976729120037,False
45,60,505360.0,9711140.0,33.04821877619251,-2.613387912216342,HerbaceousVegetation,0.955381,0.0057738377,34,146.0,1.5585464167286311,False
45,61,506000.0,9711140.0,33.05397624037999,-2.613387676766601,HerbaceousVegetation,0.9735421,1.06990865e-05,18,77.0,1.5631568525885635,False
45,62,506640.0,9711140.0,33.059733704017646,-2.6133874147873533,HerbaceousVegetation,0.8166293,0.0027666315,62,267.0,1.8102628976177773,False
45,63,507280.0,9711140.0,33.06549116704684,-2.6133871262786124,HerbaceousVegetation,0.9426072,0.00027131205,21,90.0,2.2203252399566242,False
45,64,507920.0,9711140.0,33.071248629408906,-2.6133868112403924,HerbaceousVegetation,0.95595145,0.0004279411,17,73.0,2.7206316516363196,False
45,65,508560.0,9711140.0,33.07700609104522,-2.6133864696727094,HerbaceousVegetation,0.99349666,6.509522e-05,0,0.0,3.270019724188571,False
45,66,509200.0,9711140.0,33.08276355189712,-2.6133861015755806,HerbaceousVegetation,0.79597336,0.00036685323,21,90.0,3.8475214631343153,False
45,67,509840.0,9711140.0,33.08852101190596,-2.6133857069490243,HerbaceousVegetation,0.9914046,0.003808491,92,396.0,4.442185703229453,False
45,68,510480.0,9711140.0,33.094278471013105,-2.6133852857930604,HerbaceousVegetation,0.81816685,0.0008687121,35,150.0,4.659906116242636,False
45,69,511120.0,9711140.0,33.100035929159894,-2.6133848381077107,HerbaceousVegetation,0.50488347,0.027486436,3,13.0,4.410441407395606,False
45,70,511760.0,9711140.0,33.10579338628768,-2.613384363892997,HerbaceousVegetation,0.9479958,0.0002049032,0,0.0,4.243637803105247,False
45,71,512400.0,9711140.0,33.11155084233782,-2.613383863148945,HerbaceousVegetation,0.99640214,3.1567037e-05,4,17.0,4.169428042288071,False
45,72,513040.0,9711140.0,33.11730829725167,-2.613383335875578,HerbaceousVegetation,0.829544,0.084337704,4,17.0,4.192731638883216,False
45,73,513680.0,9711140.0,33.12306575097058,-2.6133827820729225,HerbaceousVegetation,0.7891691,0.0019505492,8,34.0,4.311967879236409,False
45,74,514320.0,9711140.0,33.1288232034359,-2.6133822017410084,HerbaceousVegetation,0.97051704,0.0002297276,17,73.0,4.519550352351519,False
45,75,514960.0,9711140.0,33.134580654588994,-2.613381594879864,HerbaceousVegetation,0.9493449,0.00023930638,2,9.0,4.8040403602920465,False
45,76,515600.0,9711140.0,33.1403381043712,-2.61338096148952,Pasture,0.6363456,0.00048939924,27,116.0,5.1527150298836775,True
45,77,516240.0,9711140.0,33.146095552723885,-2.613380301570007,HerbaceousVegetation,0.9432647,0.005219252,1,4.0,5.553498048533316,True
45,78,516880.0,9711140.0,33.15185299958839,-2.613379615121361,HerbaceousVegetation,0.9870955,0.004310662,6,26.0,5.995949380284789,True
45,79,517520.0,9711140.0,33.15761044490608,-2.613378902143616,HerbaceousVegetation,0.75363296,0.01613659,2,9.0,6.471528209535345,True
45,80,518160.0,9711140.0,33.163367888618296,-2.6133781626368053,HerbaceousVegetation,0.928528,0.005117144,14,60.0,6.973460099741445,True
45,81,518800.0,9711140.0,33.169125330666404,-2.6133773966009697,HerbaceousVegetation,0.92425656,0.002045418,16,69.0,7.496453438697539,True
45,82,519440.0,9711140.0,33.17488277099175,-2.6133766040361457,HerbaceousVegetation,0.9657088,0.00010291392,0,0.0,8.036397361656178,False
45,83,520080.0,9711140.0,33.18064020953569,-2.613375784942375,HerbaceousVegetation,0.89815384,0.01437887,5,22.0,8.371052582163365,True
45,84,520720.0,9711140.0,33.18639764623958,-2.613374939319698,HerbaceousVegetation,0.9372323,0.00018911174,4,17.0,8.436329676946116,True
45,85,521360.0,9711140.0,33.19215508104477,-2.613374067168157,HerbaceousVegetation,0.94125706,0.0002456562,7,30.0,8.549151741716809,True
46,0,466960.0,9710500.0,32.7027707734746,-2.6191435716866214,Forest,0.68912333,0.07004058,0,0.0,3.5740217386713296,False
46,1,467600.0,9710500.0,32.70852818973448,-2.61914493098982,HerbaceousVegetation,0.6910604,0.025422642,6,26.0,3.3464920665944513,False
46,2,468240.0,9710500.0,32.7142856089634,-2.619146263706316,HerbaceousVegetation,0.91646284,0.038835786,24,103.0,3.231653897784225,False
46,3,468880.0,9710500.0,32.72004303110271,-2.619147569836044,Residential,0.64222175,0.64222175,17,73.0,2.8195152319676517,False
46,4,469520.0,9710500.0,32.72580045609377,-2.619148849378936,HerbaceousVegetation,0.9151278,0.00078654184,5,22.0,2.1895975981395503,False
46,5,470160.0,9710500.0,32.731557883877926,-2.6191501023349284,HerbaceousVegetation,0.95226383,0.00031548043,7,30.0,1.5678677049609049,False
46,6,470800.0,9710500.0,32.73731531439654,-2.6191513287039587,HerbaceousVegetation,0.97555953,0.00067428057,7,30.0,0.9701961856966149,False
46,7,471440.0,9710500.0,32.74307274759096,-2.619152528485964,HerbaceousVegetation,0.9855372,0.0001605154,13,56.0,0.4935100173463015,False
46,8,472080.0,9710500.0,32.74883018340254,-2.6191537016808835,HerbaceousVegetation,0.8868492,0.008723815,11,47.0,0.6041718594092521,False
46,9,472720.0,9710500.0,32.75458762177264,-2.619154848288658,HerbaceousVegetation,0.8333742,0.006349055,13,56.0,1.142670177340303,False
46,10,473360.0,9710500.0,32.760345062642614,-2.619155968309231,HerbaceousVegetation,0.99772257,0.00088333443,1,4.0,1.7508759615300582,False
46,11,474000.0,9710500.0,32.76610250595381,-2.6191570617425444,HerbaceousVegetation,0.9675955,0.0040678144,2,9.0,2.375844719493404,False
46,12,474640.0,9710500.0,32.771859951647585,-2.619158128588543,HerbaceousVegetation,0.75838083,0.00075480266,6,26.0,3.007143100955719,False
46,13,475280.0,9710500.0,32.77761739966529,-2.6191591688471743,HerbaceousVegetation,0.94803244,0.0071991454,18,77.0,3.641480623057943,False
46,14,475920.0,9710500.0,32.78337484994828,-2.6191601825183843,HerbaceousVegetation,0.8293328,0.14718953,6,26.0,3.6347096735468973,False
46,15,476560.0,9710500.0,32.78913230243791,-2.6191611696021218,HerbaceousVegetation,0.9951965,0.00025780365,9,39.0,3.6428080322498935,False
46,16,477200.0,9710500.0,32.79488975707554,-2.619162130098338,HerbaceousVegetation,0.97934157,0.00623769,18,77.0,3.761407490378208,False
46,17,477840.0,9710500.0,32.8006472138025,-2.619163064006984,HerbaceousVegetation,0.95376086,0.012675649,10,43.0,3.9806434476755435,False
46,18,478480.0,9710500.0,32.80640467256016,-2.619163971328012,HerbaceousVegetation,0.97469014,0.0010887284,11,47.0,4.285097222510965,False
46,19,479120.0,9710500.0,32.81216213328988,-2.6191648520613766,HerbaceousVegetation,0.8018202,0.006139449,18,77.0,4.658089109841088,False
46,20,479760.0,9710500.0,32.817919595933,-2.619165706207033,Pasture,0.55130315,0.0064555644,2,9.0,5.0845580047895105,True
46,21,480400.0,9710500.0,32.82367706043087,-2.61916653376494,HerbaceousVegetation,0.9811996,0.0025402561,110,473.0,5.552194705962501,True
46,22,481040.0,9710500.0,32.829434526724846,-2.6191673347350526,HerbaceousVegetation,0.45414326,0.16089633,114,490.0,6.051462798511363,True
46,23,481680.0,9710500.0,32.83519199475629,-2.619168109117332,SeaLake,0.99975854,3.6606245e-06,0,0.0,6.575160678691884,False
46,24,482320.0,9710500.0,32.840949464466554,-2.61916885691174,SeaLake,0.9996702,5.6358167e-06,0,0.0,7.117898137755616,False
46,25,482960.0,9710500.0,32.84670693579697,-2.619169578118237,SeaLake,0.9997747,3.5390028e-06,0,0.0,7.675637422931976,False
46,26,483600.0,9710500.0,32.85246440868891,-2.619170272736788,SeaLake,0.9996781,4.3017412e-06,0,0.0,7.082736574404896,False
46,27,484240.0,9710500.0,32.858221883083715,-2.6191709407673573,SeaLake,0.9999865,1.03434e-06,0,0.0,6.4434535531031845,False
46,28,484880.0,9710500.0,32.86397935892275,-2.61917158220991,SeaLake,0.93535846,0.0018020377,0,0.0,5.804328557170356,False
46,29,485520.0,9710500.0,32.869736836147354,-2.619172197064416,HerbaceousVegetation,0.89152545,0.0020685447,41,176.0,5.165420245068988,True
46,30,486160.0,9710500.0,32.87549431469888,-2.619172785330844,Residential,0.9880661,0.9880661,113,486.0,4.5268203649751575,False
46,31,486800.0,9710500.0,32.88125179451869,-2.619173347009162,Residential,0.99498934,0.99498934,97,417.0,3.8886808721389157,False
46,32,487440.0,9710500.0,32.887009275548124,-2.619173882099344,HerbaceousVegetation,0.98201907,0.012134299,51,219.0,3.2512728636526855,False
46,33,488080.0,9710500.0,32.892766757728545,-2.619174390601361,River,0.4193277,0.046097156,8,34.0,2.615131266783675,False
46,34,488720.0,9710500.0,32.8985242410013,-2.619174872515188,HerbaceousVegetation,0.4823428,0.41823286,52,224.0,1.9814761797949645,False
46,35,489360.0,9710500.0,32.904281725307726,-2.6191753278408023,Residential,0.9096128,0.9096128,226,972.0,1.353803589772203,False
46,36,490000.0,9710500.0,32.9100392105892,-2.6191757565781795,HerbaceousVegetation,0.6523271,0.28988004,26,112.0,0.7473422698237798,False
46,37,490640.0,9710500.0,32.915796696787055,-2.619176158727297,Residential,0.80982393,0.80982393,166,714.0,0.3216469755036034,False
46,38,491280.0,9710500.0,32.92155418384265,-2.6191765342881363,Residential,0.9994017,0.9994017,378,1625.0,0.6838077839830956,False
46,39,491920.0,9710500.0,32.92731167169733,-2.619176883260677,Residential,0.9975413,0.9975413,283,1217.0,1.2848849730700131,False
46,40,492560.0,9710500.0,32.93306916029246,-2.619177205644904,Residential,0.98331994,0.98331994,470,2021.0,1.9114041180782217,False
46,41,493200.0,9710500.0,32.93882664956938,-2.6191775014407974,Residential,0.99336135,0.99336135,443,1905.0,2.544641823752734,False
46,42,493840.0,9710500.0,32.94458413946944,-2.6191777706483443,Residential,0.9984114,0.9984114,453,1948.0,3.1805877318157565,False
46,43,494480.0,9710500.0,32.950341629934,-2.619178013267532,Residential,0.6810292,0.6810292,578,2485.0,2.9876670406571293,False
46,44,495120.0,9710500.0,32.95609912090441,-2.619178229298345,Residential,0.906733,0.906733,454,1952.0,2.5144671246086827,False
46,45,495760.0,9710500.0,32.96185661232201,-2.6191784187407747,Residential,0.98275155,0.98275155,305,1312.0,2.1302900027101437,False
46,46,496400.0,9710500.0,32.96761410412817,-2.6191785815948125,HerbaceousVegetation,0.86244494,0.12946355,160,688.0,1.890218524550987,False
46,47,497040.0,9710500.0,32.973371596264215,-2.619178717860449,HerbaceousVegetation,0.52934635,0.3705924,17,73.0,1.8511933031060364,False
46,48,497680.0,9710500.0,32.97912908867152,-2.6191788275376764,HerbaceousVegetation,0.97509426,0.00020231337,14,60.0,2.024872149142648,False
46,49,498320.0,9710500.0,32.98488658129142,-2.6191789106264904,Residential,0.8380491,0.8380491,22,95.0,2.3648462519331974,False
46,50,498960.0,9710500.0,32.99064407406528,-2.6191789671268864,Residential,0.7343174,0.7343174,68,292.0,2.81142105885821,False
46,51,499600.0,9710500.0,32.996401566934445,-2.619178997038862,HerbaceousVegetation,0.7021584,0.2591656,78,335.0,3.321878827576398,False
46,52,500240.0,9710500.0,33.00215905984026,-2.619179000362414,HerbaceousVegetation,0.9424913,0.0005298754,15,64.0,3.871029516809356,False
46,53,500880.0,9710500.0,33.00791655272409,-2.6191789770975444,HerbaceousVegetation,0.9960557,8.791845e-05,18,77.0,4.444553981550702,False
46,54,501520.0,9710500.0,33.013674045527274,-2.6191789272442536,HerbaceousVegetation,0.9930292,9.921194e-05,8,34.0,4.680909500549527,False
46,55,502160.0,9710500.0,33.019431538191164,-2.619178850802544,Residential,0.62099713,0.62099713,3,13.0,4.124330996056421,False
46,56,502800.0,9710500.0,33.02518903065712,-2.61917874777242,HerbaceousVegetation,0.85444665,0.072899684,40,172.0,3.5956221405660362,False
46,57,503440.0,9710500.0,33.03094652286648,-2.6191786181538848,HerbaceousVegetation,0.31644493,0.14639959,97,417.0,3.1090337711941327,False
46,58,504080.0,9710500.0,33.0367040147606,-2.6191784619469463,Highway,0.73725337,0.011279851,94,404.0,2.687542260713781,False
46,59,504720.0,9710500.0,33.04246150628084,-2.6191782791516136,HerbaceousVegetation,0.8829135,0.030865015,12,52.0,2.366194374057099,False
46,60,505360.0,9710500.0,33.04821899736855,-2.619178069767895,HerbaceousVegetation,0.9129905,0.0010066546,5,22.0,2.1895360760938365,False
46,61,506000.0,9710500.0,33.053976487965066,-2.6191778337958005,HerbaceousVegetation,0.9918824,2.3632087e-05,9,39.0,2.1928202482678154,False
46,62,506640.0,9710500.0,33.05973397801175,-2.619177571235342,HerbaceousVegetation,0.99773467,0.00011903309,17,73.0,2.3753006239022145,False
46,63,507280.0,9710500.0,33.06549146744995,-2.6191772820865338,HerbaceousVegetation,0.9644291,0.0007807767,19,82.0,2.700897159576273,False
46,64,507920.0,9710500.0,33.07124895622103,-2.6191769663493893,HerbaceousVegetation,0.9933066,0.00045084936,25,108.0,3.125194054663503,False
46,65,508560.0,9710500.0,33.07700644426632,-2.6191766240239254,HerbaceousVegetation,0.9721346,0.0002120439,0,0.0,3.6135896684600253,False
46,66,509200.0,9710500.0,33.08276393152718,-2.6191762551101587,HerbaceousVegetation,0.99943715,0.0001063172,22,95.0,4.143479540760152,False
46,67,509840.0,9710500.0,33.088521417944975,-2.619175859608109,HerbaceousVegetation,0.9965204,0.00042504453,21,90.0,4.700852594731607,False
46,68,510480.0,9710500.0,33.09427890346104,-2.6191754375177947,HerbaceousVegetation,0.99089915,0.000120036995,2,9.0,5.239930461244492,True
46,69,511120.0,9710500.0,33.10003638801673,-2.619174988839238,HerbaceousVegetation,0.99385566,6.621294e-05,5,22.0,5.019376418894295,True
46,70,511760.0,9710500.0,33.1057938715534,-2.6191745135724616,HerbaceousVegetation,0.9821557,0.00054226123,20,86.0,4.8734595546107,False
46,71,512400.0,9710500.0,33.1115513540124,-2.6191740117174893,HerbaceousVegetation,0.9602383,0.0032585324,27,116.0,4.808978730073624,False
46,72,513040.0,9710500.0,33.11730883533508,-2.619173483274346,HerbaceousVegetation,0.49247596,0.465768,14,60.0,4.829197119830037,False
46,73,513680.0,9710500.0,33.12306631546279,-2.61917292824306,PermanentCrop,0.62876743,0.042048093,29,125.0,4.933073404891613,False
46,74,514320.0,9710500.0,33.128823794336896,-2.6191723466236567,HerbaceousVegetation,0.64102054,0.002632138,58,249.0,5.115513817195994,True
46,75,514960.0,9710500.0,33.134581271898725,-2.619171738416168,HerbaceousVegetation,0.9736422,0.008780429,30,129.0,5.368514693078276,True
46,76,515600.0,9710500.0,33.14033874808965,-2.619171103620623,HerbaceousVegetation,0.9353421,0.0013775995,17,73.0,5.682659448328004,True
46,77,516240.0,9710500.0,33.14609622285101,-2.6191704422370545,HerbaceousVegetation,0.8218986,0.0050959256,22,95.0,6.048428457173461,True
46,78,516880.0,9710500.0,33.151853696124164,-2.619169754265496,HerbaceousVegetation,0.929461,0.031771645,9,39.0,6.4570546844068115,True
46,79,517520.0,9710500.0,33.15761116785046,-2.619169039705982,HerbaceousVegetation,0.9101292,0.0011931837,9,39.0,6.9009291833269915,True
46,80,518160.0,9710500.0,33.16336863797126,-2.6191682985585487,HerbaceousVegetation,0.93149066,0.0006179291,9,39.0,7.373689170908166,True
46,81,518800.0,9710500.0,33.1691261064279,-2.6191675308232334,HerbaceousVegetation,0.96736044,0.00078166055,11,47.0,7.870130900121201,True
46,82,519440.0,9710500.0,33.17488357316175,-2.619166736500075,HerbaceousVegetation,0.67599595,0.12825093,4,17.0,8.1738456374911,True
46,83,520080.0,9710500.0,33.180641038114146,-2.6191659155891136,HerbaceousVegetation,0.99889153,1.4455097e-05,0,0.0,8.289513409642511,False
46,84,520720.0,9710500.0,33.18639850122645,-2.619165068090391,HerbaceousVegetation,0.876721,0.0058623767,7,30.0,8.45218981280909,True
46,85,521360.0,9710500.0,33.19215596244001,-2.6191641940039485,PermanentCrop,0.5691262,0.00065991806,13,56.0,8.659225871569843,True
47,0,466960.0,9709860.0,32.70276940710806,-2.6249336523351574,HerbaceousVegetation,0.7009342,0.0006006132,0,0.0,3.0933388936943844,False
47,1,467600.0,9709860.0,32.70852684983394,-2.624935014647372,HerbaceousVegetation,0.97616917,0.008239774,7,30.0,2.8922106446648286,False
47,2,468240.0,9709860.0,32.71428429552892,-2.62493635031403,Forest,0.8699348,0.060531273,4,17.0,2.8249281964295463,False
47,3,468880.0,9709860.0,32.72004174413436,-2.624937659335066,HerbaceousVegetation,0.987301,0.009919704,10,43.0,2.792330845135052,False
47,4,469520.0,9709860.0,32.725799195591605,-2.6249389417104143,HerbaceousVegetation,0.8697276,0.010575886,5,22.0,2.154479762535151,False
47,5,470160.0,9709860.0,32.73155664984202,-2.6249401974400084,Pasture,0.7418681,0.004530213,16,69.0,1.5184381928990083,False
47,6,470800.0,9709860.0,32.73731410682695,-2.6249414265237854,Residential,0.6055428,0.6055428,26,112.0,0.8881024964131626,False
47,7,471440.0,9709860.0,32.74307156648775,-2.624942628961683,HerbaceousVegetation,0.85716516,0.08628953,106,456.0,0.30165798947844535,False
47,8,472080.0,9709860.0,32.748829028765776,-2.6249438047536406,HerbaceousVegetation,0.94890934,0.0047725257,22,95.0,0.4609436419965721,False
47,9,472720.0,9709860.0,32.75458649360237,-2.6249449538996004,HerbaceousVegetation,0.987028,0.00014178084,3,13.0,1.0738438152626992,False
47,10,473360.0,9709860.0,32.7603439609389,-2.624946076399502,HerbaceousVegetation,0.83229315,0.005156972,1,4.0,1.7067548265813801,False
47,11,474000.0,9709860.0,32.76610143071671,-2.62494717225329,HerbaceousVegetation,0.80742997,0.011859107,2,9.0,2.343519476458372,False
47,12,474640.0,9709860.0,32.77185890287714,-2.6249482414609084,HerbaceousVegetation,0.9788931,0.0008315216,0,0.0,2.9816698400427586,False
47,13,475280.0,9709860.0,32.77761637736157,-2.6249492840223034,HerbaceousVegetation,0.9849261,0.00093302375,11,47.0,3.6204732471738406,False
47,14,475920.0,9709860.0,32.78337385411133,-2.6249502999374226,HerbaceousVegetation,0.6981626,0.20863302,6,26.0,4.259635903687355,False
47,15,476560.0,9709860.0,32.789131333067786,-2.624951289206215,HerbaceousVegetation,0.98233026,0.004103167,8,34.0,4.280051956263111,False
47,16,477200.0,9709860.0,32.794888814172275,-2.624952251828629,HerbaceousVegetation,0.98512936,0.008644639,2,9.0,4.381435917271943,False
47,17,477840.0,9709860.0,32.800646297366164,-2.624953187804619,HerbaceousVegetation,0.8532302,0.011456021,2,9.0,4.571030151509567,False
47,18,478480.0,9709860.0,32.806403782590785,-2.624954097134134,HerbaceousVegetation,0.9198604,0.00057663856,4,17.0,4.838476267882124,False
47,19,479120.0,9709860.0,32.81216126978751,-2.624954979817131,Pasture,0.33043516,0.00047412456,10,43.0,5.171710407950882,True
47,20,479760.0,9709860.0,32.81791875889768,-2.624955835853564,HerbaceousVegetation,0.9660375,5.8922167e-05,0,0.0,5.558913967004385,False
47,21,480400.0,9709860.0,32.82367624986264,-2.62495666524339,HerbaceousVegetation,0.9983621,1.4174713e-05,0,0.0,5.989629407685033,False
47,22,481040.0,9709860.0,32.82943374262376,-2.6249574679865684,HerbaceousVegetation,0.98997027,4.35504e-05,4,17.0,6.455152700769697,True
47,23,481680.0,9709860.0,32.83519123712239,-2.6249582440830563,SeaLake,0.99964654,5.86958e-06,0,0.0,6.902472771478566,False
47,24,482320.0,9709860.0,32.840948733299854,-2.624958993532816,SeaLake,0.9997957,4.343195e-06,0,0.0,7.213640376732831,False
47,25,482960.0,9709860.0,32.84670623109752,-2.624959716335809,SeaLake,0.9997303,4.314954e-06,0,0.0,7.56625961811101,False
47,26,483600.0,9709860.0,32.85246373045675,-2.6249604124919994,SeaLake,0.9997489,4.4038143e-06,0,0.0,7.140304447443559,False
47,27,484240.0,9709860.0,32.85822123131888,-2.624961082001352,SeaLake,0.99960494,3.488601e-06,1,4.0,6.5066799453152395,True
47,28,484880.0,9709860.0,32.86397873362526,-2.6249617248638324,Residential,0.96365964,0.96365964,150,645.0,5.874437864115407,True
47,29,485520.0,9709860.0,32.86973623731725,-2.6249623410794087,Residential,0.8118778,0.8118778,123,529.0,5.2440782343456736,True
47,30,486160.0,9709860.0,32.8754937423362,-2.624962930648049,Residential,0.9967726,0.9967726,170,731.0,4.616372259309608,False
47,31,486800.0,9709860.0,32.88125124862344,-2.624963493569725,Residential,0.88345826,0.88345826,90,387.0,3.992571745768453,False
47,32,487440.0,9709860.0,32.88700875612035,-2.6249640298444064,Residential,0.63252175,0.63252175,120,516.0,3.374843026526391,False
47,33,488080.0,9709860.0,32.89276626476827,-2.624964539472068,Residential,0.95941144,0.95941144,16,69.0,2.7672552759510762,False
47,34,488720.0,9709860.0,32.89852377450855,-2.624965022452682,Residential,0.5802167,0.5802167,5,22.0,2.17831082971745,False
47,35,489360.0,9709860.0,32.90428128528253,-2.6249654787862258,HerbaceousVegetation,0.94286627,0.02989813,36,155.0,1.6283655546128395,False
47,36,490000.0,9709860.0,32.91003879703156,-2.624965908472675,HerbaceousVegetation,0.58473766,0.11249765,3,13.0,1.1735888070507647,False
47,37,490640.0,9709860.0,32.91579630969701,-2.624966311512009,HerbaceousVegetation,0.9551612,0.016810644,39,168.0,0.9603369182844599,False
47,38,491280.0,9709860.0,32.921553823220215,-2.624966687904207,HerbaceousVegetation,0.6032712,0.36520523,94,404.0,1.1341883905266135,False
47,39,491920.0,9709860.0,32.92731133754253,-2.62496703764925,Residential,0.99806815,0.99806815,425,1828.0,1.5715341592821348,False
47,40,492560.0,9709860.0,32.9330688526053,-2.6249673607471204,Residential,0.99879074,0.99879074,293,1260.0,2.114770891225776,False
47,41,493200.0,9709860.0,32.93882636834988,-2.624967657197802,Residential,0.99894625,0.99894625,502,2159.0,2.70073920084134,False
47,42,493840.0,9709860.0,32.944583884717616,-2.624967927001279,Residential,0.9984989,0.9984989,748,3216.0,3.306800347699627,False
47,43,494480.0,9709860.0,32.950341401649865,-2.624968170157539,Residential,0.99917096,0.99917096,737,3169.0,3.4191482835046556,False
47,44,495120.0,9709860.0,32.956098919087964,-2.6249683866665685,Residential,0.9986363,0.9986363,634,2726.0,3.014459414140745,False
47,45,495760.0,9709860.0,32.96185643697328,-2.624968576528357,HerbaceousVegetation,0.96589214,0.022751141,106,456.0,2.7023242097147944,False
47,46,496400.0,9709860.0,32.96761395524715,-2.624968739742896,HerbaceousVegetation,0.97649765,0.0032257598,128,550.0,2.517408729094188,False
47,47,497040.0,9709860.0,32.973371473850925,-2.624968876310176,Residential,0.80891126,0.80891126,112,482.0,2.4882397963678144,False
47,48,497680.0,9709860.0,32.979128992725954,-2.624968986230191,HerbaceousVegetation,0.81139123,0.17784925,76,327.0,2.6200244004851307,False
47,49,498320.0,9709860.0,32.984886511813606,-2.624969069502934,HerbaceousVegetation,0.93013304,0.017242238,53,228.0,2.890833518908759,False
47,50,498960.0,9709860.0,32.990644031055204,-2.624969126128401,Residential,0.51940626,0.51940626,85,366.0,3.266268361441742,False
47,51,499600.0,9709860.0,32.99640155039211,-2.624969156106592,Residential,0.58613867,0.58613867,68,292.0,3.7147408501622627,False
47,52,500240.0,9709860.0,33.00215906976567,-2.624969159437501,HerbaceousVegetation,0.9928652,2.2879996e-05,8,34.0,4.212990643091103,False
47,53,500880.0,9709860.0,33.00791658911724,-2.624969136121132,Highway,0.87389255,0.0005229717,18,77.0,4.720635976650264,False
47,54,501520.0,9709860.0,33.01367410838816,-2.6249690861574826,HerbaceousVegetation,0.9186735,0.025274582,36,155.0,5.009502475072106,True
47,55,502160.0,9709860.0,33.01943162751979,-2.624969009546558,Residential,0.90076363,0.90076363,38,163.0,4.493807679513053,False
47,56,502800.0,9709860.0,33.02518914645347,-2.624968906288361,HerbaceousVegetation,0.9964095,4.0810002e-05,24,103.0,4.014062763977094,False
47,57,503440.0,9709860.0,33.03094666513056,-2.624968776382897,HerbaceousVegetation,0.7494905,0.015073246,12,52.0,3.5847304341950665,False
47,58,504080.0,9709860.0,33.03670418349241,-2.6249686198301725,Residential,0.7326546,0.7326546,37,159.0,3.226001348192725,False
47,59,504720.0,9709860.0,33.04246170148036,-2.624968436630195,Highway,0.56778586,0.014684745,29,125.0,2.963625669891224,False
47,60,505360.0,9709860.0,33.04821921903576,-2.6249682267829746,HerbaceousVegetation,0.98969394,0.001816267,14,60.0,2.824583070815078,False
47,61,506000.0,9709860.0,33.05397673609997,-2.624967990288521,HerbaceousVegetation,0.9418863,0.01699324,28,120.0,2.827129628551203,False
47,62,506640.0,9709860.0,33.059734252614334,-2.624967727146847,HerbaceousVegetation,0.9985769,4.972199e-06,9,39.0,2.97090126886253,False
47,63,507280.0,9709860.0,33.065491768520204,-2.624967437357965,HerbaceousVegetation,0.99105775,4.6670488e-05,5,22.0,3.2371355798029096,False
47,64,507920.0,9709860.0,33.071249283758924,-2.6249671209218906,HerbaceousVegetation,0.9696389,3.9486526e-06,15,64.0,3.598755225730537,False
47,65,508560.0,9709860.0,33.07700679827185,-2.6249667778386394,HerbaceousVegetation,0.48549736,0.2806549,13,56.0,4.030165205971063,False
47,66,509200.0,9709860.0,33.08276431200033,-2.6249664081082287,PermanentCrop,0.47157937,0.030751571,16,69.0,4.511388256414725,False
47,67,509840.0,9709860.0,33.08852182488572,-2.624966011730677,HerbaceousVegetation,0.98874915,3.4442062e-05,0,0.0,4.930662955744887,False
47,68,510480.0,9709860.0,33.09427933686936,-2.624965588706004,HerbaceousVegetation,0.99647915,8.5714055e-05,2,9.0,4.839550922411802,False
47,69,511120.0,9709860.0,33.1000368478926,-2.624965139034232,HerbaceousVegetation,0.9986998,9.62729e-05,25,108.0,4.832211613544977,False
47,70,511760.0,9709860.0,33.10579435789679,-2.6249646627153824,HerbaceousVegetation,0.99409604,2.4235727e-05,20,86.0,4.9090207807200175,False
47,71,512400.0,9709860.0,33.1115518668233,-2.624964159749481,HerbaceousVegetation,0.9046505,0.000820566,9,39.0,5.066152482210045,True
47,72,513040.0,9709860.0,33.117309374613455,-2.624963630136552,HerbaceousVegetation,0.5229832,0.011250397,20,86.0,5.296462679984162,True
47,73,513680.0,9709860.0,33.12306688120862,-2.6249630738766223,HerbaceousVegetation,0.89582765,0.009484338,20,86.0,5.558467364708667,True
47,74,514320.0,9709860.0,33.12882438655014,-2.6249624909697205,HerbaceousVegetation,0.98184365,0.0010644813,21,90.0,5.720998849886751,True
47,75,514960.0,9709860.0,33.13458189057936,-2.624961881415876,HerbaceousVegetation,0.9614594,0.0036445598,17,73.0,5.948301962432617,True
47,76,515600.0,9709860.0,33.14033939323765,-2.624961245215117,HerbaceousVegetation,0.99196565,0.000276302,14,60.0,6.233294845597626,True
47,77,516240.0,9709860.0,33.146096894466346,-2.62496058236748,HerbaceousVegetation,0.99635303,0.0001500904,18,77.0,6.568472655650485,True
47,78,516880.0,9709860.0,33.151854394206794,-2.624959892872996,HerbaceousVegetation,0.8734584,0.00020558175,11,47.0,6.946574797977945,True
47,79,517520.0,9709860.0,33.15761189240035,-2.6249591767317,HerbaceousVegetation,0.8294702,0.00596966,27,116.0,7.360989730992467,True
47,80,518160.0,9709860.0,33.16336938898837,-2.6249584339436285,HerbaceousVegetation,0.84350795,0.02314198,38,163.0,7.450851335943865,True
47,81,518800.0,9709860.0,33.1691268839122,-2.62495766450882,HerbaceousVegetation,0.84281904,0.023326516,23,99.0,7.468672284512637,True
47,82,519440.0,9709860.0,33.17488437711319,-2.6249568684273106,HerbaceousVegetation,0.9805186,0.0023574515,2,9.0,7.5409645110262895,True
47,83,520080.0,9709860.0,33.18064186853269,-2.624956045699142,HerbaceousVegetation,0.9968298,3.5171608e-05,0,0.0,7.666187176143607,False
47,84,520720.0,9709860.0,33.18639935811206,-2.6249551963243563,HerbaceousVegetation,0.93653053,7.67659e-05,5,22.0,7.841805014330529,True
47,85,521360.0,9709860.0,33.19215684579264,-2.6249543203029964,HerbaceousVegetation,0.961145,7.851836e-05,3,13.0,8.064526393154788,True
48,0,466960.0,9709220.0,32.70276803771377,-2.6307237324453645,HerbaceousVegetation,0.9588412,0.0007217242,12,52.0,2.522404291303971,False
48,1,467600.0,9709220.0,32.708525506964286,-2.630725097766622,HerbaceousVegetation,0.9661708,0.0008359055,10,43.0,2.271268436503892,False
48,2,468240.0,9709220.0,32.71428297918398,-2.6307264363834686,HerbaceousVegetation,0.9603444,0.00076099974,11,47.0,2.1849478740988264,False
48,3,468880.0,9709220.0,32.72004045431419,-2.63072774829584,HerbaceousVegetation,0.9798161,9.563321e-05,9,39.0,2.2822213114417997,False
48,4,469520.0,9709220.0,32.725797932296274,-2.6307290335036666,HerbaceousVegetation,0.9947373,4.6718083e-05,4,17.0,2.304002702378743,False
48,5,470160.0,9709220.0,32.7315554130716,-2.6307302920068865,Forest,0.8588807,0.1159521,12,52.0,1.7240359483054397,False
48,6,470800.0,9709220.0,32.73731289658149,-2.6307315238054345,HerbaceousVegetation,0.9752381,0.00034408612,11,47.0,1.206387769139891,False
48,7,471440.0,9709220.0,32.74307038276732,-2.630732728899249,HerbaceousVegetation,0.95655394,0.0004859753,33,142.0,0.8704268768892702,False
48,8,472080.0,9709220.0,32.748827871570434,-2.6307339072882683,HerbaceousVegetation,0.84529305,0.004820893,22,95.0,0.9376110315541808,False
48,9,472720.0,9709220.0,32.754585362932175,-2.630735058972433,HerbaceousVegetation,0.89461434,0.050359957,12,52.0,1.3489944199191415,False
48,10,473360.0,9709220.0,32.76034285679391,-2.6307361839516856,HerbaceousVegetation,0.9965581,8.4075364e-05,20,86.0,1.8919982672967404,False
48,11,474000.0,9709220.0,32.766100353096974,-2.6307372822259696,HerbaceousVegetation,0.9815962,0.012058212,17,73.0,2.4816786540434186,False
48,12,474640.0,9709220.0,32.77185785178273,-2.630738353795228,HerbaceousVegetation,0.99313337,0.00034660948,3,13.0,3.0914398652433204,False
48,13,475280.0,9709220.0,32.77761535279252,-2.6307393986594088,HerbaceousVegetation,0.96009874,0.011612011,6,26.0,3.7113975721952137,False
48,14,475920.0,9709220.0,32.78337285606769,-2.630740416818457,HerbaceousVegetation,0.8987414,0.03172231,10,43.0,4.33718150846577,False
48,15,476560.0,9709220.0,32.78913036154962,-2.630741408272322,HerbaceousVegetation,0.93083644,0.042398497,16,69.0,4.9180117056386745,False
48,16,477200.0,9709220.0,32.794887869179625,-2.6307423730209543,HerbaceousVegetation,0.9541754,0.0004276215,5,22.0,5.006493292280333,True
48,17,477840.0,9709220.0,32.80064537889908,-2.6307433110643044,HerbaceousVegetation,0.7426717,0.020904342,10,43.0,5.173230232117735,True
48,18,478480.0,9709220.0,32.80640289064932,-2.6307442224023254,SeaLake,0.47661063,0.0010191355,0,0.0,5.410993160534012,False
48,19,479120.0,9709220.0,32.812160404371696,-2.630745107034973,HerbaceousVegetation,0.61089104,0.00288877,5,22.0,5.54881293504491,True
48,20,479760.0,9709220.0,32.81791792000757,-2.6307459649621983,HerbaceousVegetation,0.99470615,0.00011791401,0,0.0,5.648451302078198,False
48,21,480400.0,9709220.0,32.823675437498274,-2.630746796183961,HerbaceousVegetation,0.98994714,2.2134062e-05,0,0.0,5.817205448991473,False
48,22,481040.0,9709220.0,32.829432956785176,-2.630747600700218,SeaLake,0.66529167,0.0028328658,1,4.0,6.049293872808898,True
48,23,481680.0,9709220.0,32.835190477809626,-2.6307483785109302,SeaLake,0.9995633,6.6848256e-06,0,0.0,6.33776249818739,False
48,24,482320.0,9709220.0,32.84094800051295,-2.6307491296160563,SeaLake,0.9996863,5.5554565e-06,0,0.0,6.675306030981474,False
48,25,482960.0,9709220.0,32.84670552483652,-2.63074985401556,SeaLake,0.9997105,4.542747e-06,0,0.0,7.054883962978048,False
48,26,483600.0,9709220.0,32.85246305072168,-2.6307505517094034,SeaLake,0.99967545,5.733072e-06,0,0.0,7.2540980019539125,False
48,27,484240.0,9709220.0,32.85822057810978,-2.630751222697552,SeaLake,0.99938226,9.59571e-06,0,0.0,6.631355376583056,False
48,28,484880.0,9709220.0,32.86397810694216,-2.630751866979972,HerbaceousVegetation,0.7540902,0.040512785,33,142.0,6.012238388414274,True
48,29,485520.0,9709220.0,32.8697356371602,-2.6307524845566306,HerbaceousVegetation,0.9067353,2.035495e-05,6,26.0,5.397994696895091,True
48,30,486160.0,9709220.0,32.8754931687052,-2.630753075427496,Residential,0.978601,0.978601,105,452.0,4.79049924916942,False
48,31,486800.0,9709220.0,32.881250701518546,-2.63075363959254,HerbaceousVegetation,0.90011114,0.03672129,40,172.0,4.192686413849482,False
48,32,487440.0,9709220.0,32.88700823554158,-2.630754177051732,HerbaceousVegetation,0.99510336,0.00046034594,27,116.0,3.6093705370138003,False
48,33,488080.0,9709220.0,32.892765770715634,-2.630754687805047,HerbaceousVegetation,0.9203017,0.015853032,3,13.0,3.048883727210427,False
48,34,488720.0,9709220.0,32.898523306982085,-2.6307551718524573,Forest,0.59838635,0.04124517,0,0.0,2.526465572817845,False
48,35,489360.0,9709220.0,32.90428084428226,-2.63075562919394,HerbaceousVegetation,0.7314617,0.07009327,0,0.0,2.071126408314823,False
48,36,490000.0,9709220.0,32.910038382557524,-2.63075605982947,HerbaceousVegetation,0.95038325,0.010018972,49,211.0,1.7364621815070764,False
48,37,490640.0,9709220.0,32.91579592174921,-2.6307564637590284,Residential,0.9943667,0.9943667,157,675.0,1.600074128404547,False
48,38,491280.0,9709220.0,32.92155346179867,-2.6307568409825923,Residential,0.98904794,0.98904794,235,1010.0,1.7100799761925836,False
48,39,491920.0,9709220.0,32.927311002647265,-2.630757191500144,Residential,0.97417057,0.97417057,423,1819.0,2.026748586667839,False
48,40,492560.0,9709220.0,32.93306854423633,-2.6307575153116645,HerbaceousVegetation,0.56848925,0.38025466,386,1660.0,2.4718912075868835,False
48,41,493200.0,9709220.0,32.93882608650722,-2.63075781241714,Residential,0.93282586,0.93282586,386,1660.0,2.988642242010675,False
48,42,493840.0,9709220.0,32.94458362940128,-2.6307580828165524,Residential,0.9997527,0.9997527,719,3092.0,3.545831180318072,False
48,43,494480.0,9709220.0,32.950341172859865,-2.63075832650989,Residential,0.8856116,0.8856116,613,2636.0,3.908221542256367,False
48,44,495120.0,9709220.0,32.95609871682432,-2.6307585434971394,HerbaceousVegetation,0.44368985,0.20072886,178,765.0,3.5595766880720054,False
48,45,495760.0,9709220.0,32.96185626123599,-2.6307587337782907,PermanentCrop,0.72028136,0.015137335,132,568.0,3.299420672356678,False
48,46,496400.0,9709220.0,32.967613806036226,-2.6307588973533336,Residential,0.97154427,0.97154427,48,206.0,3.149756712522972,False
48,47,497040.0,9709220.0,32.97337135116638,-2.630759034222261,HerbaceousVegetation,0.9846844,0.00049594155,43,185.0,3.126492911073436,False
48,48,497680.0,9709220.0,32.979128896567794,-2.630759144385063,PermanentCrop,0.88969314,0.020003479,115,494.0,3.2323595867262935,False
48,49,498320.0,9709220.0,32.984886442181825,-2.6307592278417373,HerbaceousVegetation,0.85088146,0.0022249762,11,47.0,3.3260720480923425,False
48,50,498960.0,9709220.0,32.99064398794981,-2.630759284592278,HerbaceousVegetation,0.9927515,0.00035168763,13,56.0,3.3871262752625952,False
48,51,499600.0,9709220.0,32.99640153381311,-2.6307593146366828,HerbaceousVegetation,0.9749109,0.010539937,15,64.0,3.5639435377187634,False
48,52,500240.0,9709220.0,33.00215907971307,-2.63075931797495,HerbaceousVegetation,0.8398335,0.00015773119,13,56.0,3.8405680146978787,False
48,53,500880.0,9709220.0,33.00791662559102,-2.6307592946070795,HerbaceousVegetation,0.9638946,0.017510017,2,9.0,4.197312450961148,False
48,54,501520.0,9709220.0,33.01367417138834,-2.6307592445330723,Highway,0.6104885,0.000104649385,2,9.0,4.615636570015727,False
48,55,502160.0,9709220.0,33.01943171704635,-2.630759167752931,HerbaceousVegetation,0.9943005,0.00031937117,4,17.0,4.919116664185678,False
48,56,502800.0,9709220.0,33.02518926250642,-2.6307590642666603,HerbaceousVegetation,0.8548862,0.05357884,44,189.0,4.485097676591466,False
48,57,503440.0,9709220.0,33.03094680770989,-2.630758934074264,HerbaceousVegetation,0.8946669,0.06853277,24,103.0,4.105325027481148,False
48,58,504080.0,9709220.0,33.03670435259811,-2.6307587771757497,HerbaceousVegetation,0.55020875,0.054525096,31,133.0,3.7961145917846078,False
48,59,504720.0,9709220.0,33.04246189711242,-2.630758593571124,HerbaceousVegetation,0.9099136,0.07050468,18,77.0,3.5758185645607,False
48,60,505360.0,9709220.0,33.04821944119417,-2.630758383260399,HerbaceousVegetation,0.9045084,0.001731758,21,90.0,3.4614550147811936,False
48,61,506000.0,9709220.0,33.053976984784725,-2.6307581462435823,HerbaceousVegetation,0.9572447,0.0008727614,49,211.0,3.463533345017888,False
48,62,506640.0,9709220.0,33.05973452782541,-2.6307578825206868,HerbaceousVegetation,0.9468732,0.0005762912,1,4.0,3.5818508685800596,False
48,63,507280.0,9709220.0,33.0654920702576,-2.6307575920917263,HerbaceousVegetation,0.5116536,0.024294784,18,77.0,3.805581172100348,False
48,64,507920.0,9709220.0,33.07124961202262,-2.630757274956715,HerbaceousVegetation,0.95982784,1.878086e-05,15,64.0,4.11757701447606,False
48,65,508560.0,9709220.0,33.07700715306182,-2.6307569311156693,HerbaceousVegetation,0.987746,1.6407479e-05,0,0.0,4.4995147385955425,False
48,66,509200.0,9709220.0,33.08276469331657,-2.6307565605686074,HerbaceousVegetation,0.75456154,3.0731393e-05,0,0.0,4.500496221629867,False
48,67,509840.0,9709220.0,33.0885222327282,-2.6307561633155463,HerbaceousVegetation,0.9600962,0.0009993565,3,13.0,4.306400142621065,False
48,68,510480.0,9709220.0,33.094279771238064,-2.630755739356507,HerbaceousVegetation,0.9268709,0.0008147659,5,22.0,4.201773213278979,False
48,69,511120.0,9709220.0,33.100037308787506,-2.630755288691509,HerbaceousVegetation,0.99956495,2.3697398e-06,13,56.0,4.193317789446773,False
48,70,511760.0,9709220.0,33.10579484531789,-2.6307548113205788,HerbaceousVegetation,0.8263641,0.0017556233,6,26.0,4.281603675114361,False
48,71,512400.0,9709220.0,33.11155238077054,-2.6307543072437385,HerbaceousVegetation,0.9986778,3.1770312e-06,12,52.0,4.460890715789261,False
48,72,513040.0,9709220.0,33.11730991508683,-2.6307537764610123,HerbaceousVegetation,0.9651892,3.3386611e-06,0,0.0,4.720822166283839,False
48,73,513680.0,9709220.0,33.1230674482081,-2.630753218972429,HerbaceousVegetation,0.9976248,9.705641e-06,1,4.0,5.048958097780062,True
48,74,514320.0,9709220.0,33.128824980075684,-2.630752634778016,HerbaceousVegetation,0.99960697,4.206556e-06,11,47.0,5.4329544283567195,True
48,75,514960.0,9709220.0,33.13458251063096,-2.6307520238778026,HerbaceousVegetation,0.9988311,0.00019532192,9,39.0,5.861843546876948,True
48,76,515600.0,9709220.0,33.14034003981525,-2.6307513862718204,HerbaceousVegetation,0.9850448,0.0001752355,7,30.0,6.3265018545421245,True
48,77,516240.0,9709220.0,33.14609756756992,-2.630750721960101,HerbaceousVegetation,0.8128711,0.1649017,5,22.0,6.8196218123138586,True
48,78,516880.0,9709220.0,33.15185509383631,-2.6307500309426777,HerbaceousVegetation,0.9260449,0.0049561607,3,13.0,6.9492420531503045,True
48,79,517520.0,9709220.0,33.15761261855578,-2.6307493132195856,HerbaceousVegetation,0.7159289,0.07593471,2,9.0,6.8506836124195045,True
48,80,518160.0,9709220.0,33.16337014166967,-2.6307485687908616,HerbaceousVegetation,0.97325754,0.00026225502,11,47.0,6.8109308380985745,True
48,81,518800.0,9709220.0,33.169127663119326,-2.6307477976565425,HerbaceousVegetation,0.9596283,0.00040975522,24,103.0,6.830421578824611,True
48,82,519440.0,9709220.0,33.17488518284612,-2.6307469998166684,Forest,0.7865479,0.0012389083,4,17.0,6.9093949812978295,True
48,83,520080.0,9709220.0,33.180642700791374,-2.6307461752712777,HerbaceousVegetation,0.9058316,0.0005761138,0,0.0,7.0458511956111005,False
48,84,520720.0,9709220.0,33.18640021689645,-2.6307453240204137,HerbaceousVegetation,0.9693963,0.0012408863,0,0.0,7.236539168263039,False
48,85,521360.0,9709220.0,33.192157731102704,-2.6307444460641185,HerbaceousVegetation,0.9831073,8.71829e-05,0,0.0,7.477310960292868,False
49,0,466960.0,9708580.0,32.70276666529166,-2.63651381201606,HerbaceousVegetation,0.7853318,0.060587715,5,22.0,1.99386591984892,False
49,1,467600.0,9708580.0,32.70852416112547,-2.636515180346386,HerbaceousVegetation,0.7366458,0.0037837038,1,4.0,1.664823776922088,False
49,2,468240.0,9708580.0,32.71428165992852,-2.636516521913448,Forest,0.42347977,0.39697766,8,34.0,1.5449838543089285,False
49,3,468880.0,9708580.0,32.72003916164215,-2.6365178367171787,HerbaceousVegetation,0.9644832,0.00015391274,10,43.0,1.6797356970504076,False
49,4,469520.0,9708580.0,32.72579666620772,-2.636519124757512,HerbaceousVegetation,0.89893264,0.00043522115,11,47.0,2.018724576017136,False
49,5,470160.0,9708580.0,32.73155417356659,-2.636520386034381,HerbaceousVegetation,0.9804647,0.00013532385,8,34.0,2.11143206294791,False
49,6,470800.0,9708580.0,32.7373116836601,-2.636521620547724,HerbaceousVegetation,0.9947299,7.694699e-05,3,13.0,1.7149976253410248,False
49,7,471440.0,9708580.0,32.74306919642961,-2.636522828297477,HerbaceousVegetation,0.9950404,0.0001308501,11,47.0,1.497827878431377,False
49,8,472080.0,9708580.0,32.74882671181645,-2.636524009283581,HerbaceousVegetation,0.9938903,0.00020255335,4,17.0,1.5378425965901472,False
49,9,472720.0,9708580.0,32.754584229762,-2.6365251635059748,HerbaceousVegetation,0.5718975,0.42013112,24,103.0,1.8181395299503316,False
49,10,473360.0,9708580.0,32.76034175020757,-2.6365262909646003,HerbaceousVegetation,0.97107565,0.00023627614,25,108.0,2.2506672008204363,False
49,11,474000.0,9708580.0,32.76609927309455,-2.636527391659401,HerbaceousVegetation,0.7932653,0.1921371,4,17.0,2.764882338785827,False
49,12,474640.0,9708580.0,32.77185679836426,-2.6365284655903207,HerbaceousVegetation,0.8705511,0.00080728857,6,26.0,3.323077767042275,False
49,13,475280.0,9708580.0,32.77761432595808,-2.6365295127573054,HerbaceousVegetation,0.5573421,0.002409437,18,77.0,3.9064456151713616,False
49,14,475920.0,9708580.0,32.783371855817315,-2.636530533160303,HerbaceousVegetation,0.9410143,0.012897146,22,95.0,4.505217957299341,False
49,15,476560.0,9708580.0,32.78912938788336,-2.6365315267992617,HerbaceousVegetation,0.96939504,0.015815865,25,108.0,5.113986736515195,True
49,16,477200.0,9708580.0,32.79488692209753,-2.63653249367413,HerbaceousVegetation,0.93662065,0.0057664956,7,30.0,5.06949669484729,True
49,17,477840.0,9708580.0,32.8006444584012,-2.63653343378486,HerbaceousVegetation,0.78464496,4.6099234e-05,0,0.0,4.935369678443023,False
49,18,478480.0,9708580.0,32.8064019967357,-2.636534347131404,River,0.4990412,0.01407954,11,47.0,4.882125662733599,False
49,19,479120.0,9708580.0,32.81215953704238,-2.636535233713716,SeaLake,0.99987483,2.9940725e-06,0,0.0,4.912395353648683,False
49,20,479760.0,9708580.0,32.817917079262614,-2.636536093531752,SeaLake,0.9941858,3.0968183e-06,1,4.0,5.02466966420444,True
49,21,480400.0,9708580.0,32.82367462333772,-2.6365369265854675,SeaLake,0.92981976,0.00019111876,0,0.0,5.213653455898612,False
49,22,481040.0,9708580.0,32.82943216920905,-2.6365377328748205,SeaLake,0.99968296,2.2473258e-05,0,0.0,5.47140379445995,False
49,23,481680.0,9708580.0,32.835189716817965,-2.636538512399771,SeaLake,0.998733,1.9181156e-05,0,0.0,5.788742230040816,False
49,24,482320.0,9708580.0,32.840947266105815,-2.636539265160278,SeaLake,0.9990182,1.4803534e-05,0,0.0,6.156461136861429,False
49,25,482960.0,9708580.0,32.846704817013936,-2.636539991156306,SeaLake,0.9994194,9.639682e-06,0,0.0,6.566101648125187,False
49,26,483600.0,9708580.0,32.852462369483675,-2.636540690387817,SeaLake,0.99915946,1.3603301e-05,0,0.0,7.010318678729198,False
49,27,484240.0,9708580.0,32.8582199234564,-2.6365413628547745,SeaLake,0.9987496,1.9424746e-05,0,0.0,6.814107744254304,False
49,28,484880.0,9708580.0,32.86397747887344,-2.6365420085571465,SeaLake,0.99206734,0.00087288854,16,69.0,6.2132278775924314,True
49,29,485520.0,9708580.0,32.86973503567615,-2.636542627494899,HerbaceousVegetation,0.98692256,7.774952e-05,16,69.0,5.620990746076442,True
49,30,486160.0,9708580.0,32.87549259380587,-2.636543219668001,HerbaceousVegetation,0.6638091,0.102998324,76,327.0,5.040443757851311,True
49,31,486800.0,9708580.0,32.881250153203965,-2.636543785076424,HerbaceousVegetation,0.9633094,0.016291527,59,254.0,4.476137797772485,False
49,32,487440.0,9708580.0,32.88700771381177,-2.636544323720138,Residential,0.68750525,0.68750525,55,236.0,3.935066186639402,False
49,33,488080.0,9708580.0,32.892765275570625,-2.636544835599116,HerbaceousVegetation,0.5884332,0.10814305,24,103.0,3.428247686766232,False
49,34,488720.0,9708580.0,32.8985228384219,-2.636545320713332,Pasture,0.43064946,0.11759215,7,30.0,2.9732504957374988,False
49,35,489360.0,9708580.0,32.904280402306924,-2.6365457790627618,HerbaceousVegetation,0.62344265,0.007891586,2,9.0,2.597451600894334,False
49,36,490000.0,9708580.0,32.91003796716705,-2.6365462106473823,Residential,0.99064684,0.99064684,107,460.0,2.3393356167026984,False
49,37,490640.0,9708580.0,32.915795532943626,-2.636546615467171,Residential,0.7920606,0.7920606,249,1071.0,2.2399614809543156,False
49,38,491280.0,9708580.0,32.921553099578006,-2.636546993522109,Residential,0.9963224,0.9963224,359,1544.0,2.319819765573245,False
49,39,491920.0,9708580.0,32.92731066701152,-2.636547344812176,Residential,0.99367577,0.99367577,482,2073.0,2.5622060911116344,False
49,40,492560.0,9708580.0,32.93306823518553,-2.636547669337354,Residential,0.8704069,0.8704069,393,1690.0,2.927018339866496,False
49,41,493200.0,9708580.0,32.938825804041386,-2.6365479670976275,Residential,0.92428964,0.92428964,399,1716.0,3.374784833215308,False
49,42,493840.0,9708580.0,32.94458337352042,-2.636548238092981,Residential,0.9973496,0.9973496,378,1625.0,3.7987584764163413,False
49,43,494480.0,9708580.0,32.950340943563994,-2.636548482323401,Pasture,0.22404675,0.19771527,32,138.0,4.21279731497853,False
49,44,495120.0,9708580.0,32.95609851411345,-2.636548699788875,Highway,0.52399844,0.00018543618,46,198.0,4.131997923163754,False
49,45,495760.0,9708580.0,32.961856085110135,-2.6365488904893923,Industrial,0.41761416,0.16314328,23,99.0,3.7104590705406766,False
49,46,496400.0,9708580.0,32.96761365649539,-2.636549054424943,Residential,0.99819285,0.99819285,48,206.0,3.3016019823156535,False
49,47,497040.0,9708580.0,32.97337122821057,-2.6365491915955186,HerbaceousVegetation,0.99343663,0.00016433746,4,17.0,2.975373049737415,False
49,48,497680.0,9708580.0,32.979128800197024,-2.636549302001112,HerbaceousVegetation,0.85247904,0.028270235,7,30.0,2.7612160220773743,False
49,49,498320.0,9708580.0,32.98488637239608,-2.636549385641719,HerbaceousVegetation,0.95204496,0.033497706,10,43.0,2.686072049675859,False
49,50,498960.0,9708580.0,32.99064394474912,-2.636549442517334,PermanentCrop,0.4454367,0.013656715,4,17.0,2.761313490265628,False
49,51,499600.0,9708580.0,32.996401517197455,-2.636549472627955,PermanentCrop,0.5358727,0.00072904775,0,0.0,2.975553952963383,False
49,52,500240.0,9708580.0,33.00215908968246,-2.6365494759735792,HerbaceousVegetation,0.7507084,0.048459116,11,47.0,3.3018465231547465,False
49,53,500880.0,9708580.0,33.00791666214546,-2.636549452554207,HerbaceousVegetation,0.76950204,0.1557406,20,86.0,3.710749196313618,False
49,54,501520.0,9708580.0,33.01367423452782,-2.636549402369841,HerbaceousVegetation,0.9630564,0.014415157,25,108.0,4.178077157427233,False
49,55,502160.0,9708580.0,33.01943180677087,-2.6365493254204817,Highway,0.9899064,5.2757554e-05,0,0.0,4.686384306572424,False
49,56,502800.0,9708580.0,33.02518937881597,-2.636549221706134,Highway,0.799158,0.0023671447,30,129.0,4.993866484397126,False
49,57,503440.0,9708580.0,33.030946950604466,-2.6365490912268035,Residential,0.5922014,0.5922014,35,150.0,4.655780802044039,False
49,58,504080.0,9708580.0,33.036704522077706,-2.636548933982496,HerbaceousVegetation,0.97204965,0.00013863611,34,146.0,4.385554387917081,False
49,59,504720.0,9708580.0,33.04246209317704,-2.6365487499732194,HerbaceousVegetation,0.9757982,0.006265498,5,22.0,4.196317397680457,False
49,60,505360.0,9708580.0,33.0482196638438,-2.636548539198984,HerbaceousVegetation,0.7689478,0.007380173,31,133.0,4.099301417897031,False
49,61,506000.0,9708580.0,33.053977234019335,-2.6365483016598,Residential,0.91311675,0.91311675,47,202.0,4.101056513566906,False
49,62,506640.0,9708580.0,33.059734803645,-2.636548037355678,HerbaceousVegetation,0.9246912,0.0029342084,29,125.0,4.201458906161819,False
49,63,507280.0,9708580.0,33.06549237266216,-2.6365477462866327,HerbaceousVegetation,0.9550711,0.0070361327,8,34.0,4.393751171022705,False
49,64,507920.0,9708580.0,33.07124994101212,-2.63654742845268,HerbaceousVegetation,0.99910015,0.000106941,0,0.0,4.6025731228512266,False
49,65,508560.0,9708580.0,33.077007508636264,-2.636547083853833,HerbaceousVegetation,0.98983824,0.0001352195,1,4.0,4.223256480330613,False
49,66,509200.0,9708580.0,33.082765075475926,-2.6365467124901114,HerbaceousVegetation,0.9785173,0.011711329,7,30.0,3.912455909798415,False
49,67,509840.0,9708580.0,33.088522641472444,-2.6365463143615333,HerbaceousVegetation,0.83446985,0.0035384593,14,60.0,3.687536737929341,False
49,68,510480.0,9708580.0,33.094280206567184,-2.636545889468118,HerbaceousVegetation,0.88302046,0.015680155,17,73.0,3.564792159585266,False
49,69,511120.0,9708580.0,33.10003777070148,-2.6365454378098887,HerbaceousVegetation,0.9974342,0.00022866968,2,9.0,3.5548219489170774,False
49,70,511760.0,9708580.0,33.105795333816694,-2.636544959386867,HerbaceousVegetation,0.65618914,0.2371291,45,194.0,3.6585482142462777,False
49,71,512400.0,9708580.0,33.11155289585416,-2.636544454199077,HerbaceousVegetation,0.88601124,0.055691615,18,77.0,3.866832163855402,False
49,72,513040.0,9708580.0,33.11731045675522,-2.6365439222465445,HerbaceousVegetation,0.48981822,0.030975936,32,138.0,4.164013320210285,False
49,73,513680.0,9708580.0,33.12306801646124,-2.636543363529297,HerbaceousVegetation,0.99282044,0.00051480025,11,47.0,4.532639725187818,False
49,74,514320.0,9708580.0,33.12882557491356,-2.636542778047362,HerbaceousVegetation,0.9923313,0.0005918743,6,26.0,4.956797234688214,False
49,75,514960.0,9708580.0,33.13458313205352,-2.6365421658007686,HerbaceousVegetation,0.96718127,7.616758e-05,12,52.0,5.423472575138067,True
49,76,515600.0,9708580.0,33.14034068782247,-2.6365415267895487,HerbaceousVegetation,0.6454171,0.013696167,18,77.0,5.922623634905122,True
49,77,516240.0,9708580.0,33.14609824216177,-2.636540861013734,HerbaceousVegetation,0.9353427,0.032788724,7,30.0,6.4467113064103305,True
49,78,516880.0,9708580.0,33.15185579501276,-2.636540168473359,HerbaceousVegetation,0.5507199,0.0075859767,57,245.0,6.323318496930163,True
49,79,517520.0,9708580.0,33.157613346316786,-2.6365394491684566,HerbaceousVegetation,0.44577384,0.011514,13,56.0,6.214841724277426,True
49,80,518160.0,9708580.0,33.163370896015195,-2.636538703099066,HerbaceousVegetation,0.99062353,0.0004054483,3,13.0,6.171026829660347,True
49,81,518800.0,9708580.0,33.16912844404934,-2.6365379302652223,HerbaceousVegetation,0.96326417,0.0029683062,8,34.0,6.19253196967917,True
49,82,519440.0,9708580.0,33.17488599036058,-2.6365371306669663,HerbaceousVegetation,0.8900447,0.00093022565,9,39.0,6.279532805759462,True
49,83,520080.0,9708580.0,33.18064353489024,-2.6365363043043377,HerbaceousVegetation,0.994696,2.127356e-05,15,64.0,6.429371067353326,True
49,84,520720.0,9708580.0,33.18640107757968,-2.636535451177377,HerbaceousVegetation,0.97053534,0.003457027,32,138.0,6.637792734398294,True
49,85,521360.0,9708580.0,33.19215861837024,-2.6365345712861306,HerbaceousVegetation,0.9014851,0.0002446782,16,69.0,6.899490738303917,True
50,0,466960.0,9707940.0,32.702765289841665,-2.64230389104606,HerbaceousVegetation,0.82652235,0.00034881366,0,0.0,1.5516698114873768,False
50,1,467600.0,9707940.0,32.70852281231741,-2.6423052623854817,HerbaceousVegetation,0.95827425,0.00063168036,6,26.0,1.0971855384352354,False
50,2,468240.0,9707940.0,32.71428033776245,-2.6423066069027845,HerbaceousVegetation,0.94884974,0.00047708588,14,60.0,0.9050707196797187,False
50,3,468880.0,9707940.0,32.72003786611816,-2.6423079245979,HerbaceousVegetation,0.7709768,0.012073689,6,26.0,1.1196829504336083,False
50,4,469520.0,9707940.0,32.725795397325875,-2.642309215470763,HerbaceousVegetation,0.35201424,0.08798254,0,0.0,1.583485652401643,False
50,5,470160.0,9707940.0,32.731552931326945,-2.642310479521308,HerbaceousVegetation,0.9453245,0.010343419,3,13.0,2.1401784302323965,False
50,6,470800.0,9707940.0,32.737310468062724,-2.642311716749469,HerbaceousVegetation,0.99387425,0.00019015447,7,30.0,2.2904720605849755,False
50,7,471440.0,9707940.0,32.74306800747455,-2.642312927155186,HerbaceousVegetation,0.99526465,0.00015177506,8,34.0,2.132729180838784,False
50,8,472080.0,9707940.0,32.748825549503785,-2.642314110738396,HerbaceousVegetation,0.9939573,0.0007376315,0,0.0,2.161019494887114,False
50,9,472720.0,9707940.0,32.75458309409177,-2.6423152674990407,HerbaceousVegetation,0.98217326,0.0013005198,2,9.0,2.368686715410681,False
50,10,473360.0,9707940.0,32.76034064117986,-2.642316397437061,HerbaceousVegetation,0.9271837,0.0038692069,2,9.0,2.714875366245001,False
50,11,474000.0,9707940.0,32.766098190709386,-2.6423175005524,HerbaceousVegetation,0.6962827,0.010019931,3,13.0,3.1543017852965205,False
50,12,474640.0,9707940.0,32.77185574262171,-2.6423185768450024,HerbaceousVegetation,0.9025943,0.005330303,8,34.0,3.6534765978730044,False
50,13,475280.0,9707940.0,32.77761329685819,-2.642319626314813,HerbaceousVegetation,0.98746544,0.0035962027,22,95.0,4.191105194299779,False
50,14,475920.0,9707940.0,32.783370853360154,-2.6423206489617788,HerbaceousVegetation,0.6724208,0.009796717,93,400.0,4.7541596784466,False
50,15,476560.0,9707940.0,32.789128412068955,-2.6423216447858486,HerbaceousVegetation,0.99965274,5.454557e-05,11,47.0,4.6928054229498875,False
50,16,477200.0,9707940.0,32.794885972925954,-2.642322613786972,HerbaceousVegetation,0.8611213,0.00032832616,7,30.0,4.456601828915733,False
50,17,477840.0,9707940.0,32.80064353587249,-2.6423235559651004,HerbaceousVegetation,0.96143395,0.0002491901,0,0.0,4.30341457279243,False
50,18,478480.0,9707940.0,32.8064011008499,-2.642324471320185,HerbaceousVegetation,0.59979415,0.0014852772,11,47.0,4.242246351775135,False
50,19,479120.0,9707940.0,32.812158667799544,-2.642325359852182,SeaLake,0.8584254,0.009606484,7,30.0,4.277047022535131,False
50,20,479760.0,9707940.0,32.81791623666277,-2.642326221561043,SeaLake,0.9998859,1.6678524e-06,0,0.0,4.405542912831949,False
50,21,480400.0,9707940.0,32.82367380738092,-2.642327056446728,SeaLake,0.99921,1.0638436e-05,0,0.0,4.61992267041679,False
50,22,481040.0,9707940.0,32.82943137989535,-2.642327864509192,SeaLake,0.9991369,1.4303698e-05,0,0.0,4.908947199192327,False
50,23,481680.0,9707940.0,32.835188954147384,-2.642328645748396,SeaLake,0.9992411,1.2558277e-05,0,0.0,5.260326960207453,False
50,24,482320.0,9707940.0,32.84094653007839,-2.6423294001643,SeaLake,0.99804294,3.1972762e-05,0,0.0,5.6624656159761875,False
50,25,482960.0,9707940.0,32.84670410762972,-2.642330127756865,SeaLake,0.99828136,2.8620336e-05,0,0.0,6.105341429923453,False
50,26,483600.0,9707940.0,32.85246168674271,-2.6423308285260565,SeaLake,0.9987697,2.1395424e-05,0,0.0,6.580734844967312,False
50,27,484240.0,9707940.0,32.8582192673587,-2.642331502471837,SeaLake,0.99876875,2.018383e-05,0,0.0,7.050422297286594,False
50,28,484880.0,9707940.0,32.86397684941904,-2.642332149594173,SeaLake,0.99994254,5.0488825e-06,0,0.0,6.471521527327343,False
50,29,485520.0,9707940.0,32.86973443286509,-2.642332769893032,SeaLake,0.9802679,7.2525814e-05,4,17.0,5.905245734704566,True
50,30,486160.0,9707940.0,32.87549201763818,-2.6423333633683823,Residential,0.96880496,0.96880496,18,77.0,5.355601133003813,True
50,31,486800.0,9707940.0,32.88124960367966,-2.642333930020196,HerbaceousVegetation,0.92319745,0.020756435,181,778.0,4.828270891780719,False
50,32,487440.0,9707940.0,32.887007190930895,-2.642334469848441,HerbaceousVegetation,0.49324077,0.4602563,64,275.0,4.3314127156162625,False
50,33,488080.0,9707940.0,32.892764779333206,-2.642334982853092,Forest,0.76652056,0.02666525,0,0.0,3.876760557680536,False
50,34,488720.0,9707940.0,32.898522368827955,-2.642335469034123,SeaLake,0.98506397,2.0931527e-06,0,0.0,3.4808919446275204,False
50,35,489360.0,9707940.0,32.90427995935648,-2.642335928391509,Forest,0.9091423,6.8436966e-05,0,0.0,3.1659350970539517,False
50,36,490000.0,9707940.0,32.910037550860125,-2.642336360925228,HerbaceousVegetation,0.8519521,0.00092118373,19,82.0,2.871136040311374,False
50,37,490640.0,9707940.0,32.91579514328025,-2.6423367666352564,Residential,0.580582,0.580582,80,344.0,2.577851317845966,False
50,38,491280.0,9707940.0,32.92155273655819,-2.642337145521575,HerbaceousVegetation,0.6525692,0.19911653,230,989.0,2.422067850384355,False
50,39,491920.0,9707940.0,32.92731033063529,-2.642337497584164,Residential,0.81942767,0.81942767,356,1531.0,2.4303719729314683,False
50,40,492560.0,9707940.0,32.9330679254529,-2.642337822823006,Residential,0.9983512,0.9983512,276,1187.0,2.6011926460291455,False
50,41,493200.0,9707940.0,32.93882552095237,-2.642338121238084,Residential,0.88856226,0.88856226,193,830.0,2.9060107427023416,False
50,42,493840.0,9707940.0,32.944583117075034,-2.642338392829384,HerbaceousVegetation,0.9825575,0.0036539123,27,116.0,3.3079893729645993,False
50,43,494480.0,9707940.0,32.950340713762245,-2.642338637596891,HerbaceousVegetation,0.87644,0.0016643315,3,13.0,3.776226813446463,False
50,44,495120.0,9707940.0,32.956098310955355,-2.6423388555405936,PermanentCrop,0.81024677,0.0031933594,17,73.0,3.7980343818392677,False
50,45,495760.0,9707940.0,32.9618559085957,-2.64233904666048,HerbaceousVegetation,0.9165717,0.0010235872,38,163.0,3.2770313244011358,False
50,46,496400.0,9707940.0,32.96761350662462,-2.642339210956542,Residential,0.856074,0.856074,141,606.0,2.8057090791062667,False
50,47,497040.0,9707940.0,32.973371104983485,-2.642339348428769,HerbaceousVegetation,0.9845466,0.00794109,47,202.0,2.413352972951202,False
50,48,497680.0,9707940.0,32.979128703613625,-2.642339459077156,HerbaceousVegetation,0.9010454,0.029459944,50,215.0,2.1437681095504426,False
50,49,498320.0,9707940.0,32.98488630245638,-2.6423395429016967,HerbaceousVegetation,0.55245835,0.37164932,32,138.0,2.0460720522500058,False
50,50,498960.0,9707940.0,32.990643901453105,-2.642339599902386,Residential,0.4166362,0.4166362,47,202.0,2.143893649058093,False
50,51,499600.0,9707940.0,32.99640150054515,-2.642339630079224,HerbaceousVegetation,0.96392727,3.8175916e-05,27,116.0,2.4135760012779164,False
50,52,500240.0,9707940.0,33.00215909967384,-2.642339633432205,Residential,0.75794727,0.75794727,22,95.0,2.8059968370291815,False
50,53,500880.0,9707940.0,33.00791669878055,-2.642339609961332,HerbaceousVegetation,0.52379364,0.27428928,46,198.0,3.277359819258612,False
50,54,501520.0,9707940.0,33.013674297806595,-2.6423395596666053,HerbaceousVegetation,0.66493016,0.015486909,42,181.0,3.79838867420962,False
50,55,502160.0,9707940.0,33.01943189669335,-2.642339482548026,Residential,0.5205705,0.5205705,26,112.0,4.351278623098846,False
50,56,502800.0,9707940.0,33.02518949538213,-2.6423393786056013,Highway,0.93455213,0.03710374,63,271.0,4.925311644080003,False
50,57,503440.0,9707940.0,33.03094709381431,-2.6423392478393333,Highway,0.41859382,0.0014719649,22,95.0,5.226671615100816,True
50,58,504080.0,9707940.0,33.03670469193123,-2.6423390902492296,HerbaceousVegetation,0.9439825,0.00039201343,14,60.0,4.9874731663235545,False
50,59,504720.0,9707940.0,33.04246228967422,-2.642338905835298,HerbaceousVegetation,0.8693311,0.017503032,25,108.0,4.821916734815568,False
50,60,505360.0,9707940.0,33.048219886984626,-2.6423386945975484,HerbaceousVegetation,0.90936345,0.0019742977,15,64.0,4.737728718509677,False
50,61,506000.0,9707940.0,33.05397748380381,-2.642338456535992,HerbaceousVegetation,0.9860626,0.001217032,9,39.0,4.73924738992261,False
50,62,506640.0,9707940.0,33.05973508007312,-2.642338191650639,HerbaceousVegetation,0.99766725,9.755982e-06,15,64.0,4.826391844389058,False
50,63,507280.0,9707940.0,33.065492675733886,-2.6423378999415044,HerbaceousVegetation,0.96925664,4.049489e-05,5,22.0,4.606811088914142,False
50,64,507920.0,9707940.0,33.071250270727454,-2.6423375814086016,HerbaceousVegetation,0.96788603,0.013926019,10,43.0,4.129857667814271,False
50,65,508560.0,9707940.0,33.07700786499518,-2.642337236051948,Residential,0.51371485,0.51371485,7,30.0,3.7024235716441667,False
50,66,509200.0,9707940.0,33.082765458478406,-2.6423368638715603,HerbaceousVegetation,0.93230456,0.0022562954,28,120.0,3.343554433731919,False
50,67,509840.0,9707940.0,33.088523051118486,-2.6423364648674568,HerbaceousVegetation,0.99823916,2.6961604e-06,24,103.0,3.0773319935928902,False
50,68,510480.0,9707940.0,33.09428064285675,-2.6423360390396584,HerbaceousVegetation,0.96415365,0.016087074,11,47.0,2.9291275401136794,False
50,69,511120.0,9707940.0,33.10003823363456,-2.6423355863881874,HerbaceousVegetation,0.99861276,6.5942386e-06,4,17.0,2.9169854462637343,False
50,70,511760.0,9707940.0,33.105795823393244,-2.6423351069130643,HerbaceousVegetation,0.95242155,0.015832283,32,138.0,3.0425351339263873,False
50,71,512400.0,9707940.0,33.11155341207417,-2.642334600614317,HerbaceousVegetation,0.9909112,0.002378763,12,52.0,3.2900510617068672,False
50,72,513040.0,9707940.0,33.11731099961867,-2.642334067491967,HerbaceousVegetation,0.9985203,0.0010668377,0,0.0,3.634701079332454,False
50,73,513680.0,9707940.0,33.123068585968085,-2.642333507546044,HerbaceousVegetation,0.9956896,0.0011651624,13,56.0,4.051773424509634,False
50,74,514320.0,9707940.0,33.12882617106378,-2.642332920776575,HerbaceousVegetation,0.9833077,0.00035712097,14,60.0,4.521270156828117,False
50,75,514960.0,9707940.0,33.134583754847085,-2.64233230718359,HerbaceousVegetation,0.99903107,5.0666968e-05,0,0.0,5.02852858980503,False
50,76,515600.0,9707940.0,33.14034133725935,-2.64233166676712,HerbaceousVegetation,0.44426787,0.12804353,11,47.0,5.5632288939022265,True
50,77,516240.0,9707940.0,33.14609891824193,-2.642330999527198,Residential,0.4988241,0.4988241,26,112.0,5.88856923791893,True
50,78,516880.0,9707940.0,33.15185649773617,-2.642330305463856,Pasture,0.8212299,0.0067363894,27,116.0,5.700521775589109,True
50,79,517520.0,9707940.0,33.157614075683405,-2.6423295845771304,HerbaceousVegetation,0.9870993,0.0001495892,10,43.0,5.57995065911573,True
50,80,518160.0,9707940.0,33.16337165202499,-2.642328836867058,HerbaceousVegetation,0.85120493,0.0037059078,13,56.0,5.531145033662877,True
50,81,518800.0,9707940.0,33.169129226702275,-2.6423280623336747,HerbaceousVegetation,0.9967342,0.00011318392,13,56.0,5.555127851501193,True
50,82,519440.0,9707940.0,33.174886799656605,-2.642327260977022,HerbaceousVegetation,0.89378023,0.016208658,20,86.0,5.651948824046003,True
50,83,520080.0,9707940.0,33.18064437082932,-2.642326432797139,HerbaceousVegetation,0.48481825,0.10419667,34,146.0,5.817972634238299,True
50,84,520720.0,9707940.0,33.18640194016177,-2.642325577794068,HerbaceousVegetation,0.9775442,0.0013573829,45,194.0,6.047502429586653,True
50,85,521360.0,9707940.0,33.192159507595306,-2.642324695967851,Pasture,0.62603503,0.0010914928,17,73.0,6.333637635590405,True
51,0,466960.0,9707300.0,32.70276391136371,-2.6480939695341776,HerbaceousVegetation,0.94159967,0.0008709556,5,22.0,1.2880439050853671,False
51,1,467600.0,9707300.0,32.708521460540034,-2.648095343882722,HerbaceousVegetation,0.99305975,0.0011832439,10,43.0,0.6746806676478205,False
51,2,468240.0,9707300.0,32.71427901268574,-2.648096691350292,HerbaceousVegetation,0.6414538,0.00972276,24,103.0,0.26557655236834327,False
51,3,468880.0,9707300.0,32.72003656774218,-2.648098011936819,HerbaceousVegetation,0.99463516,6.52948e-05,0,0.0,0.7106812274416722,False
51,4,469520.0,9707300.0,32.72579412565067,-2.6480993056422366,HerbaceousVegetation,0.9136526,0.021892047,1,4.0,1.3261993473487115,False
51,5,470160.0,9707300.0,32.7315516863526,-2.648100572466481,HerbaceousVegetation,0.9736375,0.00036133503,0,0.0,1.957483489273484,False
51,6,470800.0,9707300.0,32.73730924978929,-2.6481018124094846,HerbaceousVegetation,0.49837327,0.001108639,7,30.0,2.593044255821416,False
51,7,471440.0,9707300.0,32.74306681590209,-2.648103025471188,HerbaceousVegetation,0.9306265,0.004817926,7,30.0,2.769978188397212,False
51,8,472080.0,9707300.0,32.748824384632364,-2.6481042116515283,HerbaceousVegetation,0.93530774,0.0013610775,8,34.0,2.7918185225184655,False
51,9,472720.0,9707300.0,32.754581955921445,-2.6481053709504474,HerbaceousVegetation,0.966348,0.0007058624,6,26.0,2.9554901727392147,False
51,10,473360.0,9707300.0,32.760339529710684,-2.648106503367884,HerbaceousVegetation,0.940452,0.021804629,3,13.0,3.2395668938361126,False
51,11,474000.0,9707300.0,32.76609710594143,-2.648107608903783,HerbaceousVegetation,0.9705942,0.012594992,12,52.0,3.615780020703672,False
51,12,474640.0,9707300.0,32.771854684555024,-2.6481086875580884,HerbaceousVegetation,0.97413796,0.0003990643,12,52.0,4.058588012671493,False
51,13,475280.0,9707300.0,32.777612265492806,-2.6481097393307444,HerbaceousVegetation,0.94862777,0.0008021764,7,30.0,4.548583093127091,False
51,14,475920.0,9707300.0,32.78336984869615,-2.6481107642216988,HerbaceousVegetation,0.88585925,0.011971801,11,47.0,4.470285084451342,False
51,15,476560.0,9707300.0,32.789127434106376,-2.6481117622309003,HerbaceousVegetation,0.4935492,0.119035885,19,82.0,4.123484674410145,False
51,16,477200.0,9707300.0,32.79488502166484,-2.648112733358298,PermanentCrop,0.45099467,0.00012603616,0,0.0,3.8525320224395965,False
51,17,477840.0,9707300.0,32.80064261131289,-2.6481136776038423,HerbaceousVegetation,0.9979132,1.787217e-05,0,0.0,3.6742455154425535,False
51,18,478480.0,9707300.0,32.80640020299187,-2.648114594967486,HerbaceousVegetation,0.9985317,1.8474464e-05,9,39.0,3.602409919980915,False
51,19,479120.0,9707300.0,32.81215779664313,-2.648115485449183,River,0.3231568,0.008519582,19,82.0,3.6433273741737913,False
51,20,479760.0,9707300.0,32.81791539220801,-2.648116349048888,SeaLake,0.9998727,2.1265027e-06,0,0.0,3.7933509565068304,False
51,21,480400.0,9707300.0,32.82367298962786,-2.6481171857665577,SeaLake,0.99913144,1.1068329e-05,0,0.0,4.040345109400739,False
51,22,481040.0,9707300.0,32.82943058884402,-2.6481179956021483,SeaLake,0.99930143,1.0560187e-05,0,0.0,4.367890306187377,False
51,23,481680.0,9707300.0,32.83518818979784,-2.648118778555621,SeaLake,0.99970025,4.9467767e-06,0,0.0,4.759384713459593,False
51,24,482320.0,9707300.0,32.84094579243067,-2.648119534626936,SeaLake,0.99924785,1.2630054e-05,0,0.0,5.20040575095252,False
51,25,482960.0,9707300.0,32.84670339668384,-2.648120263816054,SeaLake,0.99959123,6.8237377e-06,0,0.0,5.679427532627495,False
51,26,483600.0,9707300.0,32.852461002498714,-2.648120966122939,SeaLake,0.99884737,1.854984e-05,0,0.0,6.187630743846502,False
51,27,484240.0,9707300.0,32.85821860981664,-2.648121641547555,SeaLake,0.9988954,1.8929351e-05,0,0.0,6.718396486217645,False
51,28,484880.0,9707300.0,32.86397621857894,-2.6481222900898675,SeaLake,0.99959373,7.4017776e-06,0,0.0,6.780573803036931,False
51,29,485520.0,9707300.0,32.86973382872698,-2.6481229117498457,SeaLake,0.9998218,3.0573424e-06,0,0.0,6.2423967678301215,False
51,30,486160.0,9707300.0,32.87549144020209,-2.6481235065274564,SeaLake,0.4365974,0.028797118,40,172.0,5.689172027791456,True
51,31,486800.0,9707300.0,32.881249052945634,-2.648124074422669,HerbaceousVegetation,0.98714983,0.0007592075,27,116.0,5.084621285479388,True
51,32,487440.0,9707300.0,32.887006666898934,-2.648124615435457,HerbaceousVegetation,0.99708444,3.965853e-06,2,9.0,4.489907445782748,False
51,33,488080.0,9707300.0,32.892764282003355,-2.648125129565792,SeaLake,0.9893394,8.693534e-05,0,0.0,3.9095222376449885,False
51,34,488720.0,9707300.0,32.89852189820023,-2.648125616813647,SeaLake,0.62031436,0.020642024,1,4.0,3.350919184579954,False
51,35,489360.0,9707300.0,32.90427951543091,-2.6481260771789987,HerbaceousVegetation,0.99961936,6.684809e-05,3,13.0,2.827039907134544,False
51,36,490000.0,9707300.0,32.910037133636735,-2.648126510661824,HerbaceousVegetation,0.9187598,0.0067303567,3,13.0,2.361112003162196,False
51,37,490640.0,9707300.0,32.915794752759055,-2.6481269172621,HerbaceousVegetation,0.5024829,0.00013996179,1,4.0,1.9941778121376008,False
51,38,491280.0,9707300.0,32.92155237273921,-2.648127296979806,HerbaceousVegetation,0.90957785,0.06087298,125,538.0,1.788250653954086,False
51,39,491920.0,9707300.0,32.92730999351854,-2.6481276498149247,HerbaceousVegetation,0.61506146,0.37996855,336,1445.0,1.7994820522340653,False
51,40,492560.0,9707300.0,32.93306761503841,-2.648127975767436,HerbaceousVegetation,0.98973376,0.008121629,119,512.0,2.0242605838324845,False
51,41,493200.0,9707300.0,32.938825237240145,-2.648128274837325,HerbaceousVegetation,0.9944739,4.823089e-05,11,47.0,2.403398877881726,False
51,42,493840.0,9707300.0,32.9445828600651,-2.648128547024576,HerbaceousVegetation,0.9940229,0.0015191856,93,400.0,2.8764946412514742,False
51,43,494480.0,9707300.0,32.9503404834546,-2.6481287923291754,HerbaceousVegetation,0.519591,0.44598603,80,344.0,3.4046022786947896,False
51,44,495120.0,9707300.0,32.95609810735002,-2.64812901075111,HerbaceousVegetation,0.9871984,0.0027677503,124,533.0,3.4950955570029656,False
51,45,495760.0,9707300.0,32.96185573169269,-2.64812920229037,PermanentCrop,0.41473296,0.032708347,230,989.0,2.9205414032427175,False
51,46,496400.0,9707300.0,32.96761335642394,-2.6481293669469457,Highway,0.36319417,0.13289979,120,516.0,2.37962837929119,False
51,47,497040.0,9707300.0,32.97337098148513,-2.648129504720828,Residential,0.7678255,0.7678255,64,275.0,1.901289130827052,False
51,48,497680.0,9707300.0,32.97912860681761,-2.6481296156120093,Residential,0.8599532,0.8599532,22,95.0,1.544787847723486,False
51,49,498320.0,9707300.0,32.98488623236271,-2.6481296996204864,HerbaceousVegetation,0.9969079,1.021444e-05,24,103.0,1.4060720571674954,False
51,50,498960.0,9707300.0,32.99064385806179,-2.6481297567462523,Residential,0.98333424,0.98333424,35,150.0,1.5449620595407207,False
51,51,499600.0,9707300.0,32.996401483856175,-2.6481297869893057,HerbaceousVegetation,0.74556327,0.18069494,28,120.0,1.9015722181640584,False
51,52,500240.0,9707300.0,33.00215910968723,-2.648129790349645,HerbaceousVegetation,0.41101977,0.2570756,31,133.0,2.3799676544790374,False
51,53,500880.0,9707300.0,33.00791673549628,-2.648129766827271,HerbaceousVegetation,0.77996576,0.19507298,26,112.0,2.9209099903693576,False
51,54,501520.0,9707300.0,33.01367436122468,-2.648129716422182,HerbaceousVegetation,0.96365476,0.01951942,25,108.0,3.495480554560788,False
51,55,502160.0,9707300.0,33.01943198681378,-2.6481296391343827,HerbaceousVegetation,0.5032263,0.33941108,3,13.0,4.089529733696244,False
51,56,502800.0,9707300.0,33.025189612204905,-2.6481295349638767,HerbaceousVegetation,0.7160308,0.0017840887,12,52.0,4.695670620716357,False
51,57,503440.0,9707300.0,33.03094723733942,-2.6481294039106684,Highway,0.95549536,0.025712872,271,1165.0,5.309763809599426,True
51,58,504080.0,9707300.0,33.03670486215866,-2.6481292459747663,River,0.58236736,4.3417028e-08,34,146.0,5.597846896818119,True
51,59,504720.0,9707300.0,33.042462486603974,-2.6481290611561765,River,0.70962936,0.013475349,4,17.0,5.4508606928551355,True
51,60,505360.0,9707300.0,33.0482201106167,-2.648128849454909,HerbaceousVegetation,0.8655246,0.00057623576,3,13.0,5.376529987418474,True
51,61,506000.0,9707300.0,33.05397773413818,-2.6481286108709754,HerbaceousVegetation,0.9967128,1.3148016e-06,0,0.0,5.357753402241474,False
51,62,506640.0,9707300.0,33.059735357109766,-2.6481283454043854,HerbaceousVegetation,0.89695275,0.0007831867,0,0.0,4.78540880873224,False
51,63,507280.0,9707300.0,33.06549297947281,-2.648128053055155,HerbaceousVegetation,0.5391895,0.0053686537,10,43.0,4.232487851625109,False
51,64,507920.0,9707300.0,33.07125060116864,-2.648127733823298,HerbaceousVegetation,0.5224111,0.0066196145,15,64.0,3.707690569831328,False
51,65,508560.0,9707300.0,33.07700822213861,-2.648127387708829,HerbaceousVegetation,0.99014646,0.0026086608,22,95.0,3.2247767843803046,False
51,66,509200.0,9707300.0,33.08276584232405,-2.6481270147117675,HerbaceousVegetation,0.83883226,0.073674805,2,9.0,2.805459188179397,False
51,67,509840.0,9707300.0,33.088523461666334,-2.648126614832133,HerbaceousVegetation,0.94817835,0.0018276676,7,30.0,2.4821799298202016,False
51,68,510480.0,9707300.0,33.09428108010678,-2.6481261880699423,HerbaceousVegetation,0.71292263,0.03291686,15,64.0,2.2958730695454928,False
51,69,511120.0,9707300.0,33.10003869758675,-2.6481257344252205,HerbaceousVegetation,0.99415344,0.00017450948,8,34.0,2.280361615824619,False
51,70,511760.0,9707300.0,33.105796314047566,-2.6481252538979896,HerbaceousVegetation,0.92684877,0.0023448588,0,0.0,2.4389065267837324,False
51,71,512400.0,9707300.0,33.111553929430606,-2.648124746488272,HerbaceousVegetation,0.986901,0.00018235462,13,56.0,2.7414742373128935,False
51,72,513040.0,9707300.0,33.11731154367718,-2.6481242121960955,HerbaceousVegetation,0.66186017,0.02199885,39,168.0,3.146791531276315,False
51,73,513680.0,9707300.0,33.12306915672866,-2.648123651021486,Residential,0.7058484,0.7058484,30,129.0,3.6205127936211405,False
51,74,514320.0,9707300.0,33.12882676852639,-2.648123062964471,HerbaceousVegetation,0.9974942,0.0006302361,8,34.0,4.139218384699747,False
51,75,514960.0,9707300.0,33.134584379011685,-2.6481224480250827,HerbaceousVegetation,0.9794525,0.00028466515,24,103.0,4.68800008358558,False
51,76,515600.0,9707300.0,33.140341988125925,-2.64812180620335,HerbaceousVegetation,0.7653444,0.007305349,8,34.0,5.257448119683201,True
51,77,516240.0,9707300.0,33.14609959581044,-2.6481211374993068,Residential,0.6688772,0.6688772,14,60.0,5.292073258195845,True
51,78,516880.0,9707300.0,33.15185720200657,-2.648120441912986,HerbaceousVegetation,0.9879546,0.00014585072,0,0.0,5.082001595268549,False
51,79,517520.0,9707300.0,33.15761480665567,-2.648119719444423,HerbaceousVegetation,0.93213695,0.0048785945,7,30.0,4.946376558503462,False
51,80,518160.0,9707300.0,33.163372409699086,-2.6481189700936536,HerbaceousVegetation,0.95613605,0.0015436036,13,56.0,4.891294167645123,False
51,81,518800.0,9707300.0,33.16913001107816,-2.648118193860717,HerbaceousVegetation,0.9870654,0.0012887947,7,30.0,4.918397980801262,False
51,82,519440.0,9707300.0,33.17488761073423,-2.6481173907456514,HerbaceousVegetation,0.62218004,0.000106200656,31,133.0,5.027496271571036,True
51,83,520080.0,9707300.0,33.18064520860866,-2.6481165607484973,Pasture,0.5584052,0.00043260242,24,103.0,5.213444046287579,True
51,84,520720.0,9707300.0,33.186402804642775,-2.6481157038692973,HerbaceousVegetation,0.721927,0.052548263,1,4.0,5.468407344637207,True
51,85,521360.0,9707300.0,33.19216039877794,-2.6481148201080944,HerbaceousVegetation,0.9837652,0.00029568552,0,0.0,5.783265422751483,False
52,0,466960.0,9706660.0,32.70276252985773,-2.653884047479232,HerbaceousVegetation,0.86518145,0.015053932,9,39.0,1.3151558839064874,False
52,1,467600.0,9706660.0,32.70852010579329,-2.653885424836925,HerbaceousVegetation,0.97344375,0.008313697,18,77.0,0.7251013038493314,False
52,2,468240.0,9706660.0,32.7142776846983,-2.6538867752547888,HerbaceousVegetation,0.98071986,0.00037780558,15,64.0,0.37564451641698,False
52,3,468880.0,9706660.0,32.72003526651411,-2.6538880987327524,HerbaceousVegetation,0.96305215,0.004688499,16,69.0,0.7587131899369439,False
52,4,469520.0,9706660.0,32.72579285118205,-2.6538893952707507,HerbaceousVegetation,0.9972646,6.579602e-05,3,13.0,1.3525467113761505,False
52,5,470160.0,9706660.0,32.73155043864348,-2.653890664868718,HerbaceousVegetation,0.96054363,0.004086034,6,26.0,1.9754289428690128,False
52,6,470800.0,9706660.0,32.73730802883974,-2.6538919075265897,HerbaceousVegetation,0.97030354,0.00058048003,14,60.0,2.60661781053432,False
52,7,471440.0,9706660.0,32.74306562171218,-2.653893123244303,HerbaceousVegetation,0.94110876,0.0006306629,12,52.0,3.241264153392142,False
52,8,472080.0,9706660.0,32.74882321720214,-2.6538943120217966,HerbaceousVegetation,0.78940666,0.001991717,0,0.0,3.4260321171980013,False
52,9,472720.0,9706660.0,32.75458081525096,-2.653895473859011,HerbaceousVegetation,0.8874138,0.001977162,7,30.0,3.560669539082938,False
52,10,473360.0,9706660.0,32.76033841580001,-2.6538966087558866,HerbaceousVegetation,0.91879314,0.002278085,7,30.0,3.7997682909664365,False
52,11,474000.0,9706660.0,32.76609601879061,-2.6538977167123683,HerbaceousVegetation,0.99239165,0.0010293783,8,34.0,4.125204305669585,False
52,12,474640.0,9706660.0,32.77185362416412,-2.6538987977283965,HerbaceousVegetation,0.99335545,0.00053233316,9,39.0,4.518360550243391,False
52,13,475280.0,9706660.0,32.77761123186188,-2.653899851803918,HerbaceousVegetation,0.97357255,0.00077374856,14,60.0,4.425254200028336,False
52,14,475920.0,9706660.0,32.78336884182525,-2.6539008789388827,HerbaceousVegetation,0.976773,0.00065453124,9,39.0,3.972826683697089,False
52,15,476560.0,9706660.0,32.78912645399555,-2.653901879133234,HerbaceousVegetation,0.8729184,4.647482e-05,18,77.0,3.5781320521359743,False
52,16,477200.0,9706660.0,32.79488406831414,-2.6539028523869246,HerbaceousVegetation,0.97934306,0.0006155604,1,4.0,3.26219345017275,False
52,17,477840.0,9706660.0,32.80064168472236,-2.653903798699904,HerbaceousVegetation,0.9574109,8.576181e-06,0,0.0,3.049587386873375,False
52,18,478480.0,9706660.0,32.80639930316156,-2.653904718072124,HerbaceousVegetation,0.9596435,8.821884e-05,16,69.0,2.9626441490675806,False
52,19,479120.0,9706660.0,32.812156923573085,-2.653905610503539,SeaLake,0.8867171,0.0019968485,11,47.0,3.0122645099379235,False
52,20,479760.0,9706660.0,32.81791454589827,-2.653906475994104,SeaLake,0.9996796,3.6114382e-06,0,0.0,3.192086245961839,False
52,21,480400.0,9706660.0,32.823672170078474,-2.6539073145437744,SeaLake,0.99963963,4.5870192e-06,0,0.0,3.4819953655175846,False
52,22,481040.0,9706660.0,32.829429796055024,-2.653908126152509,SeaLake,0.9991693,1.2007131e-05,0,0.0,3.857248870544021,False
52,23,481680.0,9706660.0,32.835187423769284,-2.653908910820266,SeaLake,0.9985671,2.2969121e-05,0,0.0,4.295537914294356,False
52,24,482320.0,9706660.0,32.840945053162585,-2.653909668547006,SeaLake,0.99952245,7.636401e-06,0,0.0,4.779552604268259,False
52,25,482960.0,9706660.0,32.84670268417627,-2.65391039933269,SeaLake,0.99928105,1.104808e-05,0,0.0,5.296772623097455,False
52,26,483600.0,9706660.0,32.852460316751696,-2.653911103177283,SeaLake,0.9991726,1.4233788e-05,0,0.0,5.838379684863077,False
52,27,484240.0,9706660.0,32.85821795083019,-2.653911780080748,SeaLake,0.9992851,1.1999547e-05,0,0.0,6.398183685113227,False
52,28,484880.0,9706660.0,32.86397558635311,-2.6539124300430497,SeaLake,0.9996134,6.7263964e-06,0,0.0,6.7824417123493115,False
52,29,485520.0,9706660.0,32.8697332232618,-2.6539130530641586,SeaLake,0.9999944,4.5891966e-07,0,0.0,6.152219992519869,False
52,30,486160.0,9706660.0,32.87549086149758,-2.6539136491440405,SeaLake,0.9981881,2.387108e-05,0,0.0,5.524247106285749,False
52,31,486800.0,9706660.0,32.88124850100183,-2.6539142182826656,SeaLake,0.99998844,1.15604024e-07,1,4.0,4.8993878542376885,False
52,32,487440.0,9706660.0,32.887006141715865,-2.653914760480005,SeaLake,0.99999595,7.2005186e-08,0,0.0,4.279006496980005,False
52,33,488080.0,9706660.0,32.892763783581046,-2.6539152757360336,SeaLake,0.99983513,4.6179243e-06,0,0.0,3.6653774507057797,False
52,34,488720.0,9706660.0,32.89852142653871,-2.653915764050723,HerbaceousVegetation,0.6976736,0.29429376,0,0.0,3.062562180770818,False
52,35,489360.0,9706660.0,32.904279070530194,-2.6539162254240494,HerbaceousVegetation,0.8002137,0.10667214,17,73.0,2.4784637108565892,False
52,36,490000.0,9706660.0,32.91003671549685,-2.6539166598559887,HerbaceousVegetation,0.9144823,0.064026386,38,163.0,1.9301496369396658,False
52,37,490640.0,9706660.0,32.91579436138002,-2.65391706734652,HerbaceousVegetation,0.9974354,1.4268299e-05,8,34.0,1.4585516363583537,False
52,38,491280.0,9706660.0,32.92155200812105,-2.653917447895622,HerbaceousVegetation,0.9931155,0.00010877715,0,0.0,1.1612356052364825,False
52,39,491920.0,9706660.0,32.92730965566128,-2.653917801503276,HerbaceousVegetation,0.6834097,9.8248565e-05,25,108.0,1.178458054329575,False
52,40,492560.0,9706660.0,32.93306730394205,-2.6539181281694635,HerbaceousVegetation,0.98660195,0.00072397734,11,47.0,1.499419434567778,False
52,41,493200.0,9706660.0,32.93882495290471,-2.653918427894169,Residential,0.9455004,0.9455004,112,482.0,1.981654333052277,False
52,42,493840.0,9706660.0,32.9445826024906,-2.653918700677377,Residential,0.9849081,0.9849081,109,469.0,2.534728614792947,False
52,43,494480.0,9706660.0,32.950340252641055,-2.653918946519073,Residential,0.782412,0.782412,221,950.0,3.121208805189983,False
52,44,495120.0,9706660.0,32.95609790329744,-2.653919165419245,HerbaceousVegetation,0.57839495,0.37090573,154,662.0,3.2902159107770648,False
52,45,495760.0,9706660.0,32.96185555440108,-2.653919357377882,HerbaceousVegetation,0.8304316,0.09570376,68,292.0,2.6719636739678227,False
52,46,496400.0,9706660.0,32.96761320589331,-2.6539195223949745,Residential,0.60679746,0.60679746,155,666.0,2.066992745627496,False
52,47,497040.0,9706660.0,32.973370857715494,-2.653919660470513,PermanentCrop,0.66967636,0.014306406,45,194.0,1.491552260549314,False
52,48,497680.0,9706660.0,32.979128509808966,-2.6539197716044933,Residential,0.8556921,0.8556921,13,56.0,0.9980968296827923,False
52,49,498320.0,9706660.0,32.98488616211507,-2.653919855796907,HerbaceousVegetation,0.9705203,0.0071102898,36,155.0,0.7660720703014262,False
52,50,498960.0,9706660.0,32.99064381457515,-2.653919913047751,HerbaceousVegetation,0.43255204,0.05816179,15,64.0,0.9983664419285065,False
52,51,499600.0,9706660.0,32.996401467130546,-2.653919943357021,HerbaceousVegetation,0.93360925,0.037070725,25,108.0,1.4919130966118832,False
52,52,500240.0,9706660.0,33.0021591197226,-2.6539199467247188,Residential,0.6508825,0.6508825,7,30.0,2.0673833276185456,False
52,53,500880.0,9706660.0,33.00791677229266,-2.653919923150841,HerbaceousVegetation,0.9730681,0.00060009473,3,13.0,2.672366546488001,False
52,54,501520.0,9706660.0,33.013674424782074,-2.6539198726353903,HerbaceousVegetation,0.9520846,0.0036940854,22,95.0,3.290624878995063,False
52,55,502160.0,9706660.0,33.019432077132166,-2.653919795178368,HerbaceousVegetation,0.9099521,0.018275576,10,43.0,3.91587553808013,False
52,56,502800.0,9706660.0,33.0251897292843,-2.65391969077978,Highway,0.6011139,0.0658899,39,168.0,4.545233807540314,False
52,57,503440.0,9706660.0,33.0309473811798,-2.6539195594396303,Residential,0.7649652,0.7649652,78,335.0,5.1772018987751,True
52,58,504080.0,9706660.0,33.036705032760025,-2.653919401157925,HerbaceousVegetation,0.9968437,0.00080255035,12,52.0,5.810928379885056,True
52,59,504720.0,9706660.0,33.04246268396631,-2.6539192159346734,Highway,0.7840315,0.000440055,14,60.0,6.0821117704570264,True
52,60,505360.0,9706660.0,33.04822033474001,-2.653919003769884,HerbaceousVegetation,0.79628724,0.005164226,3,13.0,5.730667550729138,True
52,61,506000.0,9706660.0,33.05397798502244,-2.653918764663568,HerbaceousVegetation,0.7152561,0.0019455212,2,9.0,5.120152978617135,True
52,62,506640.0,9706660.0,33.05973563475497,-2.653918498615737,HerbaceousVegetation,0.9786541,0.00012044379,4,17.0,4.517807263695956,False
52,63,507280.0,9706660.0,33.065493283878936,-2.653918205626405,PermanentCrop,0.6903616,0.013641239,17,73.0,3.9273907902532397,False
52,64,507920.0,9706660.0,33.07125093233568,-2.6539178856955865,HerbaceousVegetation,0.99306774,1.0996949e-05,2,9.0,3.3552070527506923,False
52,65,508560.0,9706660.0,33.07700858006654,-2.653917538823297,HerbaceousVegetation,0.48842257,0.0013638871,60,258.0,2.8124064987640045,False
52,66,509200.0,9706660.0,33.08276622701287,-2.653917165009555,HerbaceousVegetation,0.57425886,0.008137971,116,499.0,2.3197082277200356,False
52,67,509840.0,9706660.0,33.08852387311601,-2.6539167642543795,HerbaceousVegetation,0.9908208,0.0017215707,34,146.0,1.9161581900286973,False
52,68,510480.0,9706660.0,33.09428151831729,-2.6539163365577902,HerbaceousVegetation,0.9898842,5.233678e-05,33,142.0,1.6677764108764925,False
52,69,511120.0,9706660.0,33.10003916255807,-2.6539158819198083,HerbaceousVegetation,0.8190081,0.0038051906,9,39.0,1.6463578299197588,False
52,70,511760.0,9706660.0,33.10579680577969,-2.6539154003404577,HerbaceousVegetation,0.7273088,0.082485534,23,99.0,1.8597607511720748,False
52,71,512400.0,9706660.0,33.11155444792348,-2.653914891819762,HerbaceousVegetation,0.72982603,0.04318148,9,39.0,2.241902317020557,False
52,72,513040.0,9706660.0,33.11731208893081,-2.653914356357748,HerbaceousVegetation,0.99526167,9.300133e-06,0,0.0,2.7226351107932483,False
52,73,513680.0,9706660.0,33.123069728743,-2.6539137939544406,HerbaceousVegetation,0.96118134,0.009057112,30,129.0,3.2586128788161055,False
52,74,514320.0,9706660.0,33.128827367301405,-2.6539132046098697,PermanentCrop,0.49496603,0.042761248,39,168.0,3.8266922846563207,False
52,75,514960.0,9706660.0,33.13458500454736,-2.653912588324066,HerbaceousVegetation,0.9404728,0.010767396,46,198.0,4.414497682512726,False
52,76,515600.0,9706660.0,33.14034264042222,-2.6539119450970583,HerbaceousVegetation,0.9553178,0.021052256,25,108.0,5.015097779343115,True
52,77,516240.0,9706660.0,33.14610027486732,-2.653911274928881,HerbaceousVegetation,0.6526991,0.013218196,11,47.0,4.707019340353093,False
52,78,516880.0,9706660.0,33.15185790782401,-2.6539105778195675,HerbaceousVegetation,0.97637004,0.0034810142,30,129.0,4.469533746897829,False
52,79,517520.0,9706660.0,33.15761553923363,-2.653909853769153,HerbaceousVegetation,0.98484623,0.0021538823,24,103.0,4.314699613977665,False
52,80,518160.0,9706660.0,33.16337316903753,-2.6539091027776727,HerbaceousVegetation,0.9976913,4.2106174e-07,3,13.0,4.251488196557162,False
52,81,518800.0,9706660.0,33.16913079717704,-2.6539083248451663,HerbaceousVegetation,0.4665969,0.09205749,19,82.0,4.282643103105325,False
52,82,519440.0,9706660.0,33.17488842359352,-2.653907519971672,HerbaceousVegetation,0.96275496,0.0015921949,29,125.0,4.407506325768161,False
52,83,520080.0,9706660.0,33.18064604822831,-2.653906688157232,HerbaceousVegetation,0.9912469,3.783442e-06,4,17.0,4.618483741965223,False
52,84,520720.0,9706660.0,33.18640367102275,-2.6539058294018862,HerbaceousVegetation,0.991714,0.0023362804,0,0.0,4.904474705603835,False
52,85,521360.0,9706660.0,33.19216129191819,-2.65390494370568,HerbaceousVegetation,0.8078097,0.014110112,0,0.0,5.253242065716995,False
53,0,466960.0,9706020.0,32.70276114532364,-2.659674124880039,HerbaceousVegetation,0.99553,0.00019777038,8,34.0,1.6184600385922863,False
53,1,467600.0,9706020.0,32.708518748077104,-2.6596755052469083,HerbaceousVegetation,0.96429306,0.0007845854,6,26.0,1.1897688003937117,False
53,2,468240.0,9706020.0,32.714276353800074,-2.6596768586150907,HerbaceousVegetation,0.7629734,0.00026351478,5,22.0,1.0153259083961357,False
53,3,468880.0,9706020.0,32.72003396243391,-2.6596781849845166,HerbaceousVegetation,0.9335687,0.006860948,0,0.0,1.2105468194706823,False
53,4,469520.0,9706020.0,32.72579157391995,-2.6596794843551206,HerbaceousVegetation,0.9994306,1.4626224e-05,7,30.0,1.6489877209975612,False
53,5,470160.0,9706020.0,32.73154918819953,-2.659680756726836,HerbaceousVegetation,0.9604192,0.00027244916,6,26.0,2.189085974983824,False
53,6,470800.0,9706020.0,32.73730680521401,-2.6596820020996,HerbaceousVegetation,0.99395126,8.553351e-06,5,22.0,2.7720451489362548,False
53,7,471440.0,9706020.0,32.74306442490473,-2.659683220473346,HerbaceousVegetation,0.99481916,0.00019440794,13,56.0,3.375732692262699,False
53,8,472080.0,9706020.0,32.74882204721303,-2.659684411848017,HerbaceousVegetation,0.90678203,1.8504355e-05,5,22.0,3.9907528251548374,False
53,9,472720.0,9706020.0,32.75457967208027,-2.6596855762235494,HerbaceousVegetation,0.98077035,0.0019811771,5,22.0,4.176243883197932,False
53,10,473360.0,9706020.0,32.76033729944778,-2.659686713599886,HerbaceousVegetation,0.98440766,0.00036801692,9,39.0,4.381881384796834,False
53,11,474000.0,9706020.0,32.766094929256894,-2.6596878239769697,HerbaceousVegetation,0.9849246,0.00044927807,4,17.0,4.6669000384527095,False
53,12,474640.0,9706020.0,32.77185256144898,-2.6596889073547434,Residential,0.9002383,0.9002383,7,30.0,4.562970604054851,False
53,13,475280.0,9706020.0,32.777610195965366,-2.6596899637331526,HerbaceousVegetation,0.98762614,4.9458475e-05,6,26.0,4.02516805329863,False
53,14,475920.0,9706020.0,32.78336783274741,-2.659690993112144,HerbaceousVegetation,0.8254717,0.11417609,8,34.0,3.521711938975571,False
53,15,476560.0,9706020.0,32.78912547173644,-2.6596919954916665,HerbaceousVegetation,0.9837541,0.00016623987,10,43.0,3.06954916965835,False
53,16,477200.0,9706020.0,32.79488311287381,-2.659692970871668,HerbaceousVegetation,0.75352937,0.027290655,5,22.0,2.6946259905184347,False
53,17,477840.0,9706020.0,32.80064075610086,-2.659693919252101,HerbaceousVegetation,0.9910495,0.00017577253,0,0.0,2.4329172514914363,False
53,18,478480.0,9706020.0,32.80639840135893,-2.659694840632916,HerbaceousVegetation,0.996102,0.00017009201,2,9.0,2.323007420657935,False
53,19,479120.0,9706020.0,32.81215604858937,-2.6596957350140658,SeaLake,0.96801066,1.2499558e-05,0,0.0,2.385967434869768,False
53,20,479760.0,9706020.0,32.81791369773353,-2.659696602395507,SeaLake,0.9999784,9.285068e-07,0,0.0,2.609313650001895,False
53,21,480400.0,9706020.0,32.82367134873274,-2.659697442777196,SeaLake,0.99851876,2.5131906e-06,0,0.0,2.956923206292886,False
53,22,481040.0,9706020.0,32.82942900152834,-2.6596982561590883,SeaLake,0.90876263,0.00031455315,0,0.0,3.3907922336440177,False
53,23,481680.0,9706020.0,32.83518665606169,-2.659699042541145,SeaLake,0.9990379,1.5718204e-05,0,0.0,3.8821062705144715,False
53,24,482320.0,9706020.0,32.84094431227411,-2.6596998019233253,SeaLake,0.9993104,1.0427381e-05,0,0.0,4.411714657522058,False
53,25,482960.0,9706020.0,32.84670197010697,-2.6597005343055904,SeaLake,0.9992768,1.1855454e-05,0,0.0,4.967383953674425,False
53,26,483600.0,9706020.0,32.852459629501595,-2.6597012396879043,SeaLake,0.99937725,9.80549e-06,0,0.0,5.541279677750379,False
53,27,484240.0,9706020.0,32.858217290399324,-2.659701918070231,SeaLake,0.9996309,5.927315e-06,0,0.0,6.12828341306736,False
53,28,484880.0,9706020.0,32.86397495274151,-2.659702569452536,SeaLake,0.99973637,3.827253e-06,0,0.0,6.706067648847392,False
53,29,485520.0,9706020.0,32.8697326164695,-2.659703193834788,SeaLake,0.9997677,3.699996e-06,0,0.0,6.0679188002034845,False
53,30,486160.0,9706020.0,32.87549028152462,-2.6597037912169514,SeaLake,0.9995192,8.496462e-06,0,0.0,5.430205688628028,False
53,31,486800.0,9706020.0,32.88124794784822,-2.659704361599,SeaLake,0.9993787,1.0386814e-05,0,0.0,4.793102239234368,False
53,32,487440.0,9706020.0,32.88700561538165,-2.659704904980904,SeaLake,0.9997329,4.527482e-06,0,0.0,4.156888780169469,False
53,33,488080.0,9706020.0,32.89276328406625,-2.6597054213626348,SeaLake,0.9993087,1.106608e-05,0,0.0,3.522047641024199,False
53,34,488720.0,9706020.0,32.89852095384335,-2.6597059107441665,SeaLake,0.9996084,6.251771e-06,0,0.0,2.8894834902780517,False
53,35,489360.0,9706020.0,32.90427862465431,-2.6597063731254766,River,0.87129664,0.02967309,5,22.0,2.261108156531823,False
53,36,490000.0,9706020.0,32.91003629644045,-2.65970680850654,HerbaceousVegetation,0.9526009,0.005359642,122,525.0,1.6417385146484347,False
53,37,490640.0,9706020.0,32.91579396914313,-2.659707216887334,HerbaceousVegetation,0.5420975,0.24741478,76,327.0,1.0474734390070979,False
53,38,491280.0,9706020.0,32.92155164270369,-2.65970759826784,Residential,0.95051205,0.95051205,70,301.0,0.5641771533575817,False
53,39,491920.0,9706020.0,32.92730931706347,-2.659707952648036,HerbaceousVegetation,0.5810024,0.3371267,54,232.0,0.5988247784752834,False
53,40,492560.0,9706020.0,32.9330669921638,-2.659708280027907,HerbaceousVegetation,0.5700268,0.041125935,24,103.0,1.1036695022792284,False
53,41,493200.0,9706020.0,32.938824667946044,-2.659708580407434,HerbaceousVegetation,0.9960257,8.443683e-05,28,120.0,1.701993426898761,False
53,42,493840.0,9706020.0,32.944582344351524,-2.659708853786604,HerbaceousVegetation,0.5694909,0.41772667,90,387.0,2.3226443722946257,False
53,43,494480.0,9706020.0,32.950340021321594,-2.6597091001654003,Residential,0.99359024,0.99359024,183,787.0,2.9515711299403247,False
53,44,495120.0,9706020.0,32.95609769879759,-2.6597093195438144,HerbaceousVegetation,0.9750955,0.00011066151,9,39.0,3.202272400418058,False
53,45,495760.0,9706020.0,32.96185537672086,-2.659709511921832,HerbaceousVegetation,0.8791599,0.016584309,91,391.0,2.5628924405741853,False
53,46,496400.0,9706020.0,32.967613055032736,-2.6597096772994453,Residential,0.9866458,0.9866458,92,396.0,1.9239248419377968,False
53,47,497040.0,9706020.0,32.97337073367457,-2.659709815676644,HerbaceousVegetation,0.75144726,0.18779491,43,185.0,1.2859844217168608,False
53,48,497680.0,9706020.0,32.97912841258769,-2.6597099270534224,Residential,0.98435533,0.98435533,55,236.0,0.6520928372337191,False
53,49,498320.0,9706020.0,32.984886091713456,-2.659710011429776,Residential,0.999665,0.999665,105,452.0,0.12607221678305747,False
53,50,498960.0,9706020.0,32.990643770993195,-2.659710068805698,Residential,0.5185996,0.5185996,15,64.0,0.652505432404717,False
53,51,499600.0,9706020.0,32.99640145036825,-2.659710099181188,Residential,0.915923,0.915923,43,185.0,1.2864029208575123,False
53,52,500240.0,9706020.0,33.002159129779976,-2.6597101025562413,HerbaceousVegetation,0.6507337,0.0896513,41,176.0,1.924344462476459,False
53,53,500880.0,9706020.0,33.0079168091697,-2.659710078930861,HerbaceousVegetation,0.9934539,0.00013181499,12,52.0,2.5633124557370848,False
53,54,501520.0,9706020.0,33.01367448847877,-2.6597100283050463,HerbaceousVegetation,0.9450894,0.00254848,2,9.0,3.202692598612917,False
53,55,502160.0,9706020.0,33.019432167648525,-2.6597099506788013,HerbaceousVegetation,0.9714043,0.002617428,1,4.0,3.8422791435140455,False
53,56,502800.0,9706020.0,33.02518984662031,-2.659709846052128,Residential,0.82476133,0.82476133,71,305.0,4.48198372957289,False
53,57,503440.0,9706020.0,33.03094752533546,-2.6597097144250337,HerbaceousVegetation,0.8783433,0.006161973,46,198.0,5.121762127200869,True
53,58,504080.0,9706020.0,33.03670520373532,-2.6597095557975234,HerbaceousVegetation,0.91762686,0.017883498,17,73.0,5.761589747899642,True
53,59,504720.0,9706020.0,33.04246288176125,-2.6597093701696064,HerbaceousVegetation,0.99921656,2.3475127e-06,8,34.0,6.115068203908071,True
53,60,505360.0,9706020.0,33.04822055935456,-2.6597091575412906,Highway,0.67080045,0.00027432846,12,52.0,5.583027456693342,True
53,61,506000.0,9706020.0,33.05397823645661,-2.6597089179125883,Highway,0.92083114,0.00074503146,1,4.0,4.954352786152168,False
53,62,506640.0,9706020.0,33.059735913008744,-2.6597086512835104,HerbaceousVegetation,0.9919133,6.323266e-05,1,4.0,4.328998438105028,False
53,63,507280.0,9706020.0,33.065493588952286,-2.659708357654071,HerbaceousVegetation,0.9289717,9.351537e-05,23,99.0,3.708644418730083,False
53,64,507920.0,9706020.0,33.0712512642286,-2.6597080370242847,HerbaceousVegetation,0.9944858,0.00042923857,17,73.0,3.096297687891107,False
53,65,508560.0,9706020.0,33.07700893877902,-2.6597076893941685,HerbaceousVegetation,0.8924376,0.01755714,14,60.0,2.49785414295988,False
53,66,509200.0,9706020.0,33.08276661254487,-2.659707314763738,HerbaceousVegetation,0.8913354,0.058444887,66,284.0,1.9263154640307127,False
53,67,509840.0,9706020.0,33.08852428546752,-2.6597069131330144,HerbaceousVegetation,0.88585544,0.00036136052,18,77.0,1.4146756569708419,False
53,68,510480.0,9706020.0,33.094281957488306,-2.6597064845020166,HerbaceousVegetation,0.88146985,5.688071e-05,9,39.0,1.0540982695592973,False
53,69,511120.0,9706020.0,33.10003962854855,-2.6597060288707666,HerbaceousVegetation,0.8833299,0.00023355418,9,39.0,1.0198721044081593,False
53,70,511760.0,9706020.0,33.10579729858962,-2.659705546239288,HerbaceousVegetation,0.9346545,0.0013339723,11,47.0,1.3372939305971405,False
53,71,512400.0,9706020.0,33.11155496755285,-2.6597050366076034,HerbaceousVegetation,0.9765073,0.0014691327,20,86.0,1.8318763616232325,False
53,72,513040.0,9706020.0,33.11731263537956,-2.6597044999757404,HerbaceousVegetation,0.5061932,0.00089567236,19,82.0,2.396327805567509,False
53,73,513680.0,9706020.0,33.12307030201112,-2.6597039363437256,HerbaceousVegetation,0.9657552,0.001438062,9,39.0,2.991354692977417,False
53,74,514320.0,9706020.0,33.128827967388865,-2.659703345711587,HerbaceousVegetation,0.94249296,0.0016975035,6,26.0,3.6018354830086343,False
53,75,514960.0,9706020.0,33.13458563145414,-2.659702728079356,HerbaceousVegetation,0.98703647,0.000101548016,30,129.0,4.221070337499964,False
53,76,515600.0,9706020.0,33.14034329414827,-2.65970208344706,HerbaceousVegetation,0.98091346,0.0023714167,20,86.0,4.485947160478382,False
53,77,516240.0,9706020.0,33.14610095541262,-2.6597014118147366,HerbaceousVegetation,0.99221003,0.0001832393,6,26.0,4.138263255377132,False
53,78,516880.0,9706020.0,33.15185861518852,-2.659700713182416,HerbaceousVegetation,0.8591973,0.0014302054,4,17.0,3.865995811560718,False
53,79,517520.0,9706020.0,33.15761627341731,-2.659699987550135,HerbaceousVegetation,0.8674831,0.0027564531,0,0.0,3.6858953402403456,False
53,80,518160.0,9706020.0,33.16337393004035,-2.6596992349179303,HerbaceousVegetation,0.98154956,0.00016499049,5,22.0,3.61175097930222,False
53,81,518800.0,9706020.0,33.16913158499896,-2.659698455285839,HerbaceousVegetation,0.9879382,2.2192335e-05,15,64.0,3.648372952372233,False
53,82,519440.0,9706020.0,33.1748892382345,-2.6596976486539017,HerbaceousVegetation,0.866886,0.0005890241,4,17.0,3.794167268678599,False
53,83,520080.0,9706020.0,33.180646889688305,-2.6596968150221576,HerbaceousVegetation,0.97888446,0.00023859787,0,0.0,4.037324030322901,False
53,84,520720.0,9706020.0,33.186404539301726,-2.65969595439065,HerbaceousVegetation,0.7784099,0.0009978912,0,0.0,4.361589777699583,False
53,85,521360.0,9706020.0,33.19216218701609,-2.659695066759423,HerbaceousVegetation,0.9886269,6.8158993e-06,0,0.0,4.7503837162953735,False
54,0,466960.0,9705380.0,32.70275975776139,-2.665464201735413,HerbaceousVegetation,0.9340164,0.00031633515,0,0.0,2.0804785012266858,False
54,1,467600.0,9705380.0,32.7085173873914,-2.665465585111485,HerbaceousVegetation,0.9952471,2.0426742e-05,1,4.0,1.7676333601560543,False
54,2,468240.0,9705380.0,32.714275019990986,-2.665466941430013,HerbaceousVegetation,0.99231124,0.0001466521,0,0.0,1.6552536354911682,False
54,3,468880.0,9705380.0,32.7200326555015,-2.665468270690928,HerbaceousVegetation,0.9959293,1.0355151e-05,0,0.0,1.7816850169648046,False
54,4,469520.0,9705380.0,32.725790293864286,-2.665469572894162,HerbaceousVegetation,0.99726605,2.5433834e-05,0,0.0,2.1043142354570104,False
54,5,470160.0,9705380.0,32.731547935020686,-2.665470848039651,Pasture,0.41509733,0.043685343,6,26.0,2.5497206324256716,False
54,6,470800.0,9705380.0,32.73730557891204,-2.665472096127329,HerbaceousVegetation,0.5880478,0.010965479,12,52.0,3.0648347761808163,False
54,7,471440.0,9705380.0,32.7430632254797,-2.665473317157134,HerbaceousVegetation,0.78799486,0.0066311886,5,22.0,3.620020594852668,False
54,8,472080.0,9705380.0,32.74882087466501,-2.665474511129004,HerbaceousVegetation,0.47968137,0.0031123275,6,26.0,4.1994149603281175,False
54,9,472720.0,9705380.0,32.7545785264093,-2.665475678042878,HerbaceousVegetation,0.9918013,4.111558e-05,11,47.0,4.405109595147287,False
54,10,473360.0,9705380.0,32.76033618065392,-2.665476817898698,HerbaceousVegetation,0.9338789,0.0041625714,4,17.0,4.378937588194516,False
54,11,474000.0,9705380.0,32.766093837340215,-2.665477930696406,HerbaceousVegetation,0.97402906,0.00021171848,6,26.0,4.445716844036169,False
54,12,474640.0,9705380.0,32.771851496409525,-2.665479016435946,HerbaceousVegetation,0.9820322,1.5740678e-05,11,47.0,4.273055564335217,False
54,13,475280.0,9705380.0,32.7776091578032,-2.6654800751172627,HerbaceousVegetation,0.99216884,2.8033619e-05,4,17.0,3.6932751020907375,False
54,14,475920.0,9705380.0,32.78336682146257,-2.6654811067403026,HerbaceousVegetation,0.934487,0.00038998923,1,4.0,3.1369982632367743,False
54,15,476560.0,9705380.0,32.78912448732899,-2.665482111305014,HerbaceousVegetation,0.9529956,0.00037542896,3,13.0,2.61924325471647,False
54,16,477200.0,9705380.0,32.7948821553438,-2.665483088811347,HerbaceousVegetation,0.99796045,0.00036687133,16,69.0,2.167789738698132,False
54,17,477840.0,9705380.0,32.80063982544833,-2.6654840392592503,HerbaceousVegetation,0.99995375,2.7375063e-07,35,150.0,1.8323180605539275,False
54,18,478480.0,9705380.0,32.80639749758394,-2.665484962648678,HerbaceousVegetation,0.9977126,0.00072439876,2,9.0,1.6836468153562658,False
54,19,479120.0,9705380.0,32.81215517169196,-2.6654858589795807,Forest,0.5276585,0.0007956035,0,0.0,1.7695038069149456,False
54,20,479760.0,9705380.0,32.81791284771373,-2.665486728251916,SeaLake,0.9875618,0.0027193557,34,146.0,2.0607816105821777,False
54,21,480400.0,9705380.0,32.8236705255906,-2.6654875704656384,HerbaceousVegetation,0.996369,8.072435e-05,3,13.0,2.486302067396651,False
54,22,481040.0,9705380.0,32.82942820526391,-2.665488385620706,HerbaceousVegetation,0.9930662,0.00096256315,4,17.0,2.989276684110732,False
54,23,481680.0,9705380.0,32.835185886675,-2.6654891737170767,SeaLake,0.99372673,0.00044519303,0,0.0,3.5368138511936476,False
54,24,482320.0,9705380.0,32.840943569765216,-2.665489934754712,SeaLake,0.9994655,8.413963e-06,0,0.0,4.111146961837101,False
54,25,482960.0,9705380.0,32.846701254475896,-2.6654906687335727,SeaLake,0.999598,6.4540827e-06,0,0.0,4.702468124894588,False
54,26,483600.0,9705380.0,32.85245894074837,-2.665491375653621,SeaLake,0.9994412,8.730687e-06,0,0.0,5.3050997718682735,False
54,27,484240.0,9705380.0,32.858216628524005,-2.665492055514823,SeaLake,0.99920017,1.3078221e-05,0,0.0,5.915586252714434,False
54,28,484880.0,9705380.0,32.86397431774412,-2.6654927083171427,SeaLake,0.9987562,1.8339277e-05,0,0.0,6.531725486969824,False
54,29,485520.0,9705380.0,32.86973200835006,-2.665493334060548,SeaLake,0.9997385,3.8378203e-06,0,0.0,6.050509589725862,False
54,30,486160.0,9705380.0,32.875489700283175,-2.665493932745008,SeaLake,0.99962234,5.8786923e-06,0,0.0,5.410745008805157,False
54,31,486800.0,9705380.0,32.8812473934848,-2.66549450437049,SeaLake,0.9993931,9.968671e-06,0,0.0,4.7710435761220245,False
54,32,487440.0,9705380.0,32.887005087896284,-2.665495048936968,SeaLake,0.99962735,5.4717593e-06,0,0.0,4.131434624945738,False
54,33,488080.0,9705380.0,32.89276278345895,-2.665495566444412,SeaLake,0.999126,1.3460533e-05,0,0.0,3.4919689739666713,False
54,34,488720.0,9705380.0,32.89852048011415,-2.665496056892797,SeaLake,0.9984963,2.3482235e-05,0,0.0,2.852742990542814,False
54,35,489360.0,9705380.0,32.90427817780323,-2.6654965202821,SeaLake,0.9989517,2.5172229e-05,0,0.0,2.213964278175342,False
54,36,490000.0,9705380.0,32.91003587646752,-2.665496956612293,HerbaceousVegetation,0.48729143,0.046498112,14,60.0,1.5761767286639443,False
54,37,490640.0,9705380.0,32.915793576048365,-2.66549736588336,PermanentCrop,0.9870763,0.0062068147,71,305.0,0.9413970123848283,False
54,38,491280.0,9705380.0,32.921551276487115,-2.665497748095276,Residential,0.64102304,0.64102304,96,413.0,0.32760279283362104,False
54,39,491920.0,9705380.0,32.9273089777251,-2.665498103248021,HerbaceousVegetation,0.6719921,0.27004912,176,757.0,0.3842119790137944,False
54,40,492560.0,9705380.0,32.93306667970366,-2.6654984313415806,Residential,0.5853401,0.5853401,96,413.0,1.0035507459829844,False
54,41,493200.0,9705380.0,32.93882438236413,-2.6654987323759363,Residential,0.49617228,0.49617228,42,181.0,1.6388439079754706,False
54,42,493840.0,9705380.0,32.94458208564787,-2.665499006351073,HerbaceousVegetation,0.98818344,0.0025767414,27,116.0,2.27677504590454,False
54,43,494480.0,9705380.0,32.950339789496205,-2.665499253266977,Residential,0.6424135,0.6424135,115,494.0,2.9156131198427078,False
54,44,495120.0,9705380.0,32.95609749385048,-2.6654994731236354,Residential,0.9817463,0.9817463,93,400.0,3.240798715352114,False
54,45,495760.0,9705380.0,32.96185519865204,-2.665499665921038,HerbaceousVegetation,0.54235625,0.38109797,43,185.0,2.6108706304413065,False
54,46,496400.0,9705380.0,32.967612903842216,-2.665499831659174,Residential,0.99909705,0.99909705,56,241.0,1.9873888860447162,False
54,47,497040.0,9705380.0,32.97337060936235,-2.665499970338036,Residential,0.9332963,0.9332963,110,473.0,1.3791242583056575,False
54,48,497680.0,9705380.0,32.97912831515378,-2.665500081957617,Residential,0.6518312,0.6518312,205,882.0,0.8206417338401714,False
54,49,498320.0,9705380.0,32.98488602115786,-2.66550016651791,Residential,0.81012213,0.81012213,183,787.0,0.5139280015656621,False
54,50,498960.0,9705380.0,32.99064372731592,-2.665500224018912,Residential,0.998456,0.998456,26,112.0,0.820969625666107,False
54,51,499600.0,9705380.0,32.996401433569304,-2.6655002544606203,Residential,0.8071288,0.8071288,74,318.0,1.3795145021852508,False
54,52,500240.0,9705380.0,33.002159139859344,-2.665500257843032,Residential,0.84790283,0.84790283,59,254.0,1.9877951094648798,False
54,53,500880.0,9705380.0,33.007916846127394,-2.665500234166148,Residential,0.58630663,0.58630663,20,86.0,2.611282928501921,False
54,54,501520.0,9705380.0,33.01367455231478,-2.665500183429969,HerbaceousVegetation,0.7166322,0.21001692,3,13.0,3.2412139189135045,False
54,55,502160.0,9705380.0,33.019432258362855,-2.6655001056344982,HerbaceousVegetation,0.9719134,0.00077476783,1,4.0,3.8744466448296473,False
54,56,502800.0,9705380.0,33.02518996421296,-2.665500000779739,HerbaceousVegetation,0.79772365,0.014064821,14,60.0,4.509590440284438,False
54,57,503440.0,9705380.0,33.030947669806416,-2.665499868865697,HerbaceousVegetation,0.89057684,0.002849196,27,116.0,5.145937725485789,True
54,58,504080.0,9705380.0,33.03670537508458,-2.6654997098923787,HerbaceousVegetation,0.5317569,0.17750387,24,103.0,5.328474968530868,True
54,59,504720.0,9705380.0,33.042463079988785,-2.665499523859792,HerbaceousVegetation,0.9947478,0.0022532716,7,30.0,5.508131447365425,True
54,60,505360.0,9705380.0,33.04822078446038,-2.665499310767946,HerbaceousVegetation,0.9933554,2.380295e-05,6,26.0,5.50627283989847,True
54,61,506000.0,9705380.0,33.053978488440706,-2.6654990706168524,Highway,0.90338326,0.00021686542,3,13.0,4.8676951974076585,False
54,62,506640.0,9705380.0,33.05973619187109,-2.6654988034065226,Highway,0.9869302,8.902367e-06,17,73.0,4.229547550545756,False
54,63,507280.0,9705380.0,33.065493894692885,-2.6654985091369707,HerbaceousVegetation,0.85645366,2.3823719e-05,14,60.0,3.5920590793846396,False
54,64,507920.0,9705380.0,33.07125159684742,-2.6654981878082107,PermanentCrop,0.33430135,0.08620112,7,30.0,2.9556563361209043,False
54,65,508560.0,9705380.0,33.077009298276046,-2.665497839420259,HerbaceousVegetation,0.7601605,0.0050239395,3,13.0,2.3212325012186237,False
54,66,509200.0,9705380.0,33.0827669989201,-2.6654974639731344,HerbaceousVegetation,0.99506855,2.7672281e-06,8,34.0,1.6910163429652862,False
54,67,509840.0,9705380.0,33.08852469872092,-2.6654970614668545,HerbaceousVegetation,0.9495379,0.023508037,35,150.0,1.0724514998999781,False
54,68,510480.0,9705380.0,33.09428239761985,-2.66549663190144,Highway,0.5751101,0.007655033,44,189.0,0.5098707356769314,False
54,69,511120.0,9705380.0,33.100040095558235,-2.6654961752769126,HerbaceousVegetation,0.5360625,0.12541611,120,516.0,0.434723032012059,False
54,70,511760.0,9705380.0,33.105797792477404,-2.6654956915932964,Forest,0.6088185,0.009803994,19,82.0,0.9680909368565435,False
54,71,512400.0,9705380.0,33.1115554883187,-2.665495180850613,HerbaceousVegetation,0.9035622,0.0001588383,10,43.0,1.5825978672694472,False
54,72,513040.0,9705380.0,33.11731318302348,-2.6654946430488926,HerbaceousVegetation,0.9935796,0.00051075435,22,95.0,2.211612976302098,False
54,73,513680.0,9705380.0,33.12307087653306,-2.6654940781881584,HerbaceousVegetation,0.6739431,0.0013531719,28,120.0,2.845531216558667,False
54,74,514320.0,9705380.0,33.128828568788805,-2.66549348626844,HerbaceousVegetation,0.976203,0.0041317833,11,47.0,3.4816754374685575,False
54,75,514960.0,9705380.0,33.134586259732046,-2.665492867289769,HerbaceousVegetation,0.45395508,0.012510501,9,39.0,4.119014420869863,False
54,76,515600.0,9705380.0,33.14034394930411,-2.6654922212521743,HerbaceousVegetation,0.95541936,0.0005772836,6,26.0,3.9889990758272345,False
54,77,516240.0,9705380.0,33.146101637446364,-2.66549154815569,HerbaceousVegetation,0.9756815,0.00029944617,1,4.0,3.5935517905202095,False
54,78,516880.0,9705380.0,33.15185932410013,-2.6654908480003496,HerbaceousVegetation,0.99653965,0.00014807402,7,30.0,3.2763264970621413,False
54,79,517520.0,9705380.0,33.15761700920675,-2.6654901207861883,HerbaceousVegetation,0.9283197,0.0042769033,22,95.0,3.061734175194176,False
54,80,518160.0,9705380.0,33.163374692707585,-2.665489366513244,HerbaceousVegetation,0.9375316,0.0017429305,8,34.0,2.972089669534289,False
54,81,518800.0,9705380.0,33.16913237454396,-2.6654885851815524,HerbaceousVegetation,0.9354176,6.61508e-05,0,0.0,3.016524233389641,False
54,82,519440.0,9705380.0,33.17489005465721,-2.665487776791156,Pasture,0.6976679,0.011226806,4,17.0,3.1913161099674374,False
54,83,520080.0,9705380.0,33.18064773298869,-2.6654869413420927,HerbaceousVegetation,0.9486471,0.018796561,6,26.0,3.4768920858790593,False
54,84,520720.0,9705380.0,33.18640540947974,-2.665486078834407,HerbaceousVegetation,0.9434496,0.023868086,9,39.0,3.848669723418622,False
54,85,521360.0,9705380.0,33.192163084071694,-2.665485189268141,HerbaceousVegetation,0.93219256,0.0031453082,0,0.0,4.284266413643054,False
55,0,466960.0,9704740.0,32.70275836717091,-2.671254278044172,HerbaceousVegetation,0.9924988,0.00023918682,0,0.0,2.6185050489950803,False
55,1,467600.0,9704740.0,32.70851602373612,-2.6712556644294736,HerbaceousVegetation,0.8879408,0.0022946738,7,30.0,2.377541922550026,False
55,2,468240.0,9704740.0,32.71427368327097,-2.6712570236983733,HerbaceousVegetation,0.82671803,0.02992536,0,0.0,2.2952216658425435,False
55,3,468880.0,9704740.0,32.720031345716826,-2.671258355850803,Forest,0.75895333,0.00051141874,8,34.0,2.3880074114673864,False
55,4,469520.0,9704740.0,32.72578901101502,-2.6712596608866934,Pasture,0.8003406,0.020856747,2,9.0,2.63748294764029,False
55,5,470160.0,9704740.0,32.731546679106884,-2.67126093880598,HerbaceousVegetation,0.43385366,0.0012088555,7,30.0,3.0048715781150217,False
55,6,470800.0,9704740.0,32.73730434993377,-2.6712621896085977,HerbaceousVegetation,0.4762687,0.0026175312,2,9.0,3.4527366106950015,False
55,7,471440.0,9704740.0,32.743062023437034,-2.671263413294484,HerbaceousVegetation,0.3977002,0.025239017,17,73.0,3.9538243517768654,False
55,8,472080.0,9704740.0,32.748819699557984,-2.671264609863576,Pasture,0.59621716,0.0012827023,12,52.0,3.9066005772696215,False
55,9,472720.0,9704740.0,32.75457737823799,-2.671265779315814,HerbaceousVegetation,0.92997915,0.000111675625,3,13.0,3.769937920757775,False
55,10,473360.0,9704740.0,32.76033505941839,-2.671266921651139,HerbaceousVegetation,0.8682036,0.00016650671,1,4.0,3.739322904271784,False
55,11,474000.0,9704740.0,32.76609274304052,-2.6712680368694928,Highway,0.60406613,0.034010693,14,60.0,3.81730790459136,False
55,12,474640.0,9704740.0,32.77185042904571,-2.67126912497082,HerbaceousVegetation,0.9900654,0.0005690715,1,4.0,3.9975421817036274,False
55,13,475280.0,9704740.0,32.77760811737533,-2.671270185955065,HerbaceousVegetation,0.98358005,0.0003365409,16,69.0,3.449316468831298,False
55,14,475920.0,9704740.0,32.783365807970696,-2.6712712198221737,HerbaceousVegetation,0.94896793,0.022169044,19,82.0,2.845744406298289,False
55,15,476560.0,9704740.0,32.78912350077316,-2.6712722265720954,HerbaceousVegetation,0.86715144,0.0047617587,4,17.0,2.2622860892922434,False
55,16,477200.0,9704740.0,32.79488119572405,-2.671273206204777,HerbaceousVegetation,0.5343051,0.012055515,5,22.0,1.7195393201763027,False
55,17,477840.0,9704740.0,32.80063889276473,-2.6712741587201703,HerbaceousVegetation,0.9698845,0.0044288537,22,95.0,1.270784245046959,False
55,18,478480.0,9704740.0,32.806396591836524,-2.671275084118228,HerbaceousVegetation,0.8400476,0.12486625,42,181.0,1.0450692423407932,False
55,19,479120.0,9704740.0,32.81215429288078,-2.6712759823989014,SeaLake,0.48356783,0.0018262237,0,0.0,1.1784086070264204,False
55,20,479760.0,9704740.0,32.817911995838834,-2.671276853562147,HerbaceousVegetation,0.9868618,0.0033030834,20,86.0,1.5825055983917207,False
55,21,480400.0,9704740.0,32.823669700652026,-2.67127769760792,HerbaceousVegetation,0.99639976,2.1295715e-05,3,13.0,2.1069411697454505,False
55,22,481040.0,9704740.0,32.829427407261704,-2.6712785145361777,HerbaceousVegetation,0.9974739,4.706671e-05,18,77.0,2.682028750143353,False
55,23,481680.0,9704740.0,32.8351851156092,-2.6712793043468785,HerbaceousVegetation,0.9414282,0.018351693,13,56.0,3.2812429566282812,False
55,24,482320.0,9704740.0,32.840942825635864,-2.671280067039983,SeaLake,0.9997926,1.5460284e-06,0,0.0,3.893460217370905,False
55,25,482960.0,9704740.0,32.84670053728301,-2.671280802615453,SeaLake,0.99957186,6.6437246e-06,1,4.0,4.513392248417711,False
55,26,483600.0,9704740.0,32.85245825049202,-2.6712815110732504,SeaLake,0.99929047,1.15945295e-05,0,0.0,5.138247435838826,False
55,27,484240.0,9704740.0,32.858215965204195,-2.671282192413341,SeaLake,0.99889815,1.5102275e-05,0,0.0,5.766425568385624,False
55,28,484880.0,9704740.0,32.863973681360896,-2.6712828466356884,SeaLake,0.9981219,2.8058004e-05,0,0.0,6.220521335988249,False
55,29,485520.0,9704740.0,32.86973139890346,-2.6712834737402606,SeaLake,0.9989618,1.4695784e-05,0,0.0,5.898495559148921,False
55,30,486160.0,9704740.0,32.87548911777322,-2.6712840737270263,SeaLake,0.9995783,7.1028185e-06,0,0.0,5.4300137696298165,False
55,31,486800.0,9704740.0,32.881246837911526,-2.671284646595954,SeaLake,0.99960625,5.465641e-06,0,0.0,4.8343649567194396,False
55,32,487440.0,9704740.0,32.88700455925971,-2.671285192347016,SeaLake,0.9998492,1.8606015e-06,0,0.0,4.204400051101496,False
55,33,488080.0,9704740.0,32.89276228175911,-2.671285710980184,SeaLake,0.9996146,4.96406e-06,0,0.0,3.577998748553103,False
55,34,488720.0,9704740.0,32.898520005351074,-2.671286202495432,SeaLake,0.99891305,1.8039456e-05,0,0.0,2.9574262965614,False
55,35,489360.0,9704740.0,32.90427772997693,-2.671286666892734,SeaLake,0.9995852,6.0456387e-06,0,0.0,2.3473102808402193,False
55,36,490000.0,9704740.0,32.91003545557803,-2.6712871041720696,SeaLake,0.9964993,1.8681633e-06,3,13.0,1.7585678290823747,False
55,37,490640.0,9704740.0,32.915793182095705,-2.671287514333414,HerbaceousVegetation,0.8347171,0.00019730325,6,26.0,1.2224794740316929,False
55,38,491280.0,9704740.0,32.9215509094713,-2.6712878973767475,HerbaceousVegetation,0.9779984,0.010960821,13,56.0,0.8459026654255871,False
55,39,491920.0,9704740.0,32.92730863764614,-2.67128825330205,HerbaceousVegetation,0.98022777,0.0057215365,56,241.0,0.8693943721461628,False
55,40,492560.0,9704740.0,32.93306636656159,-2.6712885821093044,HerbaceousVegetation,0.95133054,0.0013472888,40,172.0,1.2709609865234766,False
55,41,493200.0,9704740.0,32.93882409615896,-2.6712888837984945,HerbaceousVegetation,0.76464033,0.036432516,28,120.0,1.814948231826472,False
55,42,493840.0,9704740.0,32.94458182637961,-2.671289158369604,HerbaceousVegetation,0.70054746,0.2868538,22,95.0,2.4066433759814405,False
55,43,494480.0,9704740.0,32.95033955716488,-2.6712894058226184,HerbaceousVegetation,0.9163405,0.025615487,20,86.0,3.0181165640347047,False
55,44,495120.0,9704740.0,32.956097288456085,-2.671289626157527,HerbaceousVegetation,0.853019,0.12108783,43,185.0,3.401500271994197,False
55,45,495760.0,9704740.0,32.96185502019459,-2.671289819374317,HerbaceousVegetation,0.68678176,0.23630843,23,99.0,2.80785919088719,False
55,46,496400.0,9704740.0,32.96761275232172,-2.671289985472981,Residential,0.9829029,0.9829029,55,236.0,2.239897848412453,False
55,47,497040.0,9704740.0,32.973370484778826,-2.6712901244535083,Highway,0.8678724,0.066262275,36,155.0,1.7231980463068692,False
55,48,497680.0,9704740.0,32.97912821750723,-2.671290236315892,Residential,0.99502134,0.99502134,39,168.0,1.3194243601923088,False
55,49,498320.0,9704740.0,32.98488595044829,-2.671290321060128,Residential,0.94991773,0.94991773,152,654.0,1.1539279777100284,False
55,50,498960.0,9704740.0,32.990643683543325,-2.671290378686211,Residential,0.7284564,0.7284564,121,520.0,1.3196283238908706,False
55,51,499600.0,9704740.0,32.99640141673369,-2.671290409194138,Residential,0.8330248,0.8330248,118,507.0,1.72351038543088,False
55,52,500240.0,9704740.0,33.00215914996072,-2.6712904125839074,HerbaceousVegetation,0.47705334,0.17978433,20,86.0,2.24025828514508,False
55,53,500880.0,9704740.0,33.00791688316574,-2.67129038885552,Residential,0.9918481,0.9918481,69,297.0,2.8082425678053964,False
55,54,501520.0,9704740.0,33.01367461629011,-2.671290338008976,HerbaceousVegetation,0.66489524,0.005227886,5,22.0,3.4018958618845634,False
55,55,502160.0,9704740.0,33.019432349275164,-2.671290260044278,HerbaceousVegetation,0.96883595,8.26016e-05,5,22.0,4.009833486640111,False
55,56,502800.0,9704740.0,33.02519008206224,-2.6712901549614307,HerbaceousVegetation,0.98262,6.795503e-06,2,9.0,4.552050668751028,False
55,57,503440.0,9704740.0,33.030947814592665,-2.6712900227604384,HerbaceousVegetation,0.9425806,0.010334781,15,64.0,4.5858076542821316,False
55,58,504080.0,9704740.0,33.03670554680779,-2.6712898634413085,PermanentCrop,0.47081232,0.36596492,23,99.0,4.707153958951045,False
55,59,504720.0,9704740.0,33.042463278648945,-2.671289677004049,HerbaceousVegetation,0.9858301,0.00011603626,18,77.0,4.909599265160487,False
55,60,505360.0,9704740.0,33.04822101005748,-2.671289463448669,HerbaceousVegetation,0.9923408,7.711519e-05,0,0.0,5.183650402531049,False
55,61,506000.0,9704740.0,33.05397874097473,-2.6712892227751794,HerbaceousVegetation,0.9759843,0.0049000415,7,30.0,4.863829126080325,False
55,62,506640.0,9704740.0,33.059736471342035,-2.6712889549835923,HerbaceousVegetation,0.9933455,3.1513056e-05,9,39.0,4.225103125059972,False
55,63,507280.0,9704740.0,33.06549420110073,-2.671288660073922,Highway,0.9982241,5.7831226e-08,6,26.0,3.5868313407624557,False
55,64,507920.0,9704740.0,33.07125193019215,-2.671288338046182,HerbaceousVegetation,0.98735934,0.00013340637,0,0.0,2.9493086845496594,False
55,65,508560.0,9704740.0,33.07700965855764,-2.671287988900389,HerbaceousVegetation,0.99628353,0.00032342688,0,0.0,2.3131546352209775,False
55,66,509200.0,9704740.0,33.08276738613855,-2.6712876126365623,HerbaceousVegetation,0.99935156,2.0890207e-05,0,0.0,1.6799247054938342,False
55,67,509840.0,9704740.0,33.088525112876205,-2.671287209254718,HerbaceousVegetation,0.9810527,0.0009828459,2,9.0,1.0548979409463246,False
55,68,510480.0,9704740.0,33.09428283871195,-2.671286778754878,HerbaceousVegetation,0.9986261,2.655378e-05,23,99.0,0.4718816753138923,False
55,69,511120.0,9704740.0,33.100040563587115,-2.6712863211370657,HerbaceousVegetation,0.62908816,0.053086773,113,486.0,0.38953172551320636,False
55,70,511760.0,9704740.0,33.10579828744305,-2.6712858364013017,HerbaceousVegetation,0.8569994,0.0035052411,43,185.0,0.9486820409734477,False
55,71,512400.0,9704740.0,33.11155601022109,-2.671285324547611,Pasture,0.24739338,0.24642813,3,13.0,1.570815159256428,False
55,72,513040.0,9704740.0,33.11731373186258,-2.67128478557602,HerbaceousVegetation,0.92223305,0.021780651,3,13.0,2.2032074151640937,False
55,73,513680.0,9704740.0,33.12307145230885,-2.6712842194865565,HerbaceousVegetation,0.95347565,0.011780726,19,82.0,2.8390113708680875,False
55,74,514320.0,9704740.0,33.128829171501245,-2.671283626279247,HerbaceousVegetation,0.9159409,0.0019110767,27,116.0,3.4763555936645125,False
55,75,514960.0,9704740.0,33.13458688938111,-2.6712830059541246,HerbaceousVegetation,0.9889903,0.000242102,17,73.0,4.041955527105231,False
55,76,515600.0,9704740.0,33.14034460588978,-2.6712823585112164,Residential,0.51293486,0.51293486,22,95.0,3.5383195626309676,False
55,77,516240.0,9704740.0,33.14610232096859,-2.67128168395056,HerbaceousVegetation,0.96469504,0.0037357388,8,34.0,3.0856451791315016,False
55,78,516880.0,9704740.0,33.15186003455889,-2.6712809822721857,HerbaceousVegetation,0.7668931,0.013219176,6,26.0,2.709595360141059,False
55,79,517520.0,9704740.0,33.157617746602,-2.6712802534761297,HerbaceousVegetation,0.92249703,0.001519597,14,60.0,2.4457734686389974,False
55,80,518160.0,9704740.0,33.16337545703928,-2.6712794975624305,HerbaceousVegetation,0.9995268,2.9639298e-06,9,39.0,2.3325755516379116,False
55,81,518800.0,9704740.0,33.16913316581206,-2.671278714531125,HerbaceousVegetation,0.99424237,4.1564194e-06,0,0.0,2.3890189831084716,False
55,82,519440.0,9704740.0,33.174890872861695,-2.671277904382253,HerbaceousVegetation,0.9867903,8.386168e-05,7,30.0,2.606240926077897,False
55,83,520080.0,9704740.0,33.18064857812951,-2.671277067115855,HerbaceousVegetation,0.883922,0.017546259,7,30.0,2.949028963552938,False
55,84,520720.0,9704740.0,33.18640628155685,-2.6712762027319736,HerbaceousVegetation,0.9584099,0.0039673834,0,0.0,3.379386318695283,False
55,85,521360.0,9704740.0,33.19216398308505,-2.671275311230652,HerbaceousVegetation,0.9759413,0.00015402341,10,43.0,3.8681949219365346,False
56,0,466960.0,9704100.0,32.70275697355211,-2.6770443538051296,HerbaceousVegetation,0.9925471,5.658923e-05,4,17.0,3.194361687279482,False
56,1,467600.0,9704100.0,32.708514657111174,-2.677045743199689,HerbaceousVegetation,0.9398633,0.003064906,0,0.0,3.000013915139256,False
56,2,468240.0,9704100.0,32.71427234363996,-2.677047105418988,HerbaceousVegetation,0.9898865,0.0001326188,3,13.0,2.9352036373817936,False
56,3,468880.0,9704100.0,32.72003003307981,-2.677048440462956,HerbaceousVegetation,0.9378736,0.0006047743,2,9.0,3.0083146934404086,False
56,4,469520.0,9704100.0,32.725787725372065,-2.677049748331529,HerbaceousVegetation,0.5820672,0.007277658,3,13.0,3.209936790131483,False
56,5,470160.0,9704100.0,32.73154542045806,-2.677051029024638,HerbaceousVegetation,0.9936161,0.00084848015,7,30.0,3.518043646475943,False
56,6,470800.0,9704100.0,32.737303118279144,-2.67705228254222,HerbaceousVegetation,0.78842306,0.0018676873,0,0.0,3.907527095284164,False
56,7,471440.0,9704100.0,32.74306081877665,-2.6770535088842107,HerbaceousVegetation,0.965891,0.0020683547,12,52.0,3.5716194639670094,False
56,8,472080.0,9704100.0,32.74881852189193,-2.677054708050549,Forest,0.38813013,0.012398054,6,26.0,3.2997226324999045,False
56,9,472720.0,9704100.0,32.754576227566304,-2.677055880041174,HerbaceousVegetation,0.93537277,0.0012698444,2,9.0,3.1367297154004543,False
56,10,473360.0,9704100.0,32.76033393574113,-2.677057024856026,HerbaceousVegetation,0.8746932,0.00304489,0,0.0,3.099867281597767,False
56,11,474000.0,9704100.0,32.766091646357744,-2.677058142495049,HerbaceousVegetation,0.5646119,0.0074372073,2,9.0,3.1935060700685134,False
56,12,474640.0,9704100.0,32.77184935935749,-2.677059232958184,HerbaceousVegetation,0.9870769,0.004112681,2,9.0,3.406902533916777,False
56,13,475280.0,9704100.0,32.777607074681704,-2.677060296245376,HerbaceousVegetation,0.94775885,0.0024627962,8,34.0,3.3127763619928037,False
56,14,475920.0,9704100.0,32.78336479227172,-2.6770613323565744,HerbaceousVegetation,0.9657476,0.0025401362,7,30.0,2.6786123923415026,False
56,15,476560.0,9704100.0,32.78912251206888,-2.677062341291724,HerbaceousVegetation,0.99337316,0.0003904945,16,69.0,2.0480823890245863,False
56,16,477200.0,9704100.0,32.794880234014535,-2.6770633230507745,HerbaceousVegetation,0.98232657,0.0013835287,11,47.0,1.42601493542664,False
56,17,477840.0,9704100.0,32.80063795805002,-2.6770642776336766,HerbaceousVegetation,0.9909039,0.00093766395,45,194.0,0.8316223421042953,False
56,18,478480.0,9704100.0,32.80639568411666,-2.6770652050403823,HerbaceousVegetation,0.88909024,0.04592003,91,391.0,0.41094141153481084,False
56,19,479120.0,9704100.0,32.81215341215581,-2.677066105270844,AnnualCrop,0.46223584,0.030821754,19,82.0,0.6821656452368531,False
56,20,479760.0,9704100.0,32.817911142108805,-2.677066978325017,Residential,0.9794511,0.9794511,46,198.0,1.2573889976330321,False
56,21,480400.0,9704100.0,32.82366887391698,-2.6770678242028567,HerbaceousVegetation,0.99169934,0.0003301159,26,112.0,1.8750744559072288,False
56,22,481040.0,9704100.0,32.829426607521675,-2.67706864290432,HerbaceousVegetation,0.99785596,7.255472e-05,27,116.0,2.5039930788688256,False
56,23,481680.0,9704100.0,32.83518434286424,-2.677069434429366,Pasture,0.5830695,0.003781282,30,129.0,3.137396765289683,False
56,24,482320.0,9704100.0,32.84094207988599,-2.677070198777956,Residential,0.35736305,0.35736305,30,129.0,3.7730273768788583,False
56,25,482960.0,9704100.0,32.8466998185283,-2.677070935950049,SeaLake,0.99866223,4.3424297e-05,0,0.0,4.40992207533246,False
56,26,483600.0,9704100.0,32.852457558732475,-2.6770716459456096,SeaLake,0.9988678,1.8068184e-05,0,0.0,5.047602384729975,False
56,27,484240.0,9704100.0,32.858215300439866,-2.6770723287646008,SeaLake,0.99820435,2.5691319e-05,0,0.0,5.66742823698151,False
56,28,484880.0,9704100.0,32.86397304359181,-2.6770729844069887,SeaLake,0.9975684,3.223313e-05,0,0.0,5.582218747989462,False
56,29,485520.0,9704100.0,32.86973078812966,-2.67707361287274,SeaLake,0.99921787,1.1139274e-05,0,0.0,5.501830106125188,False
56,30,486160.0,9704100.0,32.875488533994734,-2.677074214161824,SeaLake,0.9995177,6.9349308e-06,0,0.0,4.996292044480122,False
56,31,486800.0,9704100.0,32.88124628112837,-2.6770747882742083,SeaLake,0.9996338,6.0098087e-06,0,0.0,4.524923631488735,False
56,32,487440.0,9704100.0,32.887004029471925,-2.677075335209865,SeaLake,0.9990385,1.6888172e-05,0,0.0,4.0995284543316775,False
56,33,488080.0,9704100.0,32.892761778966715,-2.6770758549687663,SeaLake,0.99949336,6.2307445e-06,0,0.0,3.7358443791122946,False
56,34,488720.0,9704100.0,32.8985195295541,-2.677076347550886,SeaLake,0.99964285,4.488641e-06,0,0.0,3.1896391691059045,False
56,35,489360.0,9704100.0,32.9042772811754,-2.6770768129562,SeaLake,0.9997983,3.8371677e-06,0,0.0,2.6338741966995904,False
56,36,490000.0,9704100.0,32.91003503377197,-2.6770772511846834,SeaLake,0.99991405,1.6665463e-06,0,0.0,2.126026467141277,False
56,37,490640.0,9704100.0,32.91579278728513,-2.6770776622363144,SeaLake,0.9992756,7.4075765e-06,1,4.0,1.7093518636987906,False
56,38,491280.0,9704100.0,32.921550541656224,-2.677078046111073,HerbaceousVegetation,0.7044336,0.0047641955,9,39.0,1.4638917476630016,False
56,39,491920.0,9704100.0,32.9273082968266,-2.67707840280894,HerbaceousVegetation,0.8964771,0.003836915,45,194.0,1.4775907091685252,False
56,40,492560.0,9704100.0,32.93306605273759,-2.677078732329896,Residential,0.97835916,0.97835916,36,155.0,1.7443536220521494,False
56,41,493200.0,9704100.0,32.93882380933052,-2.677079034673925,HerbaceousVegetation,0.81916404,0.020004101,10,43.0,2.1728931896694235,False
56,42,493840.0,9704100.0,32.944581566546745,-2.677079309841013,Residential,0.79836076,0.79836076,28,120.0,2.6868866869775268,False
56,43,494480.0,9704100.0,32.950339324327594,-2.677079557831144,HerbaceousVegetation,0.8080206,0.048606068,30,129.0,3.245990653652961,False
56,44,495120.0,9704100.0,32.956097082614406,-2.677079778644306,HerbaceousVegetation,0.97004616,0.0012074952,25,108.0,3.319144469837417,False
56,45,495760.0,9704100.0,32.96185484134852,-2.677079972280489,HerbaceousVegetation,0.9915458,0.00604365,22,95.0,2.7046497937871723,False
56,46,496400.0,9704100.0,32.96761260047126,-2.677080138739682,HerbaceousVegetation,0.9321158,0.0071045244,15,64.0,2.105407562068133,False
56,47,497040.0,9704100.0,32.97337035992399,-2.6770802780218768,HerbaceousVegetation,0.9508803,0.0412424,12,52.0,1.5393347581973076,False
56,48,497680.0,9704100.0,32.97912811964804,-2.677080390127067,HerbaceousVegetation,0.99052846,0.00011704861,4,17.0,1.060925064825527,False
56,49,498320.0,9704100.0,32.98488587958472,-2.677080475055247,HerbaceousVegetation,0.5501404,0.28980604,15,64.0,0.8371215494512928,False
56,50,498960.0,9704100.0,32.990643639675405,-2.677080532806412,HerbaceousVegetation,0.9232743,0.055462833,271,1165.0,1.0438108480609594,False
56,51,499600.0,9704100.0,32.99640139986141,-2.6770805633805583,Residential,0.92754906,0.92754906,319,1372.0,1.5135511387019918,False
56,52,500240.0,9704100.0,33.002159160084084,-2.677080566777686,Residential,0.49289253,0.49289253,93,400.0,2.0763749691234605,False
56,53,500880.0,9704100.0,33.00791692028476,-2.677080542997793,Residential,0.99890363,0.99890363,106,456.0,2.6741407919813813,False
56,54,501520.0,9704100.0,33.01367468040476,-2.677080492040884,HerbaceousVegetation,0.6033374,0.0369501,35,150.0,3.2878450295406516,False
56,55,502160.0,9704100.0,33.01943244038545,-2.677080413906957,HerbaceousVegetation,0.7615894,0.076025866,6,26.0,3.9099898850523287,False
56,56,502800.0,9704100.0,33.02519020016816,-2.677080308596019,HerbaceousVegetation,0.887974,1.4084292e-05,11,47.0,3.912162853701919,False
56,57,503440.0,9704100.0,33.03094795969421,-2.6770801761080745,HerbaceousVegetation,0.6448731,0.11270136,25,108.0,3.951390229410536,False
56,58,504080.0,9704100.0,33.036705718904955,-2.6770800164431297,HerbaceousVegetation,0.9119708,0.040370904,15,64.0,4.091595201908047,False
56,59,504720.0,9704100.0,33.04246347774173,-2.677079829601194,HerbaceousVegetation,0.9907105,0.0028069871,2,9.0,4.322964011817917,False
56,60,505360.0,9704100.0,33.048221236145864,-2.677079615582275,HerbaceousVegetation,0.9632667,0.023911335,16,69.0,4.6318553948357195,False
56,61,506000.0,9704100.0,33.0539789940587,-2.677079374386385,HerbaceousVegetation,0.97866267,0.002305635,16,69.0,4.716791260696283,False
56,62,506640.0,9704100.0,33.05973675142158,-2.677079106013536,HerbaceousVegetation,0.98320866,0.001172231,15,64.0,4.315904750089882,False
56,63,507280.0,9704100.0,33.06549450817584,-2.6770788104637404,Highway,0.8937043,0.0065853833,10,43.0,3.693358425814188,False
56,64,507920.0,9704100.0,33.07125226426281,-2.677078487737014,HerbaceousVegetation,0.9088618,0.0029015976,4,17.0,3.0779797126064534,False
56,65,508560.0,9704100.0,33.077010019623835,-2.6770781378333743,HerbaceousVegetation,0.99394965,6.9065127e-06,0,0.0,2.475120554821756,False
56,66,509200.0,9704100.0,33.082767774200256,-2.677077760752837,HerbaceousVegetation,0.6305969,0.06784513,0,0.0,1.8967562865548668,False
56,67,509840.0,9704100.0,33.0885255279334,-2.677077356495422,PermanentCrop,0.6997957,0.11744776,0,0.0,1.3741714086203578,False
56,68,510480.0,9704100.0,33.094283280764614,-2.677076925061149,Residential,0.51613027,0.51613027,9,39.0,0.9991044539756136,False
56,69,511120.0,9704100.0,33.10004103263523,-2.677076466450041,HerbaceousVegetation,0.94654167,0.00044137004,29,125.0,0.9629498219731698,False
56,70,511760.0,9704100.0,33.10579878348659,-2.6770759806621207,HerbaceousVegetation,0.880059,0.0007363817,3,13.0,1.2944245861858503,False
56,71,512400.0,9704100.0,33.111556533260035,-2.6770754676974127,HerbaceousVegetation,0.9847171,0.0016569246,14,60.0,1.800832490546153,False
56,72,513040.0,9704100.0,33.117314281896896,-2.677074927555941,HerbaceousVegetation,0.8508741,0.00039977054,30,129.0,2.3726905210521894,False
56,73,513680.0,9704100.0,33.12307202933852,-2.677074360237736,HerbaceousVegetation,0.46534884,0.060904987,31,133.0,2.972460758088349,False
56,74,514320.0,9704100.0,33.128829775526235,-2.6770737657428247,HerbaceousVegetation,0.78097683,0.0007929297,45,194.0,3.5861658645494088,False
56,75,514960.0,9704100.0,33.13458752040138,-2.6770731440712376,PermanentCrop,0.51113266,0.0008819292,15,64.0,3.7100129627055205,False
56,76,515600.0,9704100.0,33.1403452639053,-2.6770724952230056,HerbaceousVegetation,0.9437564,0.010905135,4,17.0,3.153806751791154,False
56,77,516240.0,9704100.0,33.146103005979334,-2.677071819198162,HerbaceousVegetation,0.99824667,8.885225e-06,5,22.0,2.6359055126927347,False
56,78,516880.0,9704100.0,33.151860746564815,-2.6770711159967404,HerbaceousVegetation,0.98767626,0.0033375982,3,13.0,2.1837350379669287,False
56,79,517520.0,9704100.0,33.15761848560308,-2.6770703856187774,HerbaceousVegetation,0.9046032,0.003586652,2,9.0,1.8462393019987686,False
56,80,518160.0,9704100.0,33.16337622303548,-2.677069628064308,HerbaceousVegetation,0.9707256,0.006246983,6,26.0,1.6934285944336056,False
56,81,518800.0,9704100.0,33.169133958803336,-2.6770688433333723,HerbaceousVegetation,0.8791017,0.015955215,2,9.0,1.7704815595420116,False
56,82,519440.0,9704100.0,33.174891692848,-2.677068031426009,HerbaceousVegetation,0.97079057,1.1865907e-05,13,56.0,2.0541871910293503,False
56,83,520080.0,9704100.0,33.1806494251108,-2.677067192342259,HerbaceousVegetation,0.99500775,8.750483e-05,1,4.0,2.474664639683485,False
56,84,520720.0,9704100.0,33.1864071555331,-2.677066326082166,HerbaceousVegetation,0.9873576,0.00028908456,10,43.0,2.9744655220746012,False
56,85,521360.0,9704100.0,33.192164884056204,-2.6770654326457723,PermanentCrop,0.5371672,0.00029981587,16,69.0,3.5199609664201206,False
57,0,466960.0,9703460.0,32.70275557690493,-2.682834429017104,HerbaceousVegetation,0.9400951,0.0019388326,15,64.0,3.7908474628643805,False
57,1,467600.0,9703460.0,32.70851328751652,-2.6828358214209467,HerbaceousVegetation,0.6381233,0.19403389,16,69.0,3.489010495216087,False
57,2,468240.0,9703460.0,32.71427100109789,-2.68283718659067,HerbaceousVegetation,0.9954702,1.5949674e-06,3,13.0,3.222115427067879,False
57,3,468880.0,9703460.0,32.720028717590395,-2.682838524526206,HerbaceousVegetation,0.98071253,0.014811812,31,133.0,3.0675823403732188,False
57,4,469520.0,9703460.0,32.72578643693537,-2.6828398352274845,Highway,0.99692017,1.9004201e-06,15,64.0,3.0425803201543333,False
57,5,470160.0,9703460.0,32.73154415907415,-2.682841118694441,HerbaceousVegetation,0.99216074,0.0005941003,7,30.0,3.150195008917902,False
57,6,470800.0,9703460.0,32.737301883948085,-2.682842374927012,HerbaceousVegetation,0.977617,0.0004556735,0,0.0,3.3777747384679273,False
57,7,471440.0,9703460.0,32.7430596114985,-2.682843603925132,Forest,0.52931285,5.522937e-05,0,0.0,3.033530447596785,False
57,8,472080.0,9703460.0,32.74881734166675,-2.682844805688739,HerbaceousVegetation,0.9825069,6.642083e-06,1,4.0,2.708137890237656,False
57,9,472720.0,9703460.0,32.75457507439416,-2.682845980217774,HerbaceousVegetation,0.90524065,0.0017553366,14,60.0,2.506973212578263,False
57,10,473360.0,9703460.0,32.76033280962209,-2.682847127512176,HerbaceousVegetation,0.9831388,3.6691847e-06,3,13.0,2.460694728045129,False
57,11,474000.0,9703460.0,32.766090547291846,-2.682848247571887,HerbaceousVegetation,0.98555285,0.0029431365,14,60.0,2.577658317285905,False
57,12,474640.0,9703460.0,32.771848287344795,-2.682849340396852,HerbaceousVegetation,0.87107617,0.0034570557,11,47.0,2.8377502104162233,False
57,13,475280.0,9703460.0,32.777606029722264,-2.6828504059870144,HerbaceousVegetation,0.600681,0.17738368,6,26.0,3.2063265761243707,False
57,14,475920.0,9703460.0,32.7833637743656,-2.682851444342321,HerbaceousVegetation,0.85093,0.009554503,0,0.0,2.6591102780503353,False
57,15,476560.0,9703460.0,32.789121521216124,-2.6828524554627187,HerbaceousVegetation,0.9935038,2.9429284e-05,22,95.0,2.0225094794982095,False
57,16,477200.0,9703460.0,32.79487927021519,-2.682853439348157,HerbaceousVegetation,0.9406534,0.0033444413,17,73.0,1.3890362552818079,False
57,17,477840.0,9703460.0,32.800637021304134,-2.6828543959985867,HerbaceousVegetation,0.84855855,0.022774449,12,52.0,0.7664847306466693,False
57,18,478480.0,9703460.0,32.806394774424284,-2.682855325413958,HerbaceousVegetation,0.98365086,0.0038034075,182,783.0,0.2545112298930763,False
57,19,479120.0,9703460.0,32.812152529516986,-2.682856227594226,HerbaceousVegetation,0.86545444,7.090934e-05,41,176.0,0.6010433345182987,False
57,20,479760.0,9703460.0,32.817910286523585,-2.682857102539342,HerbaceousVegetation,0.99800473,4.944271e-05,7,30.0,1.2152901767874473,False
57,21,480400.0,9703460.0,32.8236680453854,-2.6828579502492653,HerbaceousVegetation,0.46626434,0.017493134,11,47.0,1.8471078305348754,False
57,22,481040.0,9703460.0,32.82942580604379,-2.682858770723951,SeaLake,0.62606055,0.0017297685,0,0.0,2.4831199047670744,False
57,23,481680.0,9703460.0,32.83518356844007,-2.6828595639633583,SeaLake,0.99975234,8.297344e-06,0,0.0,3.1207629812719886,False
57,24,482320.0,9703460.0,32.8409413325156,-2.6828603299674474,SeaLake,0.9999895,1.852195e-07,1,4.0,3.7592071915637773,False
57,25,482960.0,9703460.0,32.8466990982117,-2.682861068736179,SeaLake,0.99913955,1.3291098e-05,0,0.0,4.398103663277164,False
57,26,483600.0,9703460.0,32.85245686546971,-2.682861780269515,SeaLake,0.9981181,2.6606418e-05,0,0.0,5.037280313498465,False
57,27,484240.0,9703460.0,32.85821463423098,-2.6828624645674206,SeaLake,0.99943024,8.889712e-06,0,0.0,5.04035943958914,False
57,28,484880.0,9703460.0,32.86397240443684,-2.682863121629862,SeaLake,0.99863034,1.7454438e-05,0,0.0,4.944355024603819,False
57,29,485520.0,9703460.0,32.86973017602862,-2.682863751456805,SeaLake,0.999153,1.3088472e-05,0,0.0,4.930240353004581,False
57,30,486160.0,9703460.0,32.875487948947665,-2.682864354048218,SeaLake,0.9991272,1.4107166e-05,0,0.0,4.6108587973501525,False
57,31,486800.0,9703460.0,32.8812457231353,-2.6828649294040696,SeaLake,0.9996611,6.185134e-06,0,0.0,4.095365493600194,False
57,32,487440.0,9703460.0,32.887003498532884,-2.682865477524333,SeaLake,0.999923,1.8507449e-06,0,0.0,3.6198367647231016,False
57,33,488080.0,9703460.0,32.89276127508174,-2.682865998408977,SeaLake,0.9998784,1.381821e-07,0,0.0,3.202127086845691,False
57,34,488720.0,9703460.0,32.8985190527232,-2.682866492057979,SeaLake,0.99965334,4.881369e-06,0,0.0,2.8676153084716103,False
57,35,489360.0,9703460.0,32.90427683139861,-2.682866958471312,SeaLake,0.999632,4.9507994e-06,0,0.0,2.648021381041057,False
57,36,490000.0,9703460.0,32.910034611049305,-2.6828673976489523,SeaLake,0.99983704,2.0298019e-06,0,0.0,2.5729393524761606,False
57,37,490640.0,9703460.0,32.91579239161662,-2.682867809590879,SeaLake,0.999876,1.7578685e-06,0,0.0,2.273436060994954,False
57,38,491280.0,9703460.0,32.92155017304189,-2.68286819429707,SeaLake,0.99767405,4.0784205e-05,0,0.0,2.0951388446538717,False
57,39,491920.0,9703460.0,32.92730795526644,-2.682868551767508,PermanentCrop,0.6902772,0.00029685974,42,181.0,2.1047332451697693,False
57,40,492560.0,9703460.0,32.93306573823163,-2.682868882002172,HerbaceousVegetation,0.83118075,0.030161018,23,99.0,2.2998689719782246,False
57,41,493200.0,9703460.0,32.93882352187879,-2.6828691850010467,HerbaceousVegetation,0.6578438,0.16058995,3,13.0,2.6397144813811746,False
57,42,493840.0,9703460.0,32.944581306149246,-2.682869460764117,HerbaceousVegetation,0.7600767,0.005632216,14,60.0,3.0766845464166117,False
57,43,494480.0,9703460.0,32.95033909098435,-2.682869709291369,HerbaceousVegetation,0.54996204,0.010546655,105,452.0,3.575343767122834,False
57,44,495120.0,9703460.0,32.95609687632542,-2.68286993058279,HerbaceousVegetation,0.8751342,0.006442652,58,249.0,3.2179049232138883,False
57,45,495760.0,9703460.0,32.9618546621138,-2.682870124638368,HerbaceousVegetation,0.97824025,0.0043512615,7,30.0,2.579403533808711,False
57,46,496400.0,9703460.0,32.96761244829084,-2.6828702914580944,HerbaceousVegetation,0.6540861,0.18526028,28,120.0,1.9418890507970714,False
57,47,497040.0,9703460.0,32.97337023479785,-2.68287043104196,Residential,0.9930363,0.9930363,35,150.0,1.3068066348875933,False
57,48,497680.0,9703460.0,32.97912802157619,-2.682870543389959,Residential,0.64355224,0.64355224,25,108.0,0.6809949165499843,False
57,49,498320.0,9703460.0,32.98488580856718,-2.682870628502084,Residential,0.89743084,0.89743084,65,280.0,0.1973944572362785,False
57,50,498960.0,9703460.0,32.990643595712164,-2.682870686378332,HerbaceousVegetation,0.8483033,0.029110592,233,1002.0,0.6502980672170587,False
57,51,499600.0,9703460.0,32.99640138295247,-2.682870717018699,Residential,0.87374115,0.87374115,563,2421.0,1.2744345958748133,False
57,52,500240.0,9703460.0,33.00215917022945,-2.682870720423184,Residential,0.98680586,0.98680586,215,924.0,1.9091043717143794,False
57,53,500880.0,9703460.0,33.007916957484426,-2.6828706965917872,Residential,0.8375511,0.8375511,31,133.0,2.5464436897436613,False
57,54,501520.0,9703460.0,33.013674744658736,-2.6828706455245097,HerbaceousVegetation,0.95158327,0.0013771977,0,0.0,3.1848502991462047,False
57,55,502160.0,9703460.0,33.019432531693724,-2.6828705672213533,HerbaceousVegetation,0.8631592,0.01193152,7,30.0,3.3494483942431024,False
57,56,502800.0,9703460.0,33.025190318530726,-2.682870461682323,HerbaceousVegetation,0.9591085,0.014897622,13,56.0,3.2723189173571705,False
57,57,503440.0,9703460.0,33.03094810511107,-2.682870328907423,HerbaceousVegetation,0.97363925,0.00031223433,15,64.0,3.319116998252624,False
57,58,504080.0,9703460.0,33.036705891376094,-2.682870168896661,HerbaceousVegetation,0.9881402,7.1725563e-06,1,4.0,3.4848535405789165,False
57,59,504720.0,9703460.0,33.04246367726714,-2.6828699816500445,HerbaceousVegetation,0.99797314,1.2013602e-05,1,4.0,3.7538075004562126,False
57,60,505360.0,9703460.0,33.04822146272554,-2.6828697671675834,HerbaceousVegetation,0.9746702,0.0015697363,22,95.0,4.105744427223548,False
57,61,506000.0,9703460.0,33.05397924769264,-2.6828695254492887,HerbaceousVegetation,0.9406629,0.00032817206,18,77.0,4.107007195060339,False
57,62,506640.0,9703460.0,33.05973703210975,-2.6828692564951715,HerbaceousVegetation,0.6311643,0.01868414,23,99.0,3.9454927188935893,False
57,63,507280.0,9703460.0,33.06549481591823,-2.682868960305246,HerbaceousVegetation,0.5532515,0.104334705,16,69.0,3.8840079157240743,False
57,64,507920.0,9703460.0,33.07125259905941,-2.6828686368795283,Highway,0.94880134,0.00010644519,6,26.0,3.3269650592805706,False
57,65,508560.0,9703460.0,33.07701038147464,-2.6828682862180333,HerbaceousVegetation,0.99192834,3.2110993e-06,0,0.0,2.778661396312624,False
57,66,509200.0,9703460.0,33.08276816310522,-2.682867908320778,HerbaceousVegetation,0.59314513,1.0480861e-05,0,0.0,2.278688615200039,False
57,67,509840.0,9703460.0,33.08852594389253,-2.682867503187783,HerbaceousVegetation,0.94047105,0.0010362944,6,26.0,1.866302348154372,False
57,68,510480.0,9703460.0,33.09428372377787,-2.6828670708190687,HerbaceousVegetation,0.9864355,4.175456e-05,7,30.0,1.610263054414021,False
57,69,511120.0,9703460.0,33.1000415027026,-2.6828666112146573,PermanentCrop,0.72586447,0.0018179236,30,129.0,1.588083673518188,False
57,70,511760.0,9703460.0,33.105799280608046,-2.6828661243745704,HerbaceousVegetation,0.97774494,0.00020270456,17,73.0,1.808389450251044,False
57,71,512400.0,9703460.0,33.111557057435554,-2.682865610298834,HerbaceousVegetation,0.99600273,0.00010052878,19,82.0,2.1994851791870578,False
57,72,513040.0,9703460.0,33.11731483312646,-2.682865068987473,HerbaceousVegetation,0.98882514,2.3678718e-05,33,142.0,2.6878239717562935,False
57,73,513680.0,9703460.0,33.123072607622085,-2.682864500440516,HerbaceousVegetation,0.9956302,3.1342995e-05,18,77.0,3.2295913600379884,False
57,74,514320.0,9703460.0,33.128830380863775,-2.6828639046579905,HerbaceousVegetation,0.9543803,0.0054695434,12,52.0,3.80201564995678,False
57,75,514960.0,9703460.0,33.13458815279287,-2.682863281639927,PermanentCrop,0.81968534,1.4194308e-05,25,108.0,3.465571797523385,False
57,76,515600.0,9703460.0,33.14034592335071,-2.682862631386357,HerbaceousVegetation,0.90764564,0.0005609374,18,77.0,2.8622523871926355,False
57,77,516240.0,9703460.0,33.146103692478626,-2.682861953897315,HerbaceousVegetation,0.91255146,5.944079e-05,13,56.0,2.2790325956840585,False
57,78,516880.0,9703460.0,33.15186146011795,-2.682861249172832,HerbaceousVegetation,0.728653,0.049100026,6,26.0,1.736286386628339,False
57,79,517520.0,9703460.0,33.15761922621003,-2.6828605172129465,HerbaceousVegetation,0.9670993,0.0019770325,2,9.0,1.2863091621345824,False
57,80,518160.0,9703460.0,33.1633769906962,-2.682859758017693,HerbaceousVegetation,0.39374596,0.37510058,20,86.0,1.0553161160485742,False
57,81,518800.0,9703460.0,33.169134753517795,-2.682858971587112,HerbaceousVegetation,0.49424595,0.0071250494,18,77.0,1.175158799356066,False
57,82,519440.0,9703460.0,33.174892514616154,-2.6828581579212423,HerbaceousVegetation,0.9691922,9.52829e-06,22,95.0,1.5703751993758464,False
57,83,520080.0,9703460.0,33.18065027393261,-2.682857317020124,HerbaceousVegetation,0.89556646,0.0012280521,0,0.0,2.0905402005045177,False
57,84,520720.0,9703460.0,33.18640803140852,-2.682856448883802,HerbaceousVegetation,0.9962117,0.00037510126,8,34.0,2.663426062994092,False
57,85,521360.0,9703460.0,33.19216578698519,-2.6828555535123177,HerbaceousVegetation,0.99341863,8.620378e-06,7,30.0,3.2613675745225263,False
58,0,466960.0,9702820.0,32.7027541772293,-2.688624503678911,HerbaceousVegetation,0.87799543,0.0016580371,1,4.0,3.3626084903565427,False
58,1,467600.0,9702820.0,32.70851191495206,-2.6886258990920644,HerbaceousVegetation,0.9260222,1.6025811e-05,5,22.0,2.94902856022771,False
58,2,468240.0,9702820.0,32.714269655644685,-2.68862726721224,HerbaceousVegetation,0.87934476,0.0012139193,0,0.0,2.627851411069419,False
58,3,468880.0,9702820.0,32.72002739924851,-2.6886286080393664,HerbaceousVegetation,0.85199064,0.004634415,0,0.0,2.435905710055369,False
58,4,469520.0,9702820.0,32.72578514570486,-2.6886299215733778,HerbaceousVegetation,0.9542578,0.010001857,6,26.0,2.4043440306871986,False
58,5,470160.0,9702820.0,32.7315428949551,-2.688631207814208,HerbaceousVegetation,0.75746506,0.001526709,22,95.0,2.5391541519809264,False
58,6,470800.0,9702820.0,32.73730064694054,-2.688632466761791,HerbaceousVegetation,0.66995484,0.00089076086,1,4.0,2.816547069932046,False
58,7,471440.0,9702820.0,32.74305840160253,-2.688633698416064,HerbaceousVegetation,0.63323766,0.005749611,14,60.0,2.543098180882034,False
58,8,472080.0,9702820.0,32.74881615888241,-2.6886349027769643,HerbaceousVegetation,0.98826665,3.7631025e-06,1,4.0,2.1445400937379615,False
58,9,472720.0,9702820.0,32.75457391872152,-2.688636079844431,HerbaceousVegetation,0.86261725,9.735148e-05,4,17.0,1.884132710212775,False
58,10,473360.0,9702820.0,32.7603316810612,-2.6886372296184047,HerbaceousVegetation,0.7123085,0.1495645,3,13.0,1.82210316001533,False
58,11,474000.0,9702820.0,32.76608944584277,-2.6886383520988275,Pasture,0.5389139,0.00792276,13,56.0,1.9772111120924758,False
58,12,474640.0,9702820.0,32.77184721300758,-2.688639447285643,HerbaceousVegetation,0.89333093,0.002577047,18,77.0,2.3060502244803947,False
58,13,475280.0,9702820.0,32.777604982496975,-2.688640515178795,HerbaceousVegetation,0.65834016,0.004457208,0,0.0,2.7469203654038084,False
58,14,475920.0,9702820.0,32.78336275425228,-2.6886415557782306,HerbaceousVegetation,0.79648274,0.0024738465,0,0.0,2.7903352116296696,False
58,15,476560.0,9702820.0,32.78912052821483,-2.6886425690838966,HerbaceousVegetation,0.92339367,0.0009026993,2,9.0,2.1921787602947855,False
58,16,477200.0,9702820.0,32.79487830432597,-2.6886435550957417,HerbaceousVegetation,0.9792813,0.0016285725,7,30.0,1.6261995083367757,False
58,17,477840.0,9702820.0,32.800636082527035,-2.688644513813717,HerbaceousVegetation,0.8666763,0.00770858,8,34.0,1.1413158917416162,False
58,18,478480.0,9702820.0,32.80639386275936,-2.688645445237773,HerbaceousVegetation,0.9817894,0.00034896363,18,77.0,0.8831076313616307,False
58,19,479120.0,9702820.0,32.81215164496428,-2.6886463493678634,HerbaceousVegetation,0.8629244,4.9365328e-05,35,150.0,1.0374758852119597,False
58,20,479760.0,9702820.0,32.81790942908314,-2.688647226203942,HerbaceousVegetation,0.92583835,0.027281284,15,64.0,1.4805516999495587,False
58,21,480400.0,9702820.0,32.82366721505726,-2.6886480757459643,SeaLake,0.99939597,2.5209281e-05,0,0.0,2.0314798694672604,False
58,22,481040.0,9702820.0,32.829425002828,-2.6886488979938874,SeaLake,0.999241,1.2595398e-05,0,0.0,2.6231636593773384,False
58,23,481680.0,9702820.0,32.83518279233667,-2.6886496929476715,SeaLake,0.99886733,1.5808564e-05,0,0.0,3.233305538872733,False
58,24,482320.0,9702820.0,32.84094058352462,-2.6886504606072745,SeaLake,0.99907696,1.3710731e-05,0,0.0,3.8531470036234388,False
58,25,482960.0,9702820.0,32.84669837633319,-2.6886512009726578,SeaLake,0.99912184,1.318195e-05,0,0.0,4.478662630223388,False
58,26,483600.0,9702820.0,32.852456170703704,-2.688651914043785,SeaLake,0.99827266,2.2708662e-05,0,0.0,4.531281099360593,False
58,27,484240.0,9702820.0,32.85821396657752,-2.68865259982062,SeaLake,0.9987656,1.6308628e-05,0,0.0,4.417001668459652,False
58,28,484880.0,9702820.0,32.86397176389593,-2.6886532583031264,SeaLake,0.9994554,7.2888784e-06,0,0.0,4.307125151216881,False
58,29,485520.0,9702820.0,32.86972956260032,-2.6886538894912726,SeaLake,0.9996837,4.0541163e-06,0,0.0,4.290914867171653,False
58,30,486160.0,9702820.0,32.875487362632,-2.6886544933850267,SeaLake,0.9992569,1.1625584e-05,0,0.0,4.286759091022872,False
58,31,486800.0,9702820.0,32.881245163932306,-2.6886550699843568,SeaLake,0.9994793,6.061422e-06,0,0.0,3.7267013807839633,False
58,32,487440.0,9702820.0,32.88700296644258,-2.688655619289236,SeaLake,0.9999901,1.6603874e-08,0,0.0,3.196795717371843,False
58,33,488080.0,9702820.0,32.89276077010415,-2.6886561412996346,SeaLake,0.9998667,9.809558e-09,0,0.0,2.714756441317861,False
58,34,488720.0,9702820.0,32.89851857485836,-2.688656636015528,SeaLake,0.99991727,5.6455107e-08,0,0.0,2.3107362923420474,False
58,35,489360.0,9702820.0,32.904276380646536,-2.688657103436889,SeaLake,0.9975957,3.3625017e-06,0,0.0,2.031822307638276,False
58,36,490000.0,9702820.0,32.91003418741002,-2.688657543563695,SeaLake,0.9532344,0.0015495474,4,17.0,1.9329515169518319,False
58,37,490640.0,9702820.0,32.915791995090146,-2.6886579563959248,SeaLake,0.9998348,2.5422491e-07,0,0.0,2.0404659379554086,False
58,38,491280.0,9702820.0,32.921549803628245,-2.6886583419335564,SeaLake,0.99940455,8.397797e-07,0,0.0,2.3259193711360897,False
58,39,491920.0,9702820.0,32.927307612965656,-2.688658700176571,River,0.77310187,0.0027680334,25,108.0,2.7341361703645926,False
58,40,492560.0,9702820.0,32.93306542304372,-2.6886590311249496,HerbaceousVegetation,0.980909,0.0002575894,48,206.0,2.890540609949962,False
58,41,493200.0,9702820.0,32.93882323380376,-2.688659334778676,HerbaceousVegetation,0.75405324,0.0012754019,12,52.0,3.1676363858112264,False
58,42,493840.0,9702820.0,32.94458104518712,-2.688659611137735,HerbaceousVegetation,0.98105067,0.0006999637,4,17.0,3.5400304416290713,False
58,43,494480.0,9702820.0,32.95033885713513,-2.688659860202112,HerbaceousVegetation,0.95316285,0.01714097,9,39.0,3.8772533683853276,False
58,44,495120.0,9702820.0,32.95609666958912,-2.688660081971796,HerbaceousVegetation,0.8361857,0.006947276,62,267.0,3.242268369218695,False
58,45,495760.0,9702820.0,32.961854482490445,-2.688660276446774,HerbaceousVegetation,0.9501501,0.011442081,17,73.0,2.609734598271774,False
58,46,496400.0,9702820.0,32.96761229578043,-2.6886604436270365,HerbaceousVegetation,0.95987594,0.03331816,19,82.0,1.9820002948530109,False
58,47,497040.0,9702820.0,32.973370109400385,-2.6886605835125765,HerbaceousVegetation,0.92460823,0.03602719,1,4.0,1.3656996976561526,False
58,48,497680.0,9702820.0,32.97912792329168,-2.688660696103385,Residential,0.5759517,0.5759517,25,108.0,0.788128263392953,False
58,49,498320.0,9702820.0,32.98488573739564,-2.6886607813994576,Highway,0.43342307,0.39985764,58,249.0,0.4397022890392865,False
58,50,498960.0,9702820.0,32.990643551653584,-2.6886608394007894,PermanentCrop,0.80588627,0.025414098,53,228.0,0.7585737050035051,False
58,51,499600.0,9702820.0,32.996401366006864,-2.6886608701073773,Residential,0.9734402,0.9734402,190,817.0,1.3329403695811382,False
58,52,500240.0,9702820.0,33.002159180396816,-2.688660873519221,Residential,0.9985996,0.9985996,391,1681.0,1.9486472209703474,False
58,53,500880.0,9702820.0,33.00791699476476,-2.6886608496363187,Residential,0.93159723,0.93159723,63,271.0,2.576222419499492,False
58,54,501520.0,9702820.0,33.01367480905204,-2.688660798458673,PermanentCrop,0.86851954,0.027318629,8,34.0,2.9615858754238844,False
58,55,502160.0,9702820.0,33.0194326232,-2.688660719986285,HerbaceousVegetation,0.4118158,0.033047106,5,22.0,2.7278301722625917,False
58,56,502800.0,9702820.0,33.02519043714995,-2.68866061421916,PermanentCrop,0.8315027,0.03636213,63,271.0,2.632550854191057,False
58,57,503440.0,9702820.0,33.03094825084325,-2.6886604811573025,HerbaceousVegetation,0.9945524,2.5801828e-05,3,13.0,2.6905000559557637,False
58,58,504080.0,9702820.0,33.03670606422122,-2.68866032080072,HerbaceousVegetation,0.99951875,6.574643e-05,0,0.0,2.892482861192763,False
58,59,504720.0,9702820.0,33.0424638772252,-2.6886601331494195,HerbaceousVegetation,0.9844994,0.003879565,11,47.0,3.2114363847801464,False
58,60,505360.0,9702820.0,33.04822168979653,-2.6886599182034114,Residential,0.7224665,0.7224665,28,120.0,3.616543958627585,False
58,61,506000.0,9702820.0,33.05397950187653,-2.688659675962706,HerbaceousVegetation,0.7373116,0.15703937,39,168.0,3.508004618522324,False
58,62,506640.0,9702820.0,33.05973731340656,-2.688659406427316,HerbaceousVegetation,0.47910482,0.3970326,15,64.0,3.317454008443658,False
58,63,507280.0,9702820.0,33.06549512432793,-2.6886591095972547,Residential,0.75360256,0.75360256,24,103.0,3.2440878213611652,False
58,64,507920.0,9702820.0,33.071252934581985,-2.688658785472539,Highway,0.8331027,0.000553533,28,120.0,3.2957412652192177,False
58,65,508560.0,9702820.0,33.07701074411006,-2.6886584340531807,HerbaceousVegetation,0.97389764,1.0587999e-05,1,4.0,3.183535228298076,False
58,66,509200.0,9702820.0,33.08276855285349,-2.6886580553392023,HerbaceousVegetation,0.921962,0.0047072778,0,0.0,2.7579628713054016,False
58,67,509840.0,9702820.0,33.088526360753605,-2.68865764933062,HerbaceousVegetation,0.9986724,2.5500566e-07,1,4.0,2.428378440273135,False
58,68,510480.0,9702820.0,33.09428416775176,-2.688657216027456,HerbaceousVegetation,0.97317547,2.4434461e-05,4,17.0,2.2376068687031765,False
58,69,511120.0,9702820.0,33.10004197378925,-2.688656755429731,HerbaceousVegetation,0.9940234,1.2845711e-05,5,22.0,2.2216991579761394,False
58,70,511760.0,9702820.0,33.10579977880746,-2.688656267537469,HerbaceousVegetation,0.98871696,0.001237404,3,13.0,2.38415809002594,False
58,71,512400.0,9702820.0,33.111557582747686,-2.6886557523506944,HerbaceousVegetation,0.9904316,0.0020962118,14,60.0,2.6928929514409563,False
58,72,513040.0,9702820.0,33.11731538555129,-2.688655209869433,HerbaceousVegetation,0.9795052,0.00029609114,8,34.0,3.1045668131970743,False
58,73,513680.0,9702820.0,33.123073187159584,-2.6886546400937124,HerbaceousVegetation,0.99245834,8.545715e-05,0,0.0,3.583880264083733,False
58,74,514320.0,9702820.0,33.128830987513915,-2.6886540430235617,HerbaceousVegetation,0.8051545,0.0002708873,0,0.0,3.9638716856042975,False
58,75,514960.0,9702820.0,33.134588786555625,-2.68865341865901,HerbaceousVegetation,0.9933863,8.840653e-05,0,0.0,3.3279692883402534,False
58,76,515600.0,9702820.0,33.14034658422604,-2.6886527670000904,HerbaceousVegetation,0.9573604,0.0013745469,14,60.0,2.694008245781072,False
58,77,516240.0,9702820.0,33.146104380466504,-2.688652088046835,HerbaceousVegetation,0.9968719,4.598641e-05,5,22.0,2.0637783971485133,False
58,78,516880.0,9702820.0,33.15186217521834,-2.6886513817992777,HerbaceousVegetation,0.9638773,0.0018589357,6,26.0,1.4421796409384524,False
58,79,517520.0,9702820.0,33.15761996842289,-2.688650648257455,HerbaceousVegetation,0.7935611,1.508413e-05,13,56.0,0.8484002362905381,False
58,80,518160.0,9702820.0,33.163377760021504,-2.688649887421403,HerbaceousVegetation,0.8644595,0.010589054,94,404.0,0.42294657480386066,False
58,81,518800.0,9702820.0,33.1691355499555,-2.688649099291161,HerbaceousVegetation,0.68309635,0.09151199,93,400.0,0.6682749843662165,False
58,82,519440.0,9702820.0,33.174893338166214,-2.6886482838667685,HerbaceousVegetation,0.99741685,8.436702e-05,5,22.0,1.2376071742844763,False
58,83,520080.0,9702820.0,33.18065112459499,-2.6886474411482664,HerbaceousVegetation,0.64188147,0.008016608,24,103.0,1.8536319971750448,False
58,84,520720.0,9702820.0,33.186408909183164,-2.6886465711356986,HerbaceousVegetation,0.9245413,0.00091525214,11,47.0,2.4818202279903123,False
58,85,521360.0,9702820.0,33.19216669187207,-2.6886456738291065,HerbaceousVegetation,0.98225296,0.002307119,3,13.0,3.1148212961858057,False
59,0,466960.0,9702180.0,32.70275277452516,-2.694414577789366,HerbaceousVegetation,0.9963272,1.1174803e-05,6,26.0,2.94107311584201,False
59,1,467600.0,9702180.0,32.70851053941776,-2.6944159762118574,HerbaceousVegetation,0.9964801,5.023772e-06,6,26.0,2.4575485066117095,False
59,2,468240.0,9702180.0,32.71426830728029,-2.6944173472825104,HerbaceousVegetation,0.9573737,0.004173114,13,56.0,2.061159443606985,False
59,3,468880.0,9702180.0,32.72002607805408,-2.6944186910012555,HerbaceousVegetation,0.97989136,0.001333629,0,0.0,1.810086142036083,False
59,4,469520.0,9702180.0,32.72578385168048,-2.6944200073680253,Forest,0.7994096,0.0012499021,0,0.0,1.7673837815290385,False
59,5,470160.0,9702180.0,32.73154162810082,-2.694421296382753,HerbaceousVegetation,0.999894,8.3501445e-06,4,17.0,1.9468125284250402,False
59,6,470800.0,9702180.0,32.73729940725644,-2.6944225580453733,Highway,0.471198,0.10785109,52,224.0,2.2968919457504984,False
59,7,471440.0,9702180.0,32.743057189088674,-2.6944237923558227,HerbaceousVegetation,0.8991893,0.027670115,57,245.0,2.133445508728608,False
59,8,472080.0,9702180.0,32.74881497353885,-2.6944249993140383,HerbaceousVegetation,0.97824734,0.00022501478,92,396.0,1.638076187104368,False
59,9,472720.0,9702180.0,32.754572760548314,-2.694426178919961,HerbaceousVegetation,0.6607526,0.2084482,21,90.0,1.2783573251647984,False
59,10,473360.0,9702180.0,32.760330550058406,-2.6944273311735296,HerbaceousVegetation,0.56074953,0.2848315,12,52.0,1.1850321965443014,False
59,11,474000.0,9702180.0,32.76608834201045,-2.6944284560746854,HerbaceousVegetation,0.7567259,2.4381268e-05,0,0.0,1.411950835861761,False
59,12,474640.0,9702180.0,32.77184613634579,-2.694429553623373,HerbaceousVegetation,0.9861318,0.00028879894,4,17.0,1.8444806908544311,False
59,13,475280.0,9702180.0,32.77760393300577,-2.694430623819536,HerbaceousVegetation,0.45188573,0.0006441517,0,0.0,2.3727226713164256,False
59,14,475920.0,9702180.0,32.783361731931706,-2.694431666663121,Pasture,0.57621133,0.021101788,3,13.0,2.9456267127765976,False
59,15,476560.0,9702180.0,32.78911953306495,-2.694432682154074,HerbaceousVegetation,0.7180158,0.007829045,31,133.0,2.5179259003225343,False
59,16,477200.0,9702180.0,32.79487733634682,-2.694433670292346,HerbaceousVegetation,0.9957157,0.0010019224,5,22.0,2.0442181789971037,False
59,17,477840.0,9702180.0,32.80063514171868,-2.6944346310778853,Residential,0.37276503,0.37276503,12,52.0,1.684311457886998,False
59,18,478480.0,9702180.0,32.80639294912184,-2.694435564510643,HerbaceousVegetation,0.9712831,0.00044958037,6,26.0,1.5212436395911777,False
59,19,479120.0,9702180.0,32.812150758497644,-2.694436470590574,Pasture,0.6255187,0.00054322707,14,60.0,1.6157534882598281,False
59,20,479760.0,9702180.0,32.81790856978742,-2.694437349317631,HerbaceousVegetation,0.7277133,0.000989955,2,9.0,1.9303721036761259,False
59,21,480400.0,9702180.0,32.823666382932515,-2.6944382006917693,SeaLake,0.99828666,1.9247605e-05,0,0.0,2.379330490385516,False
59,22,481040.0,9702180.0,32.82942419787426,-2.694439024712948,SeaLake,0.999036,1.5093489e-05,0,0.0,2.9009120473232843,False
59,23,481680.0,9702180.0,32.835182014553986,-2.6944398213811227,SeaLake,0.99901354,1.41179835e-05,0,0.0,3.4624511303601904,False
59,24,482320.0,9702180.0,32.84093983291303,-2.6944405906962547,SeaLake,0.9989166,1.3978294e-05,0,0.0,4.043635303250942,False
59,25,482960.0,9702180.0,32.84669765289272,-2.694441332658305,SeaLake,0.9981596,2.5513858e-05,0,0.0,3.916497614911346,False
59,26,483600.0,9702180.0,32.85245547443441,-2.6944420472672355,SeaLake,0.99999523,6.2782796e-08,0,0.0,3.891801725360014,False
59,27,484240.0,9702180.0,32.858213297479416,-2.694442734523012,SeaLake,0.9981603,2.2954684e-05,0,0.0,3.7991820432950236,False
59,28,484880.0,9702180.0,32.86397112196907,-2.6944433944255977,SeaLake,0.9980028,2.8384651e-05,0,0.0,3.670859235542142,False
59,29,485520.0,9702180.0,32.86972894784473,-2.69444402697496,SeaLake,0.99937,8.400282e-06,0,0.0,3.6518256880955766,False
59,30,486160.0,9702180.0,32.87548677504771,-2.694444632171066,SeaLake,0.9987348,1.7339424e-05,0,0.0,3.74374868084176,False
59,31,486800.0,9702180.0,32.88124460351934,-2.694445210013888,SeaLake,0.99954194,6.7071546e-06,0,0.0,3.43857351774003,False
59,32,487440.0,9702180.0,32.88700243320097,-2.694445760503393,HerbaceousVegetation,0.83409536,0.03370386,0,0.0,2.8556938760961232,False
59,33,488080.0,9702180.0,32.892760264033924,-2.6944462836395564,River,0.9186039,0.00018339245,8,34.0,2.3033426126051584,False
59,34,488720.0,9702180.0,32.898518095959545,-2.69444677942235,SeaLake,0.3450915,0.022754353,0,0.0,1.8096924788793858,False
59,35,489360.0,9702180.0,32.904275928919155,-2.6944472478517487,Residential,0.62069356,0.62069356,26,112.0,1.4365885093451338,False
59,36,490000.0,9702180.0,32.91003376285409,-2.6944476889277293,HerbaceousVegetation,0.9836279,0.004305549,31,133.0,1.2929757237675932,False
59,37,490640.0,9702180.0,32.9157915977057,-2.6944481026502696,Residential,0.38487664,0.38487664,9,39.0,1.448787734391132,False
59,38,491280.0,9702180.0,32.9215494334153,-2.6944484890193485,HerbaceousVegetation,0.70658106,0.041906808,8,34.0,1.8290395229168908,False
59,39,491920.0,9702180.0,32.92730726992423,-2.694448848034948,Pasture,0.5960158,0.00028423368,5,22.0,2.2990535277943724,False
59,40,492560.0,9702180.0,32.933065107173825,-2.694449179697048,HerbaceousVegetation,0.99556667,3.5372814e-05,3,13.0,2.5262048510099504,False
59,41,493200.0,9702180.0,32.938822945105414,-2.6944494840056312,HerbaceousVegetation,0.9423435,0.0013118193,12,52.0,2.880446974840652,False
59,42,493840.0,9702180.0,32.944580783660335,-2.694449760960684,HerbaceousVegetation,0.99304926,0.00013139176,2,9.0,3.3213609560647153,False
59,43,494480.0,9702180.0,32.950338622779924,-2.694450010562192,HerbaceousVegetation,0.99540246,0.0016814414,31,133.0,3.8190447007168657,False
59,44,495120.0,9702180.0,32.95609646240551,-2.6944502328101425,HerbaceousVegetation,0.93603027,0.008983414,20,86.0,3.3895274392203887,False
59,45,495760.0,9702180.0,32.96185430247843,-2.694450427704524,HerbaceousVegetation,0.5654186,0.06706678,68,292.0,2.7905746283890367,False
59,46,496400.0,9702180.0,32.96761214294001,-2.694450595245327,Residential,0.7306329,0.7306329,17,73.0,2.214704777614681,False
59,47,497040.0,9702180.0,32.9733699837316,-2.694450735432542,Residential,0.7484709,0.7484709,36,155.0,1.685742491417351,False
59,48,497680.0,9702180.0,32.97912782479451,-2.694450848266163,Residential,0.9797483,0.9797483,27,116.0,1.2640167098383879,False
59,49,498320.0,9702180.0,32.98488566607009,-2.694450933746185,HerbaceousVegetation,0.99842536,1.1647504e-05,5,22.0,1.0793908433384503,False
59,50,498960.0,9702180.0,32.99064350749968,-2.6944509918726025,HerbaceousVegetation,0.78902346,0.04257998,20,86.0,1.243857128298603,False
59,51,499600.0,9702180.0,32.996401349024595,-2.694451022645412,Residential,0.994093,0.994093,73,314.0,1.6578529846025563,False
59,52,500240.0,9702180.0,33.00215919058617,-2.6944510260646126,Residential,0.90624696,0.90624696,87,374.0,2.183797719911796,False
59,53,500880.0,9702180.0,33.007917032125754,-2.694451002130205,HerbaceousVegetation,0.8600738,0.09095025,62,267.0,2.7583814900097336,False
59,54,501520.0,9702180.0,33.01367487358467,-2.6944509508421897,HerbaceousVegetation,0.7724314,0.0047859596,1,4.0,2.410901034990594,False
59,55,502160.0,9702180.0,33.019432714904255,-2.694450872200569,HerbaceousVegetation,0.97772205,0.0008270901,12,52.0,2.117193980653313,False
59,56,502800.0,9702180.0,33.025190556025834,-2.6944507662053465,HerbaceousVegetation,0.92317307,3.606612e-05,28,120.0,1.9929317356373564,False
59,57,503440.0,9702180.0,33.03094839689075,-2.6944506328565296,HerbaceousVegetation,0.9991362,1.3189539e-06,0,0.0,2.0688749247130502,False
59,58,504080.0,9702180.0,33.036706237440335,-2.694450472154123,HerbaceousVegetation,0.9982932,0.00031581518,0,0.0,2.325491347071052,False
59,59,504720.0,9702180.0,33.042464077615925,-2.6944502840981355,HerbaceousVegetation,0.99624205,0.00018617025,7,30.0,2.7119691289722008,False
59,60,505360.0,9702180.0,33.048221917358845,-2.6944500686885764,HerbaceousVegetation,0.99575955,0.00040787391,44,189.0,3.181327255673981,False
59,61,506000.0,9702180.0,33.05397975661043,-2.694449825925457,Residential,0.73339206,0.73339206,159,684.0,2.9264115750985065,False
59,62,506640.0,9702180.0,33.059737595312015,-2.694449555808789,HerbaceousVegetation,0.92620784,0.0031732707,10,43.0,2.6950490536232286,False
59,63,507280.0,9702180.0,33.06549543340495,-2.6944492583385866,HerbaceousVegetation,0.86993766,0.07326385,16,69.0,2.604206999453077,False
59,64,507920.0,9702180.0,33.07125327083054,-2.6944489335148645,PermanentCrop,0.49203545,0.0081509,29,125.0,2.668276370724243,False
59,65,508560.0,9702180.0,33.07701110753013,-2.6944485813376384,Highway,0.81127554,0.000116247524,7,30.0,2.8769260479077796,False
59,66,509200.0,9702180.0,33.08276894344507,-2.694448201806928,HerbaceousVegetation,0.9994018,1.0405362e-06,0,0.0,3.2020162678686086,False
59,67,509840.0,9702180.0,33.088526778516666,-2.69444779492275,HerbaceousVegetation,0.944185,3.4354052e-05,0,0.0,3.021615336809146,False
59,68,510480.0,9702180.0,33.09428461268627,-2.694447360685128,HerbaceousVegetation,0.9675347,0.00028128587,18,77.0,2.870543832329424,False
59,69,511120.0,9702180.0,33.10004244589521,-2.694446899094081,HerbaceousVegetation,0.38548967,0.1019848,1,4.0,2.8581610421753267,False
59,70,511760.0,9702180.0,33.10580027808483,-2.694446410149633,HerbaceousVegetation,0.69470215,0.00057297345,0,0.0,2.9861927587972277,False
59,71,512400.0,9702180.0,33.11155810919646,-2.6944458938518103,HerbaceousVegetation,0.98738676,0.00027341515,14,60.0,3.238025608666066,False
59,72,513040.0,9702180.0,33.11731593917141,-2.6944453502006382,HerbaceousVegetation,0.9749953,4.208787e-05,34,146.0,3.5876834436808243,False
59,73,513680.0,9702180.0,33.12307376795105,-2.6944447791961434,Forest,0.544836,0.0012363507,0,0.0,4.009655239761363,False
59,74,514320.0,9702180.0,33.12883159547669,-2.694444180838356,HerbaceousVegetation,0.7860178,0.0047038705,2,9.0,3.9492620121083286,False
59,75,514960.0,9702180.0,33.134589421689675,-2.694443555127304,HerbaceousVegetation,0.9780124,0.00042822567,0,0.0,3.310554528244838,False
59,76,515600.0,9702180.0,33.14034724653133,-2.6944429020630216,HerbaceousVegetation,0.8828468,7.730987e-05,0,0.0,2.6724655523847036,False
59,77,516240.0,9702180.0,33.146105069943,-2.6944422216455406,HerbaceousVegetation,0.93859875,0.0010333515,1,4.0,2.0355768157658303,False
59,78,516880.0,9702180.0,33.15186289186601,-2.6944415138748945,Pasture,0.6037641,0.031367745,15,64.0,1.4015255320841764,False
59,79,517520.0,9702180.0,33.15762071224171,-2.69444077875112,HerbaceousVegetation,0.90385026,0.002815387,50,215.0,0.7772867304182612,False
59,80,518160.0,9702180.0,33.16337853101141,-2.694440016274255,HerbaceousVegetation,0.9868279,0.0004030164,108,464.0,0.25154622931935905,False
59,81,518800.0,9702180.0,33.169136348116474,-2.694439226444337,HerbaceousVegetation,0.7086354,0.0014277559,64,275.0,0.5756602346483068,False
59,82,519440.0,9702180.0,33.17489416349821,-2.694438409261406,HerbaceousVegetation,0.9938956,1.8543009e-05,16,69.0,1.1901532543610014,False
59,83,520080.0,9702180.0,33.180651977097966,-2.6944375647255034,HerbaceousVegetation,0.9671456,0.003431004,11,47.0,1.8222910941934665,False
59,84,520720.0,9702180.0,33.18640978885708,-2.694436692836672,HerbaceousVegetation,0.66210806,0.0014038801,0,0.0,2.4585005379473808,False
59,85,521360.0,9702180.0,33.19216759871687,-2.694435793594956,HerbaceousVegetation,0.96925944,0.00040429484,1,4.0,3.0962727525523817,False
60,0,466960.0,9701540.0,32.70275136879242,-2.700204651347287,HerbaceousVegetation,0.9669144,0.00012032019,0,0.0,2.6099590583071124,False
60,1,467600.0,9701540.0,32.70850916091352,-2.7002060527791434,HerbaceousVegetation,0.9942386,0.00016329545,4,17.0,2.0497609313430094,False
60,2,468240.0,9701540.0,32.71426695600462,-2.700207426800301,HerbaceousVegetation,0.65709275,0.0011015277,16,69.0,1.5525313089535346,False
60,3,468880.0,9701540.0,32.72002475400706,-2.70020877341069,HerbaceousVegetation,0.69060904,0.0046087517,8,34.0,1.1993277512430822,False
60,4,469520.0,9701540.0,32.725782554862164,-2.700210092610244,HerbaceousVegetation,0.7080523,0.0008073061,1,4.0,1.1338521263915335,False
60,5,470160.0,9701540.0,32.73154035851128,-2.700211384398894,HerbaceousVegetation,0.79405534,0.02566627,4,17.0,1.3971593445786405,False
60,6,470800.0,9701540.0,32.73729816489573,-2.700212648776576,HerbaceousVegetation,0.7844994,0.05563841,1,4.0,1.8541002733844332,False
60,7,471440.0,9701540.0,32.74305597395686,-2.7002138857432265,HerbaceousVegetation,0.3897039,0.041775424,21,90.0,1.8587714006361922,False
60,8,472080.0,9701540.0,32.748813785636,-2.7002150952987827,Highway,0.943501,0.032191698,165,710.0,1.2596566896845922,False
60,9,472720.0,9701540.0,32.75457159987449,-2.700216277443182,Residential,0.8812266,0.8812266,294,1264.0,0.7332385913952285,False
60,10,473360.0,9701540.0,32.76032941661365,-2.700217432176367,HerbaceousVegetation,0.44876203,0.22531725,107,460.0,0.5547456065219196,False
60,11,474000.0,9701540.0,32.766087235794835,-2.7002185594982784,HerbaceousVegetation,0.7956352,0.0014203148,4,17.0,0.9471254109142496,False
60,12,474640.0,9701540.0,32.77184505735937,-2.7002196594088588,HerbaceousVegetation,0.9770807,0.0005375932,0,0.0,1.5184038988502366,False
60,13,475280.0,9701540.0,32.77760288124859,-2.7002207319080536,HerbaceousVegetation,0.40458375,0.005473522,2,9.0,2.1291440195739963,False
60,14,475920.0,9701540.0,32.78336070740383,-2.700221776995808,HerbaceousVegetation,0.96551335,0.001501872,23,99.0,2.7532086938936953,False
60,15,476560.0,9701540.0,32.78911853576643,-2.700222794672069,HerbaceousVegetation,0.9778489,0.00781924,18,77.0,2.9484663745653448,False
60,16,477200.0,9701540.0,32.79487636627771,-2.7002237849367856,HerbaceousVegetation,0.50811684,0.43862626,5,22.0,2.555842539314521,False
60,17,477840.0,9701540.0,32.80063419887901,-2.700224747789908,HerbaceousVegetation,0.93476444,0.0011668497,14,60.0,2.278246740280097,False
60,18,478480.0,9701540.0,32.80639203351167,-2.700225683231387,HerbaceousVegetation,0.97942674,0.0009926342,7,30.0,2.160482662143827,False
60,19,479120.0,9701540.0,32.81214987011702,-2.700226591261176,HerbaceousVegetation,0.9318379,3.9247534e-05,8,34.0,2.228040048394837,False
60,20,479760.0,9701540.0,32.81790770863639,-2.700227471879228,SeaLake,0.7491218,0.0022762802,0,0.0,2.4657330717412327,False
60,21,480400.0,9701540.0,32.823665549011125,-2.7002283250855004,SeaLake,0.99951243,7.809568e-06,0,0.0,2.831027499849771,False
60,22,481040.0,9701540.0,32.829423391182544,-2.700229150879948,SeaLake,0.9990932,1.572645e-05,0,0.0,3.2815840426130842,False
60,23,481680.0,9701540.0,32.83518123509199,-2.7002299492625297,SeaLake,0.99937737,1.0052746e-05,0,0.0,3.6898552318324156,False
60,24,482320.0,9701540.0,32.84093908068078,-2.700230720233206,SeaLake,0.9987665,1.6058939e-05,0,0.0,3.4327538119984613,False
60,25,482960.0,9701540.0,32.84669692789028,-2.700231463791938,SeaLake,0.9979924,2.7917553e-05,0,0.0,3.2820368425261304,False
60,26,483600.0,9701540.0,32.852454776661794,-2.7002321799386864,SeaLake,0.9988262,1.6436627e-05,0,0.0,3.2525271617017766,False
60,27,484240.0,9701540.0,32.85821262693667,-2.700232868673418,SeaLake,0.9983676,2.2189657e-05,0,0.0,3.1901198499453516,False
60,28,484880.0,9701540.0,32.86397047865623,-2.7002335299960945,SeaLake,0.9980242,2.5763029e-05,0,0.0,3.0361633661720253,False
60,29,485520.0,9701540.0,32.86972833176181,-2.700234163906685,SeaLake,0.99847955,1.980334e-05,0,0.0,3.013123182871011,False
60,30,486160.0,9701540.0,32.87548618619476,-2.7002347704051566,SeaLake,0.99892086,1.563939e-05,0,0.0,3.123897348541469,False
60,31,486800.0,9701540.0,32.88124404189638,-2.700235349491479,SeaLake,0.9999883,5.1968154e-08,0,0.0,3.252456378226922,False
60,32,487440.0,9701540.0,32.88700189880804,-2.700235901165622,HerbaceousVegetation,0.99974483,1.1320766e-05,3,13.0,2.6286255285488735,False
60,33,488080.0,9701540.0,32.89275975687104,-2.70023642542756,HerbaceousVegetation,0.99856144,1.8699086e-05,9,39.0,2.0149619962690863,False
60,34,488720.0,9701540.0,32.89851761602674,-2.7002369222772624,HerbaceousVegetation,0.49504918,0.051845524,13,56.0,1.424665407553142,False
60,35,489360.0,9701540.0,32.90427547621644,-2.700237391714708,PermanentCrop,0.37422127,0.038636036,9,39.0,0.9046939817133844,False
60,36,490000.0,9701540.0,32.910033337381506,-2.700237833739872,HerbaceousVegetation,0.95128167,0.0009397645,19,82.0,0.6530473777745955,False
60,37,490640.0,9701540.0,32.91579119946326,-2.700238248352732,HerbaceousVegetation,0.8516794,0.039110538,10,43.0,0.9239429390866803,False
60,38,491280.0,9701540.0,32.92154906240302,-2.700238635553266,HerbaceousVegetation,0.9790521,0.0052582948,23,99.0,1.449161906675024,False
60,39,491920.0,9701540.0,32.92730692614213,-2.700238995341456,HerbaceousVegetation,0.6209759,0.37183303,32,138.0,1.6833431424418694,False
60,40,492560.0,9701540.0,32.93306479062193,-2.700239327717283,HerbaceousVegetation,0.77540255,0.002826272,3,13.0,1.9823491016489818,False
60,41,493200.0,9701540.0,32.93882265578373,-2.7002396326807308,HerbaceousVegetation,0.9791511,0.0014267033,12,52.0,2.4176376458044704,False
60,42,493840.0,9701540.0,32.94458052156889,-2.7002399102317827,HerbaceousVegetation,0.99628097,0.0008086531,12,52.0,2.9290673621501844,False
60,43,494480.0,9701540.0,32.95033838791872,-2.7002401603704267,HerbaceousVegetation,0.97305864,0.00036399192,23,99.0,3.4832598866027635,False
60,44,495120.0,9701540.0,32.95609625477456,-2.700240383096648,HerbaceousVegetation,0.39287466,0.034080196,44,189.0,3.6448166407131914,False
60,45,495760.0,9701540.0,32.961854122077746,-2.700240578410436,Residential,0.55058664,0.55058664,63,271.0,3.0956580624804935,False
60,46,496400.0,9701540.0,32.96761198976961,-2.7002407463117817,HerbaceousVegetation,0.9191174,0.015654309,5,22.0,2.588572837526726,False
60,47,497040.0,9701540.0,32.973369857791475,-2.7002408868006764,HerbaceousVegetation,0.9775824,0.0009899602,1,4.0,2.15349015102504,False
60,48,497680.0,9701540.0,32.97912772608468,-2.700240999877112,Residential,0.98447466,0.98447466,32,138.0,1.8420464487745787,False
60,49,498320.0,9701540.0,32.98488559459056,-2.700241085541084,HerbaceousVegetation,0.9868426,0.0003085405,14,60.0,1.7193112232459233,False
60,50,498960.0,9701540.0,32.99064346325044,-2.700241143792588,Residential,0.9553181,0.9553181,23,99.0,1.8270541987898852,False
60,51,499600.0,9701540.0,32.996401332005654,-2.7002411746316204,HerbaceousVegetation,0.8891193,0.0028721546,52,224.0,2.1305921731415673,False
60,52,500240.0,9701540.0,33.002159200797536,-2.7002411780581794,Residential,0.9550405,0.9550405,144,619.0,2.561233876706394,False
60,53,500880.0,9701540.0,33.007917069567426,-2.700241154072265,HerbaceousVegetation,0.8399755,0.112857506,36,155.0,2.412929786034246,False
60,54,501520.0,9701540.0,33.013674938256635,-2.70024110267388,HerbaceousVegetation,0.98378676,0.0001253654,0,0.0,1.9165324686858756,False
60,55,502160.0,9701540.0,33.01943280680651,-2.700241023863024,HerbaceousVegetation,0.8939921,6.977206e-05,3,13.0,1.5307394470395939,False
60,56,502800.0,9701540.0,33.025190675158385,-2.700240917639704,HerbaceousVegetation,0.71895397,0.00025411206,10,43.0,1.3536727100444133,False
60,57,503440.0,9701540.0,33.03094854325359,-2.700240784003923,HerbaceousVegetation,0.99157697,0.00079298165,60,258.0,1.4631802203128947,False
60,58,504080.0,9701540.0,33.03670641103345,-2.7002406229556897,HerbaceousVegetation,0.9660107,0.00011665099,11,47.0,1.8079167315755433,False
60,59,504720.0,9701540.0,33.042464278439304,-2.7002404344950106,HerbaceousVegetation,0.7759766,0.027547788,12,52.0,2.2837314771020476,False
60,60,505360.0,9701540.0,33.04822214541248,-2.700240218621896,PermanentCrop,0.87943226,0.0039648474,33,142.0,2.785797608513969,False
60,61,506000.0,9701540.0,33.05398001189432,-2.7002399753363573,HerbaceousVegetation,0.95476055,0.0061819055,3,13.0,2.375052212092839,False
60,62,506640.0,9701540.0,33.059737877826144,-2.7002397046384066,HerbaceousVegetation,0.946591,0.00012618944,0,0.0,2.083333315802353,False
60,63,507280.0,9701540.0,33.065495743149285,-2.700239406528056,HerbaceousVegetation,0.9943678,4.506869e-05,0,0.0,1.9644038279582345,False
60,64,507920.0,9701540.0,33.07125360780508,-2.7002390810053227,HerbaceousVegetation,0.67884463,0.30283326,0,0.0,2.048581727406037,False
60,65,508560.0,9701540.0,33.07701147173487,-2.7002387280702216,Highway,0.9631764,0.00012209213,33,142.0,2.3138046132780623,False
60,66,509200.0,9701540.0,33.08276933487997,-2.700238347722772,HerbaceousVegetation,0.9968899,1.3759112e-06,0,0.0,2.7073781566289887,False
60,67,509840.0,9701540.0,33.08852719718172,-2.7002379399629914,HerbaceousVegetation,0.89821035,0.0003120428,2,9.0,3.1820278404748,False
60,68,510480.0,9701540.0,33.094285058581455,-2.700237504790901,Forest,0.5911062,0.00020581254,13,56.0,3.5060461046285973,False
60,69,511120.0,9701540.0,33.1000429190205,-2.700237042206524,HerbaceousVegetation,0.5585993,0.380203,2,9.0,3.495915035790431,False
60,70,511760.0,9701540.0,33.105800778440205,-2.700236552209883,HerbaceousVegetation,0.87155116,0.0036700408,6,26.0,3.6013448303584954,False
60,71,512400.0,9701540.0,33.11155863678188,-2.700236034801002,HerbaceousVegetation,0.75077707,0.0050436687,0,0.0,3.8127611040863956,False
60,72,513040.0,9701540.0,33.11731649398687,-2.7002354899799075,HerbaceousVegetation,0.9645403,0.0071155713,14,60.0,4.113855841727851,False
60,73,513680.0,9701540.0,33.1230743499965,-2.700234917746627,HerbaceousVegetation,0.95049924,3.9568095e-05,5,22.0,4.486610361531588,False
60,74,514320.0,9701540.0,33.128832204752115,-2.70023431810119,HerbaceousVegetation,0.94113356,0.00024108024,0,0.0,4.037358312142779,False
60,75,514960.0,9701540.0,33.134590058195045,-2.700233691043626,HerbaceousVegetation,0.886256,9.7660486e-05,10,43.0,3.415166611576787,False
60,76,515600.0,9701540.0,33.140347910266605,-2.700233036573968,HerbaceousVegetation,0.9980793,2.444117e-05,24,103.0,2.8010112154415503,False
60,77,516240.0,9701540.0,33.14610576090815,-2.700232354692248,HerbaceousVegetation,0.9899824,4.0761643e-05,50,215.0,2.201627732662774,False
60,78,516880.0,9701540.0,33.15186361006101,-2.7002316453985,HerbaceousVegetation,0.9877378,5.3664888e-05,5,22.0,1.6333601921898009,False
60,79,517520.0,9701540.0,33.15762145766651,-2.70023090869276,HerbaceousVegetation,0.99228376,0.00011969043,0,0.0,1.143576128480645,False
60,80,518160.0,9701540.0,33.16337930366598,-2.700230144575067,HerbaceousVegetation,0.96965224,0.003280385,4,17.0,0.8757095442161502,False
60,81,518800.0,9701540.0,33.169137148000765,-2.700229353045457,PermanentCrop,0.4206264,0.003970552,17,73.0,1.0175352361373144,False
60,82,519440.0,9701540.0,33.17489499061219,-2.700228534103972,HerbaceousVegetation,0.7327212,0.0039824746,16,69.0,1.4561792540383753,False
60,83,520080.0,9701540.0,33.18065283144159,-2.7002276877506524,HerbaceousVegetation,0.4843796,0.0015941215,16,69.0,2.00617498813102,False
60,84,520720.0,9701540.0,33.186410670430305,-2.700226813985541,HerbaceousVegetation,0.89056396,0.0031935626,1,4.0,2.597733270779207,False
60,85,521360.0,9701540.0,33.19216850751965,-2.700225912808682,HerbaceousVegetation,0.9536119,0.001288221,0,0.0,3.2079429872153242,False
61,0,466960.0,9700900.0,32.702749960031014,-2.7059947243514872,HerbaceousVegetation,0.9081041,0.00048443253,1,4.0,2.406877956887317,False
61,1,467600.0,9700900.0,32.70850777943929,-2.705996128792736,HerbaceousVegetation,0.8988467,0.00018633933,4,17.0,1.7840109553954202,False
61,2,468240.0,9700900.0,32.71426560181762,-2.705997505764426,HerbaceousVegetation,0.46225825,0.03233977,1,4.0,1.1796307382362048,False
61,3,468880.0,9700900.0,32.720023427107364,-2.705998855266485,HerbaceousVegetation,0.995729,0.00028154437,16,69.0,0.647736264395091,False
61,4,469520.0,9700900.0,32.72578125524984,-2.706000177298847,HerbaceousVegetation,0.70598644,0.06686362,31,133.0,0.5165228531568772,False
61,5,470160.0,9700900.0,32.73153908618639,-2.706001471861446,Residential,0.36661005,0.36661005,8,34.0,0.9660380155325848,False
61,6,470800.0,9700900.0,32.73729691985834,-2.706002738954215,HerbaceousVegetation,0.8276652,0.0017510362,3,13.0,1.5552694419536919,False
61,7,471440.0,9700900.0,32.74305475620704,-2.706003978577089,HerbaceousVegetation,0.93756586,0.00011399238,25,108.0,1.7826027322238098,False
61,8,472080.0,9700900.0,32.7488125951738,-2.706005190730008,HerbaceousVegetation,0.9831035,5.5841633e-06,27,116.0,1.1442798420735665,False
61,9,472720.0,9700900.0,32.75457043669998,-2.70600637541291,HerbaceousVegetation,0.8578082,0.10824971,189,813.0,0.5101766488384388,False
61,10,473360.0,9700900.0,32.76032828072689,-2.706007532625734,Residential,0.36413354,0.36413354,154,662.0,0.17431026666302055,False
61,11,474000.0,9700900.0,32.76608612719588,-2.706008662368422,HerbaceousVegetation,0.4813851,0.009510968,61,262.0,0.7872025947037058,False
61,12,474640.0,9700900.0,32.77184397604827,-2.7060097646409176,Highway,0.8093023,0.0010379705,24,103.0,1.4241459830903433,False
61,13,475280.0,9700900.0,32.7776018272254,-2.706010839443164,HerbaceousVegetation,0.6356271,0.034237675,9,39.0,2.06298221931176,False
61,14,475920.0,9700900.0,32.78335968066861,-2.7060118867751086,HerbaceousVegetation,0.95615447,0.00030845974,15,64.0,2.7023692370289796,False
61,15,476560.0,9700900.0,32.78911753631922,-2.7060129066366967,HerbaceousVegetation,0.9884695,0.0014174945,9,39.0,3.341990925972825,False
61,16,477200.0,9700900.0,32.79487539411857,-2.706013899027878,HerbaceousVegetation,0.9956626,0.0002843095,13,56.0,3.1152903890644223,False
61,17,477840.0,9700900.0,32.80063325400799,-2.706014863948602,HerbaceousVegetation,0.4188078,0.008322396,6,26.0,2.891904447250004,False
61,18,478480.0,9700900.0,32.80639111592881,-2.7060158013988205,HerbaceousVegetation,0.94359034,0.00089340226,11,47.0,2.8000693662571186,False
61,19,479120.0,9700900.0,32.812148979822375,-2.706016711378484,HerbaceousVegetation,0.99110836,3.8280326e-05,8,34.0,2.852519163770636,False
61,20,479760.0,9700900.0,32.817906845630006,-2.706017593887549,SeaLake,0.80865955,0.0057599815,4,17.0,3.041799254307542,False
61,21,480400.0,9700900.0,32.823664713293034,-2.70601844892597,SeaLake,0.59570354,0.00013827477,0,0.0,3.3447600552704984,False
61,22,481040.0,9700900.0,32.8294225827528,-2.7060192764937043,SeaLake,0.99991596,1.8428452e-06,0,0.0,3.538004635110694,False
61,23,481680.0,9700900.0,32.83518045395063,-2.706020076590709,SeaLake,0.9989286,1.5687507e-05,0,0.0,3.1411851107462097,False
61,24,482320.0,9700900.0,32.84093832682785,-2.706020849216945,SeaLake,0.9987643,1.905733e-05,0,0.0,2.834750606646483,False
61,25,482960.0,9700900.0,32.846696201325805,-2.7060215943723724,SeaLake,0.9988348,1.678658e-05,0,0.0,2.6502411406873008,False
61,26,483600.0,9700900.0,32.852454077385815,-2.7060223120569527,SeaLake,0.9986093,1.8099721e-05,0,0.0,2.613607699273257,False
61,27,484240.0,9700900.0,32.858211954949226,-2.706023002270652,SeaLake,0.9981389,2.4260973e-05,0,0.0,2.5959863474092764,False
61,28,484880.0,9700900.0,32.86396983395736,-2.7060236650134333,SeaLake,0.9985946,1.8717978e-05,0,0.0,2.4042812741035613,False
61,29,485520.0,9700900.0,32.86972771435154,-2.7060243002852644,SeaLake,0.99771285,2.983975e-05,0,0.0,2.375119317860628,False
61,30,486160.0,9700900.0,32.87548559607311,-2.706024908086112,SeaLake,0.99850696,2.2285183e-05,0,0.0,2.514162903064243,False
61,31,486800.0,9700900.0,32.88124347906341,-2.7060254884159467,SeaLake,0.9982303,2.8116609e-05,0,0.0,2.7964331624793237,False
61,32,487440.0,9700900.0,32.88700136326375,-2.7060260412747383,HerbaceousVegetation,0.92067134,0.0059520723,5,22.0,2.546282942782437,False
61,33,488080.0,9700900.0,32.89275924861547,-2.70602656666246,HerbaceousVegetation,0.99595445,0.00022622602,9,39.0,1.9062939179923557,False
61,34,488720.0,9700900.0,32.898517135059905,-2.706027064579084,HerbaceousVegetation,0.91487664,0.033690102,51,219.0,1.2663159869655376,False
61,35,489360.0,9700900.0,32.90427502253838,-2.7060275350245857,HerbaceousVegetation,0.94754636,0.0018699638,38,163.0,0.6263831542389703,False
61,36,490000.0,9700900.0,32.91003291099224,-2.7060279779989407,HerbaceousVegetation,0.6498362,0.024449592,170,731.0,0.01885558230920785,False
61,37,490640.0,9700900.0,32.9157908003628,-2.7060283935021268,HerbaceousVegetation,0.7400512,0.004203515,102,439.0,0.6538770603516206,False
61,38,491280.0,9700900.0,32.92154869059139,-2.7060287815341244,HerbaceousVegetation,0.74337125,0.2218521,116,499.0,0.9538927745176423,False
61,39,491920.0,9700900.0,32.927306581619355,-2.7060291420949127,HerbaceousVegetation,0.6956678,0.20789358,103,443.0,1.0958289769614546,False
61,40,492560.0,9700900.0,32.933064473388015,-2.7060294751844736,HerbaceousVegetation,0.6597358,0.12082652,63,271.0,1.5155543449018398,False
61,41,493200.0,9700900.0,32.93882236583871,-2.7060297808027904,Residential,0.9714824,0.9714824,72,310.0,2.0523568885438275,False
61,42,493840.0,9700900.0,32.94458025891276,-2.7060300589498474,HerbaceousVegetation,0.60076076,0.029474627,48,206.0,2.635646528568609,False
61,43,494480.0,9700900.0,32.95033815255151,-2.70603030962563,PermanentCrop,0.4414848,0.15423009,29,125.0,2.9287930172896433,False
61,44,495120.0,9700900.0,32.956096046696274,-2.706030532830128,HerbaceousVegetation,0.99462205,4.057945e-05,1,4.0,3.1471166056460533,False
61,45,495760.0,9700900.0,32.9618539412884,-2.706030728563328,HerbaceousVegetation,0.66860527,0.2545534,25,108.0,3.4713192479145007,False
61,46,496400.0,9700900.0,32.96761183626919,-2.706030896825219,HerbaceousVegetation,0.9047472,0.018701788,38,163.0,3.0521633996844004,False
61,47,497040.0,9700900.0,32.973369731580014,-2.706031037615796,HerbaceousVegetation,0.7787926,0.124400504,18,77.0,2.693048813845327,False
61,48,497680.0,9700900.0,32.97912762716218,-2.7060311509350483,HerbaceousVegetation,0.9511899,0.034390956,30,129.0,2.4501595068769584,False
61,49,498320.0,9700900.0,32.984885522957015,-2.7060312367829726,HerbaceousVegetation,0.96330565,0.0010051045,0,0.0,2.3592747979147948,False
61,50,498960.0,9700900.0,32.99064341890586,-2.706031295159564,HerbaceousVegetation,0.9961956,9.2995826e-05,5,22.0,2.4389082670351203,False
61,51,499600.0,9700900.0,32.99640131495005,-2.7060313260648186,HerbaceousVegetation,0.9526752,0.016548691,7,30.0,2.6738678908930056,False
61,52,500240.0,9700900.0,33.0021592110309,-2.706031329498736,HerbaceousVegetation,0.9727613,0.002750359,29,125.0,2.7332062681297633,False
61,53,500880.0,9700900.0,33.00791710708975,-2.706031305461316,HerbaceousVegetation,0.82188505,0.16469903,37,159.0,2.1218112676059886,False
61,54,501520.0,9700900.0,33.01367500306794,-2.706031253952558,HerbaceousVegetation,0.9957848,0.0019531029,1,4.0,1.533932725557297,False
61,55,502160.0,9700900.0,33.01943289890677,-2.7060311749724666,Forest,0.5650871,0.019259537,0,0.0,1.0114426121790314,False
61,56,502800.0,9700900.0,33.02519079454761,-2.7060310685210456,Pasture,0.56710535,0.09658301,0,0.0,0.7157392744061536,False
61,57,503440.0,9700900.0,33.03094868993176,-2.7060309345983,HerbaceousVegetation,0.99843746,0.00012608209,0,0.0,0.9059521290462051,False
61,58,504080.0,9700900.0,33.03670658500057,-2.7060307732042355,Pasture,0.4577263,0.00091865694,0,0.0,1.3958566585861374,False
61,59,504720.0,9700900.0,33.04246447969536,-2.7060305843388623,Pasture,0.6948667,0.0011640062,3,13.0,1.97364697008233,False
61,60,505360.0,9700900.0,33.048222373957465,-2.7060303680021884,HerbaceousVegetation,0.99803907,2.6404007e-06,0,0.0,2.3784147281117134,False
61,61,506000.0,9700900.0,33.05398026772822,-2.7060301241942253,HerbaceousVegetation,0.9886429,7.390934e-05,0,0.0,1.88070766294596,False
61,62,506640.0,9700900.0,33.059738160948946,-2.7060298529149858,HerbaceousVegetation,0.878419,0.002809465,8,34.0,1.4954818648277195,False
61,63,507280.0,9700900.0,33.06549605356098,-2.7060295541644823,HerbaceousVegetation,0.99538237,0.000142312,0,0.0,1.3247908146547256,False
61,64,507920.0,9700900.0,33.071253945505646,-2.706029227942731,HerbaceousVegetation,0.8278623,0.1400723,0,0.0,1.4466773645697477,False
61,65,508560.0,9700900.0,33.07701183672429,-2.7060288742497485,PermanentCrop,0.43042934,0.096756086,23,99.0,1.8027423808529628,False
61,66,509200.0,9700900.0,33.08276972715822,-2.7060284930855514,HerbaceousVegetation,0.9879413,6.662002e-08,7,30.0,2.286063163232448,False
61,67,509840.0,9700900.0,33.08852761674879,-2.70602808445016,HerbaceousVegetation,0.9963683,1.6988586e-06,12,52.0,2.8322234164792306,False
61,68,510480.0,9700900.0,33.09428550543732,-2.706027648343595,PermanentCrop,0.43521157,0.003816375,6,26.0,3.4111719650903303,False
61,69,511120.0,9700900.0,33.100043393165144,-2.706027184765877,HerbaceousVegetation,0.8938478,0.00012802653,31,133.0,4.008727836855872,False
61,70,511760.0,9700900.0,33.10580127987359,-2.7060266937170323,HerbaceousVegetation,0.9838452,0.00026709348,24,103.0,4.223887070176797,False
61,71,512400.0,9700900.0,33.11155916550399,-2.706026175197082,HerbaceousVegetation,0.954856,0.0009828835,23,99.0,4.405528870781688,False
61,72,513040.0,9700900.0,33.11731704999767,-2.706025629206056,HerbaceousVegetation,0.89547354,0.026319236,46,198.0,4.6685487339188425,False
61,73,513680.0,9700900.0,33.12307493329598,-2.70602505574398,HerbaceousVegetation,0.5948676,0.06368415,37,159.0,4.8248474583943475,False
61,74,514320.0,9700900.0,33.12883281534023,-2.7060244548108816,HerbaceousVegetation,0.53712195,0.44920954,49,211.0,4.2217358800586835,False
61,75,514960.0,9700900.0,33.13459069607177,-2.7060238264067937,HerbaceousVegetation,0.99284667,1.2502821e-05,31,133.0,3.631274526275223,False
61,76,515600.0,9700900.0,33.14034857543191,-2.706023170531747,HerbaceousVegetation,0.9779428,9.122577e-05,12,52.0,3.0607932843261105,False
61,77,516240.0,9700900.0,33.146106453361995,-2.706022487185774,HerbaceousVegetation,0.97479635,0.0037480774,37,159.0,2.5238772501007842,False
61,78,516880.0,9700900.0,33.15186432980336,-2.70602177636891,HerbaceousVegetation,0.99608505,0.0011002667,5,22.0,2.0471094786983848,False
61,79,517520.0,9700900.0,33.157622204697326,-2.706021038081192,HerbaceousVegetation,0.89574814,0.003703624,0,0.0,1.6824262426559002,False
61,80,518160.0,9700900.0,33.16338007798523,-2.7060202723226543,HerbaceousVegetation,0.9870176,0.00043178364,0,0.0,1.513161890274047,False
61,81,518800.0,9700900.0,33.16913794960841,-2.706019479093338,HerbaceousVegetation,0.9885197,9.38015e-05,12,52.0,1.599553440122179,False
61,82,519440.0,9700900.0,33.174895819508194,-2.706018658393284,HerbaceousVegetation,0.8120112,0.06891319,17,73.0,1.908835055974569,False
61,83,520080.0,9700900.0,33.180653687625906,-2.706017810222529,HerbaceousVegetation,0.45199734,0.059660323,18,77.0,2.355404707057404,False
61,84,520720.0,9700900.0,33.186411553902886,-2.7060169345811214,HerbaceousVegetation,0.5422656,0.0024043333,4,17.0,2.8760061538770936,False
61,85,521360.0,9700900.0,33.192169418280464,-2.706016031469103,HerbaceousVegetation,0.9340679,4.4836816e-05,16,69.0,3.43716328681802,False
62,0,466960.0,9700260.0,32.70274854824088,-2.711784796800785,HerbaceousVegetation,0.9925107,8.340674e-05,10,43.0,2.3650447591241868,False
62,1,467600.0,9700260.0,32.708506394994984,-2.711786204251454,HerbaceousVegetation,0.93128824,0.00036247645,1,4.0,1.7271567104005352,False
62,2,468240.0,9700260.0,32.714264244719224,-2.7117875841737016,HerbaceousVegetation,0.89869416,0.00016266698,9,39.0,1.0917435101260788,False
62,3,468880.0,9700260.0,32.720022097354935,-2.711788936567458,HerbaceousVegetation,0.71017003,0.09491362,15,64.0,0.4689749263267982,False
62,4,469520.0,9700260.0,32.72577995284344,-2.711790261432656,HerbaceousVegetation,0.9001921,0.00048035177,82,353.0,0.25917382418762797,False
62,5,470160.0,9700260.0,32.731537811126096,-2.7117915587692267,HerbaceousVegetation,0.561433,0.01575195,3,13.0,0.8565072450159736,False
62,6,470800.0,9700260.0,32.73729567214422,-2.7117928285771065,HerbaceousVegetation,0.9880884,0.00041465124,9,39.0,1.4897107942099592,False
62,7,471440.0,9700260.0,32.74305353583914,-2.7117940708562305,HerbaceousVegetation,0.8772735,7.7981684e-05,0,0.0,1.9286041278708685,False
62,8,472080.0,9700260.0,32.7488114021522,-2.711795285606536,HerbaceousVegetation,0.9411542,0.000986368,7,30.0,1.3605946266558115,False
62,9,472720.0,9700260.0,32.75456927102473,-2.7117964728279613,HerbaceousVegetation,0.439118,0.024444683,8,34.0,0.8956124128934237,False
62,10,473360.0,9700260.0,32.76032714239805,-2.7117976325204465,HerbaceousVegetation,0.9452202,0.00020100777,2,9.0,0.7564558481318616,False
62,11,474000.0,9700260.0,32.7660850162135,-2.7117987646839343,HerbaceousVegetation,0.98096097,0.00056177523,3,13.0,1.0777426901709926,False
62,12,474640.0,9700260.0,32.77184289241242,-2.7117998693183654,HerbaceousVegetation,0.9968425,0.00020203575,0,0.0,1.6031322971798434,False
62,13,475280.0,9700260.0,32.77760077093613,-2.711800946423686,HerbaceousVegetation,0.9715824,0.00020806228,4,17.0,2.1903737165847375,False
62,14,475920.0,9700260.0,32.783358651725976,-2.7118019959998403,HerbaceousVegetation,0.51721877,0.006756128,7,30.0,2.8008286049577094,False
62,15,476560.0,9700260.0,32.78911653472328,-2.711803018046776,Residential,0.4827708,0.4827708,7,30.0,3.422096540191913,False
62,16,477200.0,9700260.0,32.79487441986936,-2.7118040125644405,HerbaceousVegetation,0.984395,0.00019686235,14,60.0,3.7009373583762026,False
62,17,477840.0,9700260.0,32.800632307105566,-2.711804979552785,HerbaceousVegetation,0.9915326,0.00017632508,7,30.0,3.5149700502922943,False
62,18,478480.0,9700260.0,32.80639019637322,-2.7118059190117605,HerbaceousVegetation,0.44575623,0.19585906,13,56.0,3.4398098171670775,False
62,19,479120.0,9700260.0,32.812148087613664,-2.711806830941318,HerbaceousVegetation,0.95425355,0.0018554872,29,125.0,3.482638181336987,False
62,20,479760.0,9700260.0,32.81790598076822,-2.711807715341413,HerbaceousVegetation,0.96683604,0.008343865,11,47.0,3.6392919401902044,False
62,21,480400.0,9700260.0,32.823663875778216,-2.711808572212,Pasture,0.31315225,0.011233807,1,4.0,3.613630025922475,False
62,22,481040.0,9700260.0,32.829421772584986,-2.7118094015530363,Forest,0.89323336,3.088663e-05,0,0.0,3.096560844898319,False
62,23,481680.0,9700260.0,32.83517967112987,-2.71181020336448,SeaLake,0.9878086,0.0006287887,2,9.0,2.6340569788951624,False
62,24,482320.0,9700260.0,32.84093757135419,-2.711810977646289,SeaLake,0.99991894,5.355529e-07,2,9.0,2.2598724012596896,False
62,25,482960.0,9700260.0,32.84669547319927,-2.711811724398426,SeaLake,0.9996034,4.2628326e-06,0,0.0,2.0236082555386448,False
62,26,483600.0,9700260.0,32.852453376606455,-2.711812443620853,SeaLake,0.9995072,7.0472843e-06,0,0.0,1.975387929950236,False
62,27,484240.0,9700260.0,32.858211281517065,-2.711813135313533,SeaLake,0.9982576,2.4838428e-05,0,0.0,2.0299324064745004,False
62,28,484880.0,9700260.0,32.86396918787243,-2.7118137994764324,SeaLake,0.9976114,3.19367e-05,0,0.0,1.778215089331166,False
62,29,485520.0,9700260.0,32.86972709561388,-2.711814436109516,SeaLake,0.99780697,2.8327437e-05,0,0.0,1.7385833983432417,False
62,30,486160.0,9700260.0,32.87548500468276,-2.711815045212752,SeaLake,0.9981919,2.6075148e-05,0,0.0,1.9241869872921458,False
62,31,486800.0,9700260.0,32.88124291502037,-2.7118156267861107,SeaLake,0.99905163,1.4559247e-05,0,0.0,2.2806838647945296,False
62,32,487440.0,9700260.0,32.88700082656808,-2.7118161808295618,SeaLake,0.9999988,3.2186286e-08,1,4.0,2.622335119711196,False
62,33,488080.0,9700260.0,32.89275873926719,-2.711816707343077,SeaLake,0.66087544,0.16000871,95,408.0,2.0067489023643668,False
62,34,488720.0,9700260.0,32.89851665305903,-2.711817206326631,Highway,0.44376713,0.3939451,447,1922.0,1.4130254188125733,False
62,35,489360.0,9700260.0,32.90427456788495,-2.711817677780197,Highway,0.98344225,0.011779611,157,675.0,0.8862508173650987,False
62,36,490000.0,9700260.0,32.91003248368626,-2.7118181217037525,Pasture,0.88057053,0.013060762,30,129.0,0.6272481074903001,False
62,37,490640.0,9700260.0,32.9157904004043,-2.7118185380972752,HerbaceousVegetation,0.9553441,0.00046359567,26,112.0,0.7157063839669057,False
62,38,491280.0,9700260.0,32.92154831798039,-2.7118189269607424,Residential,0.65263456,0.65263456,233,1002.0,0.31390373994000453,False
62,39,491920.0,9700260.0,32.927306236355875,-2.7118192882941363,Residential,0.84681094,0.84681094,323,1389.0,0.6222846280366472,False
62,40,492560.0,9700260.0,32.933064155472074,-2.711819622097437,HerbaceousVegetation,0.86789584,0.009183414,39,168.0,1.217908856972953,False
62,41,493200.0,9700260.0,32.93882207527032,-2.711819928370629,HerbaceousVegetation,0.9625669,0.015996834,46,198.0,1.8435199509350644,False
62,42,493840.0,9700260.0,32.944579995691946,-2.7118202071136968,PermanentCrop,0.74445873,0.095023006,41,176.0,2.2011633341297108,False
62,43,494480.0,9700260.0,32.950337916678265,-2.7118204583266245,HerbaceousVegetation,0.75984275,0.002256833,26,112.0,2.313532886069612,False
62,44,495120.0,9700260.0,32.95609583817063,-2.7118206820094013,HerbaceousVegetation,0.87253433,0.022772947,9,39.0,2.5843662291428724,False
62,45,495760.0,9700260.0,32.96185376011035,-2.711820878162016,HerbaceousVegetation,0.9726981,0.005352414,14,60.0,2.970633467417802,False
62,46,496400.0,9700260.0,32.967611682438765,-2.711821046784458,HerbaceousVegetation,0.94089806,0.0004094809,12,52.0,3.4335954317815713,False
62,47,497040.0,9700260.0,32.973369605097204,-2.711821187876718,HerbaceousVegetation,0.998442,3.4942543e-05,9,39.0,3.269052461638631,False
62,48,497680.0,9700260.0,32.979127528027,-2.71182130143879,HerbaceousVegetation,0.9293458,3.2708118e-05,1,4.0,3.0712583901124377,False
62,49,498320.0,9700260.0,32.98488545116947,-2.7118213874706685,HerbaceousVegetation,0.9949361,0.00011023183,13,56.0,2.999253917522222,False
62,50,498960.0,9700260.0,32.990643374465954,-2.711821445972348,HerbaceousVegetation,0.9035802,0.021679582,22,95.0,3.062289996833865,False
62,51,499600.0,9700260.0,32.99640129785778,-2.7118214769438267,HerbaceousVegetation,0.83549553,0.012267972,0,0.0,3.252524556040294,False
62,52,500240.0,9700260.0,33.00215922128627,-2.711821480385102,HerbaceousVegetation,0.9790687,0.0007640645,0,0.0,2.6399752663902536,False
62,53,500880.0,9700260.0,33.007917144692755,-2.7118214562961738,HerbaceousVegetation,0.9200184,0.05725323,19,82.0,2.00028396942739,False
62,54,501520.0,9700260.0,33.01367506801858,-2.7118214046770444,Residential,0.8675001,0.8675001,26,112.0,1.3608829889245067,False
62,55,502160.0,9700260.0,33.01943299120505,-2.7118213255277155,HerbaceousVegetation,0.9645804,8.640837e-05,9,39.0,0.7225434663326517,False
62,56,502800.0,9700260.0,33.02519091419352,-2.711821218848192,Residential,0.8433643,0.8433643,83,357.0,0.10646883081873462,False
62,57,503440.0,9700260.0,33.03094883692529,-2.7118210846384776,Residential,0.7041482,0.7041482,69,297.0,0.5655105331749471,False
62,58,504080.0,9700260.0,33.036706759341705,-2.711820922898581,HerbaceousVegetation,0.9680945,0.00016229066,16,69.0,1.203107939599651,False
62,59,504720.0,9700260.0,33.042464681384104,-2.7118207336285085,HerbaceousVegetation,0.98888236,0.0003680949,0,0.0,1.8423721843112,False
62,60,505360.0,9700260.0,33.04822260299381,-2.711820516828271,HerbaceousVegetation,0.8383657,8.866432e-05,4,17.0,2.090991373056159,False
62,61,506000.0,9700260.0,33.05398052411214,-2.71182027249788,HerbaceousVegetation,0.9462095,0.012484867,28,120.0,1.5008163167957032,False
62,62,506640.0,9700260.0,33.05973844468044,-2.711820000637346,Residential,0.4983882,0.4983882,26,112.0,0.9756302123884638,False
62,63,507280.0,9700260.0,33.065496364640026,-2.711819701246684,HerbaceousVegetation,0.99595,0.0008539662,1,4.0,0.6859001427978403,False
62,64,507920.0,9700260.0,33.07125428393224,-2.711819374325908,HerbaceousVegetation,0.97917134,0.0075002704,15,64.0,0.899034871656843,False
62,65,508560.0,9700260.0,33.07701220249841,-2.711819019875036,HerbaceousVegetation,0.9525523,0.00064239785,36,155.0,1.4018803069520502,False
62,66,509200.0,9700260.0,33.08277012027985,-2.711818637894085,Highway,0.95477206,4.4817807e-05,11,47.0,1.9853143553565802,False
62,67,509840.0,9700260.0,33.0885280372179,-2.7118182283830747,HerbaceousVegetation,0.98985845,1.9636003e-05,3,13.0,2.5955496111902487,False
62,68,510480.0,9700260.0,33.094285953253895,-2.7118177913420256,HerbaceousVegetation,0.9398219,0.016044643,0,0.0,3.2173719832675225,False
62,69,511120.0,9700260.0,33.10004386832916,-2.7118173267709595,HerbaceousVegetation,0.9808241,0.0004609814,0,0.0,3.8451641282628923,False
62,70,511760.0,9700260.0,33.10580178238502,-2.7118168346699,HerbaceousVegetation,0.89946485,0.032501563,7,30.0,4.476415068762577,False
62,71,512400.0,9700260.0,33.111559695362814,-2.711816315038873,HerbaceousVegetation,0.9583661,0.0009962571,10,43.0,5.009932337442077,True
62,72,513040.0,9700260.0,33.11731760720387,-2.711815767877903,HerbaceousVegetation,0.9012111,0.015713826,11,47.0,5.242717298828165,True
62,73,513680.0,9700260.0,33.12307551784951,-2.71181519318702,HerbaceousVegetation,0.9452564,0.0041902917,18,77.0,5.061733368829383,True
62,74,514320.0,9700260.0,33.12883342724107,-2.711814590966249,HerbaceousVegetation,0.5921206,0.047185015,60,258.0,4.490550694661106,False
62,75,514960.0,9700260.0,33.13459133531988,-2.7118139612156247,HerbaceousVegetation,0.80107343,0.0008700455,11,47.0,3.9405769102406585,False
62,76,515600.0,9700260.0,33.14034924202726,-2.7118133039351764,Residential,0.980958,0.980958,92,396.0,3.422053072312335,False
62,77,516240.0,9700260.0,33.14610714730457,-2.711812619124938,HerbaceousVegetation,0.92761236,0.0016033198,74,318.0,2.951600934056426,False
62,78,516880.0,9700260.0,33.151865051093104,-2.711811906784945,HerbaceousVegetation,0.99608636,0.00010858533,4,17.0,2.5559047161667126,False
62,79,517520.0,9700260.0,33.15762295333421,-2.711811166915232,HerbaceousVegetation,0.9923535,0.00067836646,13,56.0,2.2743240231602266,False
62,80,518160.0,9700260.0,33.16338085396922,-2.711810399515837,HerbaceousVegetation,0.9816195,0.0015965472,18,77.0,2.1521269959099065,False
62,81,518800.0,9700260.0,33.16913875293946,-2.7118096045867985,HerbaceousVegetation,0.90439653,0.00075414975,19,82.0,2.2138122004434737,False
62,82,519440.0,9700260.0,33.17489665018626,-2.7118087821281565,HerbaceousVegetation,0.7593791,0.0033351681,29,125.0,2.4466394343963134,False
62,83,520080.0,9700260.0,33.18065454565095,-2.711807932139953,HerbaceousVegetation,0.629946,0.0022105295,3,13.0,2.8089721581129727,False
62,84,520720.0,9700260.0,33.18641243927487,-2.711807054622231,HerbaceousVegetation,0.9744682,0.0010322868,11,47.0,3.2578834614154926,False
62,85,521360.0,9700260.0,33.19217033099934,-2.7118061495750347,Highway,0.5663592,0.027284276,98,421.0,3.7625104267331047,False
63,0,466960.0,9699620.0,32.702747133421944,-2.7175748686939976,HerbaceousVegetation,0.905202,0.00045710307,4,17.0,2.4925914077464646,False
63,1,467600.0,9699620.0,32.70850500758054,-2.717576279154113,HerbaceousVegetation,0.9711434,1.8537157e-05,0,0.0,1.8980636226408,False
63,2,468240.0,9699620.0,32.71426288470934,-2.717577662026945,HerbaceousVegetation,0.9594347,0.000108311884,10,43.0,1.3459119975738127,False
63,3,468880.0,9699620.0,32.7200207647497,-2.717579017312425,HerbaceousVegetation,0.60350823,0.0028269247,28,120.0,0.9162492536607844,False
63,4,469520.0,9699620.0,32.72577864764291,-2.7175803450104827,HerbaceousVegetation,0.9980926,0.00054264284,9,39.0,0.8287015653748688,False
63,5,470160.0,9699620.0,32.73153653333033,-2.7175816451210526,HerbaceousVegetation,0.77209675,0.00034799465,6,26.0,1.1632625989326622,False
63,6,470800.0,9699620.0,32.73729442175328,-2.717582917644068,HerbaceousVegetation,0.80796844,0.096824996,7,30.0,1.684877877977032,False
63,7,471440.0,9699620.0,32.74305231285311,-2.717584162579465,HerbaceousVegetation,0.6075303,0.00017466769,1,4.0,2.2540087096436237,False
63,8,472080.0,9699620.0,32.74881020657113,-2.7175853799271805,HerbaceousVegetation,0.9697769,0.0019672378,7,30.0,1.7922776345179974,False
63,9,472720.0,9699620.0,32.75456810284867,-2.7175865696871524,HerbaceousVegetation,0.8476692,0.00015909295,0,0.0,1.4707695180542537,False
63,10,473360.0,9699620.0,32.76032600162708,-2.717587731859323,HerbaceousVegetation,0.89297897,0.00060165324,5,22.0,1.3904196601320247,False
63,11,474000.0,9699620.0,32.76608390284767,-2.717588866443631,HerbaceousVegetation,0.92135984,0.004034475,7,30.0,1.5882602706501754,False
63,12,474640.0,9699620.0,32.77184180645178,-2.717589973440021,HerbaceousVegetation,0.47148052,0.00044719875,0,0.0,1.9826937593511214,False
63,13,475280.0,9699620.0,32.77759971238075,-2.717591052848435,HerbaceousVegetation,0.9770418,0.00010026506,3,13.0,2.4816886185446383,False
63,14,475920.0,9699620.0,32.783357620575885,-2.71759210466882,HerbaceousVegetation,0.9847943,0.00015395453,4,17.0,3.034086725104955,False
63,15,476560.0,9699620.0,32.789115530978535,-2.717593128901123,HerbaceousVegetation,0.85292524,0.02103164,5,22.0,3.6154925129921405,False
63,16,477200.0,9699620.0,32.79487344353002,-2.717594125545291,HerbaceousVegetation,0.99427676,0.000119221855,15,64.0,4.213916226925535,False
63,17,477840.0,9699620.0,32.800631358171685,-2.7175950946012746,HerbaceousVegetation,0.7653722,0.004148628,0,0.0,4.143201368130601,False
63,18,478480.0,9699620.0,32.806389274844854,-2.717596036069025,HerbaceousVegetation,0.9481847,0.003041712,0,0.0,4.0796316868936175,False
63,19,479120.0,9699620.0,32.81214719349084,-2.717596949948494,HerbaceousVegetation,0.9845553,0.0002830422,24,103.0,4.115807554360828,False
63,20,479760.0,9699620.0,32.81790511405099,-2.717597836239636,HerbaceousVegetation,0.953667,0.017438933,18,77.0,3.9035326475427583,False
63,21,480400.0,9699620.0,32.82366303646663,-2.7175986949424056,HerbaceousVegetation,0.97948813,0.00019414035,1,4.0,3.308887159203393,False
63,22,481040.0,9699620.0,32.82942096067907,-2.71759952605676,HerbaceousVegetation,0.9737587,0.0009242091,2,9.0,2.7347945689301825,False
63,23,481680.0,9699620.0,32.835178886629684,-2.7176003295826567,HerbaceousVegetation,0.62791884,0.00022120666,0,0.0,2.197423135438176,False
63,24,482320.0,9699620.0,32.84093681425976,-2.717601105520056,HerbaceousVegetation,0.9147461,0.008808322,14,60.0,1.731310352902641,False
63,25,482960.0,9699620.0,32.84669474351064,-2.717601853868917,HerbaceousVegetation,0.5588432,0.015181646,16,69.0,1.4090431646960957,False
63,26,483600.0,9699620.0,32.85245267432366,-2.717602574629204,SeaLake,0.9994019,7.822893e-07,0,0.0,1.338868829230747,False
63,27,484240.0,9699620.0,32.85821060664014,-2.7176032678008792,SeaLake,0.99999964,5.1333195e-09,0,0.0,1.5235832874429147,False
63,28,484880.0,9699620.0,32.86396854040141,-2.7176039333839084,SeaLake,0.999977,1.7292077e-06,1,4.0,1.16735999710674,False
63,29,485520.0,9699620.0,32.8697264755488,-2.7176045713782573,SeaLake,0.9973048,3.7561702e-05,0,0.0,1.1060527527720987,False
63,30,486160.0,9699620.0,32.875484412023646,-2.717605181783893,SeaLake,0.9973779,3.394844e-05,0,0.0,1.3795564580633974,False
63,31,486800.0,9699620.0,32.88124234976727,-2.717605764600788,SeaLake,0.99384755,9.27481e-06,0,0.0,1.8445051775622956,False
63,32,487440.0,9699620.0,32.887000288721,-2.7176063198289087,SeaLake,0.95414525,8.4978594e-05,1,4.0,2.3917405124979183,False
63,33,488080.0,9699620.0,32.89275822882616,-2.717606847468229,Highway,0.8638728,6.5731125e-05,42,181.0,2.2889573636279326,False
63,34,488720.0,9699620.0,32.89851617002409,-2.717607347518722,Residential,0.6459725,0.6459725,90,387.0,1.791347395000867,False
63,35,489360.0,9699620.0,32.90427411225611,-2.7176078199803624,HerbaceousVegetation,0.77593094,0.02715764,14,60.0,1.4134090584987238,False
63,36,490000.0,9699620.0,32.91003205546355,-2.7176082648531263,HerbaceousVegetation,0.85995597,0.006824202,59,254.0,1.2671719866364262,False
63,37,490640.0,9699620.0,32.915789999587744,-2.7176086821369925,HerbaceousVegetation,0.9656587,0.00033199394,77,331.0,0.7211516905078571,False
63,38,491280.0,9699620.0,32.92154794457001,-2.717609071831938,HerbaceousVegetation,0.9648479,0.0005454589,25,108.0,0.326128334585755,False
63,39,491920.0,9699620.0,32.92730589035168,-2.717609433937944,HerbaceousVegetation,0.9613623,0.00086345786,17,73.0,0.6267656418734426,False
63,40,492560.0,9699620.0,32.93306383687409,-2.717609768454992,HerbaceousVegetation,0.91746336,0.004975616,34,146.0,1.2202044891883843,False
63,41,493200.0,9699620.0,32.93882178407856,-2.7176100753830643,HerbaceousVegetation,0.8969973,0.05126506,10,43.0,1.6585570562719496,False
63,42,493840.0,9699620.0,32.94457973190642,-2.717610354722148,HerbaceousVegetation,0.782362,0.05604355,6,26.0,1.561706086406158,False
63,43,494480.0,9699620.0,32.95033768029899,-2.7176106064722263,Forest,0.49065197,0.015485477,31,133.0,1.7164615613891856,False
63,44,495120.0,9699620.0,32.95609562919762,-2.7176108306332867,HerbaceousVegetation,0.6977424,0.012377254,9,39.0,2.0670642668129995,False
63,45,495760.0,9699620.0,32.96185357854362,-2.71761102720532,Pasture,0.588986,0.053988732,23,99.0,2.5334697698105115,False
63,46,496400.0,9699620.0,32.96761152827832,-2.7176111961883143,HerbaceousVegetation,0.9898372,0.0018997134,28,120.0,3.0632308868174283,False
63,47,497040.0,9699620.0,32.97336947834305,-2.717611337582261,HerbaceousVegetation,0.99264914,2.5899217e-05,11,47.0,3.628704707931034,False
63,48,497680.0,9699620.0,32.979127428679135,-2.7176114513871554,HerbaceousVegetation,0.79566455,0.0014203814,10,43.0,3.698807184557279,False
63,49,498320.0,9699620.0,32.98488537922791,-2.717611537602989,HerbaceousVegetation,0.7324285,0.00042222167,20,86.0,3.6392403811054996,False
63,50,498960.0,9699620.0,32.9906433299307,-2.7176115962297587,HerbaceousVegetation,0.99273634,9.388225e-05,22,95.0,3.6913637743258603,False
63,51,499600.0,9699620.0,32.99640128072883,-2.717611627267461,HerbaceousVegetation,0.8969053,0.044870857,12,52.0,3.327950684575246,False
63,52,500240.0,9699620.0,33.00215923156363,-2.7176116307160942,HerbaceousVegetation,0.8525315,0.058535848,0,0.0,2.699578172633782,False
63,53,500880.0,9699620.0,33.00791718237643,-2.717611606575659,Residential,0.95197076,0.95197076,74,318.0,2.078313946774321,False
63,54,501520.0,9699620.0,33.01367513310856,-2.7176115548461564,Residential,0.9339685,0.9339685,86,370.0,1.4731786763840158,False
63,55,502160.0,9699620.0,33.01943308370133,-2.7176114755275886,PermanentCrop,0.5525391,0.013788799,90,387.0,0.9166907677883882,False
63,56,502800.0,9699620.0,33.025191034096096,-2.7176113686199592,Residential,0.66046464,0.66046464,101,434.0,0.5740980011673699,False
63,57,503440.0,9699620.0,33.030948984234165,-2.7176112341232748,Residential,0.27710375,0.27710375,3,13.0,0.7987834914044443,False
63,58,504080.0,9699620.0,33.03670693405687,-2.717611072037541,Residential,0.9844505,0.9844505,124,533.0,1.3288045820722394,False
63,59,504720.0,9699620.0,33.042464883505545,-2.717610882362767,Residential,0.6817002,0.6817002,92,396.0,1.926807766366973,False
63,60,505360.0,9699620.0,33.04822283252152,-2.7176106650989627,HerbaceousVegetation,0.871613,0.005312816,47,202.0,1.9765710777737915,False
63,61,506000.0,9699620.0,33.0539807810461,-2.7176104202461366,HerbaceousVegetation,0.9608294,0.01479799,22,95.0,1.3368013764418358,False
63,62,506640.0,9699620.0,33.059738729020644,-2.717610147804304,HerbaceousVegetation,0.9401539,0.0040487545,29,125.0,0.6974543817496062,False
63,63,507280.0,9699620.0,33.06549667638646,-2.7176098477734767,HerbaceousVegetation,0.65624374,0.016449405,112,482.0,0.07104441699854915,False
63,64,507920.0,9699620.0,33.07125462308488,-2.7176095201536707,Residential,0.44625145,0.44625145,88,378.0,0.5855356554058876,False
63,65,508560.0,9699620.0,33.077012569057246,-2.7176091649449026,HerbaceousVegetation,0.98999655,4.763383e-05,15,64.0,1.2246863673269743,False
63,66,509200.0,9699620.0,33.082770514244864,-2.717608782147191,HerbaceousVegetation,0.98434633,2.0324022e-07,3,13.0,1.8644198542392427,False
63,67,509840.0,9699620.0,33.08852845858907,-2.7176083717605533,HerbaceousVegetation,0.60497284,0.00011425056,4,17.0,2.504289537462954,False
63,68,510480.0,9699620.0,33.0942864020312,-2.717607933785011,HerbaceousVegetation,0.8580728,0.004418533,3,13.0,3.1442122673272803,False
63,69,511120.0,9699620.0,33.100044344512575,-2.717607468220588,HerbaceousVegetation,0.51793635,0.009046893,3,13.0,3.7841611324805258,False
63,70,511760.0,9699620.0,33.10580228597453,-2.717606975067306,HerbaceousVegetation,0.9464431,0.035819937,0,0.0,4.42412479154253,False
63,71,512400.0,9699620.0,33.111560226358385,-2.71760645432519,HerbaceousVegetation,0.7764591,0.0013532101,3,13.0,5.064097635878101,True
63,72,513040.0,9699620.0,33.11731816560547,-2.717605905994266,HerbaceousVegetation,0.99459404,7.776889e-05,19,82.0,5.7040765738435795,True
63,73,513680.0,9699620.0,33.12307610365712,-2.717605330074563,HerbaceousVegetation,0.9517002,3.1842897e-05,28,120.0,5.3649171845861074,True
63,74,514320.0,9699620.0,33.12883404045466,-2.7176047265661096,HerbaceousVegetation,0.93866783,0.00088668434,34,146.0,4.829724344273471,False
63,75,514960.0,9699620.0,33.134591975939415,-2.7176040954689364,Pasture,0.79738134,0.04635078,58,249.0,4.323116709720925,False
63,76,515600.0,9699620.0,33.14034991005271,-2.717603436783074,Residential,0.6818288,0.6818288,155,666.0,3.8563763989098314,False
63,77,516240.0,9699620.0,33.146107842735894,-2.717602750508557,HerbaceousVegetation,0.83031046,0.0047111944,8,34.0,3.445742267533838,False
63,78,516880.0,9699620.0,33.15186577393028,-2.7176020366454194,HerbaceousVegetation,0.87200433,0.014542889,24,103.0,3.113493314344791,False
63,79,517520.0,9699620.0,33.157623703577194,-2.717601295193698,HerbaceousVegetation,0.9909639,0.00014722713,0,0.0,2.886822035157379,False
63,80,518160.0,9699620.0,33.16338163161798,-2.71760052615343,HerbaceousVegetation,0.956961,0.00044177196,16,69.0,2.791566282012782,False
63,81,518800.0,9699620.0,33.169139557993944,-2.717599729524653,HerbaceousVegetation,0.97140354,0.00010016734,1,4.0,2.8394643350213173,False
63,82,519440.0,9699620.0,33.17489748264644,-2.71759890530741,HerbaceousVegetation,0.9401399,0.0027947982,1,4.0,3.0245062031625576,False
63,83,520080.0,9699620.0,33.18065540551678,-2.71759805350174,HerbaceousVegetation,0.99643147,0.00015770714,6,26.0,3.3244424850009855,False
63,84,520720.0,9699620.0,33.1864133265463,-2.7175971741076865,HerbaceousVegetation,0.7727653,0.0392829,7,30.0,3.711522315599122,False
63,85,521360.0,9699620.0,33.19217124567633,-2.717596267125295,HerbaceousVegetation,0.92243445,0.0025246167,22,95.0,4.161499484837287,False
64,0,466960.0,9698980.0,32.702745715574125,-2.7233649400299385,HerbaceousVegetation,0.7378292,0.0004258361,6,26.0,2.7661863891072525,False
64,1,467600.0,9698980.0,32.70850361719589,-2.7233663534995283,HerbaceousVegetation,0.99550265,0.00018675039,4,17.0,2.2453108312443146,False
64,2,468240.0,9698980.0,32.71426152178793,-2.723367739322973,HerbaceousVegetation,0.99624133,0.0002785931,4,17.0,1.8028461716197113,False
64,3,468880.0,9698980.0,32.72001942929158,-2.7233690975002016,HerbaceousVegetation,0.88683534,0.001365409,8,34.0,1.5093998503195443,False
64,4,469520.0,9698980.0,32.72577733964817,-2.7233704280311466,HerbaceousVegetation,0.9590044,6.456232e-05,1,4.0,1.457916834996248,False
64,5,470160.0,9698980.0,32.731535252799034,-2.72337173091574,HerbaceousVegetation,0.9362035,0.0023974155,5,22.0,1.6709144464592705,False
64,6,470800.0,9698980.0,32.7372931686855,-2.723373006153915,HerbaceousVegetation,0.9604097,0.0018573379,13,56.0,2.068233225970201,False
64,7,471440.0,9698980.0,32.74305108724888,-2.7233742537456096,HerbaceousVegetation,0.7267619,0.018025454,8,34.0,2.5656231731546075,False
64,8,472080.0,9698980.0,32.74880900843053,-2.7233754736907594,HerbaceousVegetation,0.9727757,0.002689545,11,47.0,2.322175811669347,False
64,9,472720.0,9698980.0,32.75456693217177,-2.7233766659893024,HerbaceousVegetation,0.90297693,0.0027010073,6,26.0,2.0840835771020085,False
64,10,473360.0,9698980.0,32.76032485841392,-2.723377830641179,HerbaceousVegetation,0.605489,0.010312089,0,0.0,2.028178545491105,False
64,11,474000.0,9698980.0,32.76608278709832,-2.7233789676463305,HerbaceousVegetation,0.9138945,2.9922192e-05,4,17.0,2.168596797109718,False
64,12,474640.0,9698980.0,32.77184071816629,-2.7233800770046983,HerbaceousVegetation,0.7731029,0.011783392,17,73.0,2.4721075875614,False
64,13,475280.0,9698980.0,32.777598651559174,-2.7233811587162284,HerbaceousVegetation,0.9721629,0.0003066797,12,52.0,2.8877360995289645,False
64,14,475920.0,9698980.0,32.783356587218286,-2.7233822127808645,HerbaceousVegetation,0.9947359,9.724465e-05,11,47.0,3.3743034298306473,False
64,15,476560.0,9698980.0,32.789114525084955,-2.723383239198554,HerbaceousVegetation,0.9873504,2.1369133e-06,12,52.0,3.9053844231536265,False
64,16,477200.0,9698980.0,32.794872465100525,-2.723384237969245,Highway,0.6071664,0.026422787,6,26.0,4.465123889508005,False
64,17,477840.0,9698980.0,32.80063040720631,-2.7233852090928874,Forest,0.7175702,0.0004750497,0,0.0,4.774559738793383,False
64,18,478480.0,9698980.0,32.80638835134364,-2.7233861525694314,HerbaceousVegetation,0.9587495,0.00042931037,0,0.0,4.71950186175765,False
64,19,479120.0,9698980.0,32.81214629745385,-2.723387068398829,HerbaceousVegetation,0.62562835,0.017546238,33,142.0,4.365227633997555,False
64,20,479760.0,9698980.0,32.81790424547827,-2.723387956581035,HerbaceousVegetation,0.96766794,0.010505102,2,9.0,3.7345922667039315,False
64,21,480400.0,9698980.0,32.82366219535821,-2.7233888171160032,HerbaceousVegetation,0.9979486,6.926359e-05,2,9.0,3.1077880398176663,False
64,22,481040.0,9698980.0,32.829420147035016,-2.7233896500036927,HerbaceousVegetation,0.54230344,0.027159713,16,69.0,2.487712524055514,False
64,23,481680.0,9698980.0,32.83517810045001,-2.723390455244059,HerbaceousVegetation,0.3966518,0.006042406,0,0.0,1.8810318190428297,False
64,24,482320.0,9698980.0,32.840936055544525,-2.7233912328370624,Forest,0.4892116,0.0015424782,0,0.0,1.3065403959160617,False
64,25,482960.0,9698980.0,32.846694012259874,-2.723391982782664,HerbaceousVegetation,0.59354866,0.022948842,60,258.0,0.8336755412445668,False
64,26,483600.0,9698980.0,32.8524519705374,-2.723392705080824,HerbaceousVegetation,0.9828242,0.0025155605,16,69.0,0.7086480155749705,False
64,27,484240.0,9698980.0,32.858209930318424,-2.723393399731507,Residential,0.6817144,0.6817144,87,374.0,1.0623319217115081,False
64,28,484880.0,9698980.0,32.86396789154428,-2.7233940667346794,River,0.81367624,0.0590046,41,176.0,0.6185546231053896,False
64,29,485520.0,9698980.0,32.86972585415628,-2.723394706090307,SeaLake,0.9661397,0.00011110297,17,73.0,0.49318673018922493,False
64,30,486160.0,9698980.0,32.87548381809576,-2.723395317798355,SeaLake,0.7597157,0.00016432909,0,0.0,0.9607582838073415,False
64,31,486800.0,9698980.0,32.881241783304056,-2.7233959018587948,SeaLake,0.9996643,1.130508e-06,0,0.0,1.5563032509681771,False
64,32,487440.0,9698980.0,32.886999749722484,-2.7233964582715973,SeaLake,0.9999434,1.2469086e-06,0,0.0,2.177223722552142,False
64,33,488080.0,9698980.0,32.892757717292376,-2.723396987036732,SeaLake,0.99949634,8.647077e-06,0,0.0,2.6964440413018917,False
64,34,488720.0,9698980.0,32.898515685955054,-2.7233974881541743,SeaLake,0.9997589,4.461739e-06,0,0.0,2.2891942130239484,False
64,35,489360.0,9698980.0,32.904273655651856,-2.7233979616238986,River,0.37616432,0.07872653,0,0.0,2.007289172494136,False
64,36,490000.0,9698980.0,32.9100316263241,-2.72339840744588,HerbaceousVegetation,0.9979506,4.5954034e-06,2,9.0,1.6062328484676056,False
64,37,490640.0,9698980.0,32.91578959791311,-2.7233988256200967,HerbaceousVegetation,0.99922013,7.251017e-06,0,0.0,1.1606394329823955,False
64,38,491280.0,9698980.0,32.92154757036022,-2.7233992161465275,HerbaceousVegetation,0.98008025,0.0023841,1,4.0,0.9661179137615834,False
64,39,491920.0,9698980.0,32.92730554360676,-2.7233995790251524,HerbaceousVegetation,0.80017865,0.013775143,5,22.0,1.1034637200086592,False
64,40,492560.0,9698980.0,32.93306351759404,-2.7233999142559537,Pasture,0.73987263,0.000491075,4,17.0,1.5148937237647817,False
64,41,493200.0,9698980.0,32.93882149226341,-2.7234002218389146,HerbaceousVegetation,0.5286802,0.0035654907,36,155.0,1.0788036826552316,False
64,42,493840.0,9698980.0,32.944579467556174,-2.723400501774018,HerbaceousVegetation,0.7140538,0.013099358,8,34.0,0.9230015043969604,False
64,43,494480.0,9698980.0,32.95033744341368,-2.7234007540612515,HerbaceousVegetation,0.88978636,0.003446493,30,129.0,1.1658671315924531,False
64,44,495120.0,9698980.0,32.956095419777235,-2.7234009787006017,HerbaceousVegetation,0.9367921,0.014563475,23,99.0,1.6388290209586165,False
64,45,495760.0,9698980.0,32.96185339658818,-2.7234011756920564,HerbaceousVegetation,0.9994843,6.4272026e-06,11,47.0,2.198061635019532,False
64,46,496400.0,9698980.0,32.96761137378783,-2.723401345035607,HerbaceousVegetation,0.9937697,2.5819315e-07,11,47.0,2.7922015225898904,False
64,47,497040.0,9698980.0,32.97336935131753,-2.7234014867312446,HerbaceousVegetation,0.99585646,1.119128e-06,18,77.0,3.403013919184267,False
64,48,497680.0,9698980.0,32.97912732911859,-2.723401600778962,Pasture,0.4185837,0.0135626,2,9.0,3.8431399856264377,False
64,49,498320.0,9698980.0,32.98488530713234,-2.7234016871787525,HerbaceousVegetation,0.93820274,0.008704377,23,99.0,3.8257479978650895,False
64,50,498960.0,9698980.0,32.99064328530011,-2.723401745930613,HerbaceousVegetation,0.9435737,0.003264293,26,112.0,3.9143544215127872,False
64,51,499600.0,9698980.0,32.996401263563214,-2.72340177703454,HerbaceousVegetation,0.9018839,0.029337436,42,181.0,3.494668605457935,False
64,52,500240.0,9698980.0,33.002159241863,-2.723401780490532,HerbaceousVegetation,0.93160695,0.02552863,38,163.0,2.9026152368457674,False
64,53,500880.0,9698980.0,33.007917220140776,-2.7234017562985886,HerbaceousVegetation,0.9959781,0.0005339089,34,146.0,2.3359883913164285,False
64,54,501520.0,9698980.0,33.013675198337886,-2.723401704458712,HerbaceousVegetation,0.9845777,0.0036147155,47,202.0,1.818710618971864,False
64,55,502160.0,9698980.0,33.019433176395644,-2.7234016249709025,HerbaceousVegetation,0.83762544,0.014356051,22,95.0,1.4063338390143807,False
64,56,502800.0,9698980.0,33.02519115425537,-2.7234015178351663,PermanentCrop,0.6125859,0.13382804,56,241.0,1.2112148521021489,False
64,57,503440.0,9698980.0,33.03094913185841,-2.7234013830515087,Residential,0.7565623,0.7565623,34,146.0,1.3324818832347156,False
64,58,504080.0,9698980.0,33.03670710914607,-2.723401220619936,HerbaceousVegetation,0.9057197,0.053858824,34,146.0,1.7038704529231792,False
64,59,504720.0,9698980.0,33.04246508605969,-2.723401030540456,HerbaceousVegetation,0.86204416,0.020011202,10,43.0,2.2022808793477147,False
64,60,505360.0,9698980.0,33.0482230625406,-2.7234008128130784,HerbaceousVegetation,0.75271755,0.00036739805,5,22.0,2.0641273044045545,False
64,61,506000.0,9698980.0,33.05398103853011,-2.723400567437815,HerbaceousVegetation,0.9311632,2.8635257e-05,7,30.0,1.4631562539091143,False
64,62,506640.0,9698980.0,33.05973901396957,-2.7234002944146773,HerbaceousVegetation,0.909803,0.00103444,0,0.0,0.9166411063869496,False
64,63,507280.0,9698980.0,33.065496988800284,-2.72339999374368,HerbaceousVegetation,0.99677676,5.6427336e-07,3,13.0,0.599028891192428,False
64,64,507920.0,9698980.0,33.07125496296359,-2.723399665424837,HerbaceousVegetation,0.99368846,0.0001069574,13,56.0,0.8346498110274562,False
64,65,508560.0,9698980.0,33.07701293640081,-2.7233993094581663,HerbaceousVegetation,0.9992317,1.9295117e-05,4,17.0,1.3614863207587167,False
64,66,509200.0,9698980.0,33.08277090905329,-2.7233989258436853,PermanentCrop,0.43856806,0.29038358,6,26.0,1.9570001778686799,False
64,67,509840.0,9698980.0,33.08852888086232,-2.723398514581413,HerbaceousVegetation,0.78408957,0.0015607191,3,13.0,2.573956951998806,False
64,68,510480.0,9698980.0,33.094286851769255,-2.72339807567137,Highway,0.78230894,0.00012155942,8,34.0,3.199977982003614,False
64,69,511120.0,9698980.0,33.100044821715414,-2.72339760911358,Highway,0.84264344,0.00053419446,40,172.0,3.830621852894496,False
64,70,511760.0,9698980.0,33.10580279064213,-2.7233971149080647,HerbaceousVegetation,0.97377115,0.0021170422,8,34.0,4.463929712085283,False
64,71,512400.0,9698980.0,33.11156075849072,-2.7233965930548503,HerbaceousVegetation,0.9938499,0.00014355643,0,0.0,5.098909017525488,False
64,72,513040.0,9698980.0,33.11731872520251,-2.7233960435539624,HerbaceousVegetation,0.94743824,0.0014638567,14,60.0,5.73500460885322,True
64,73,513680.0,9698980.0,33.12307669071884,-2.723395466405429,HerbaceousVegetation,0.92020154,0.00043369253,2,9.0,5.72387352217131,True
64,74,514320.0,9698980.0,33.12883465498103,-2.72339486160928,HerbaceousVegetation,0.713234,0.005611194,4,17.0,5.225574508321001,True
64,75,514960.0,9698980.0,33.1345926179304,-2.7233942291655446,HerbaceousVegetation,0.47559142,0.0041779643,36,155.0,4.761273966725161,False
64,76,515600.0,9698980.0,33.14035057950829,-2.723393569074257,HerbaceousVegetation,0.5001528,0.23820132,61,262.0,4.341892517142177,False
64,77,516240.0,9698980.0,33.14610853965602,-2.723392881335447,HerbaceousVegetation,0.38891032,0.009790943,3,13.0,3.981649340991206,False
64,78,516880.0,9698980.0,33.151866498314924,-2.723392165949152,HerbaceousVegetation,0.7826621,0.0009453631,27,116.0,3.6978686183822407,False
64,79,517520.0,9698980.0,33.15762445542632,-2.7233914229154084,Residential,0.5908022,0.5908022,8,34.0,3.509149920282213,False
64,80,518160.0,9698980.0,33.16338241093154,-2.723390652234252,HerbaceousVegetation,0.9152516,0.037981715,31,133.0,3.431214654785844,False
64,81,518800.0,9698980.0,33.16914036477191,-2.723389853905723,HerbaceousVegetation,0.9599661,0.011892537,6,26.0,3.470353146422382,False
64,82,519440.0,9698980.0,33.174898316888765,-2.7233890279298603,HerbaceousVegetation,0.98398286,6.237747e-05,12,52.0,3.623317681903488,False
64,83,520080.0,9698980.0,33.180656267223426,-2.723388174306708,HerbaceousVegetation,0.96478456,0.0015996553,9,39.0,3.8772040295946772,False
64,84,520720.0,9698980.0,33.18641421571723,-2.7233872930363066,HerbaceousVegetation,0.9746679,0.0011820478,0,0.0,4.213809576881227,False
64,85,521360.0,9698980.0,33.19217216231148,-2.723386384118702,HerbaceousVegetation,0.9936673,0.00080886565,2,9.0,4.615070011747025,False
65,0,466960.0,9698340.0,32.70274429469736,-2.7291550108074265,HerbaceousVegetation,0.99018157,0.001233743,4,17.0,3.1479775019197547,False
65,1,467600.0,9698340.0,32.70850222384096,-2.7291564272865187,HerbaceousVegetation,0.999438,8.173764e-06,4,17.0,2.701739429000094,False
65,2,468240.0,9698340.0,32.714260155954904,-2.7291578160606025,HerbaceousVegetation,0.9674705,0.0008080042,9,39.0,2.346961766163771,False
65,3,468880.0,9698340.0,32.72001809098053,-2.729159177129606,PermanentCrop,0.8948048,0.00073459715,0,0.0,2.129850492747174,False
65,4,469520.0,9698340.0,32.725776028859165,-2.729160510493464,HerbaceousVegetation,0.873099,0.001754951,4,17.0,2.093680183570594,False
65,5,470160.0,9698340.0,32.73153396953214,-2.7291618161521054,HerbaceousVegetation,0.98939544,0.0006695104,6,26.0,2.2472049974795376,False
65,6,470800.0,9698340.0,32.73729191294077,-2.7291630941054663,HerbaceousVegetation,0.82003176,0.009203889,2,9.0,2.5564748953036527,False
65,7,471440.0,9698340.0,32.7430498590264,-2.7291643443534825,HerbaceousVegetation,0.9649424,0.0011051414,3,13.0,2.9732805921975536,False
65,8,472080.0,9698340.0,32.748807807730344,-2.729165566896089,HerbaceousVegetation,0.9511068,0.008292528,18,77.0,2.896884858155558,False
65,9,472720.0,9698340.0,32.75456575899394,-2.7291667617332265,HerbaceousVegetation,0.98733693,7.895177e-05,21,90.0,2.7097685763649753,False
65,10,473360.0,9698340.0,32.760323712758506,-2.729167928864832,HerbaceousVegetation,0.88688034,0.0022604782,21,90.0,2.66701135983692,False
65,11,474000.0,9698340.0,32.76608166896539,-2.7291690682908487,HerbaceousVegetation,0.92573124,0.0009250088,7,30.0,2.775293398821698,False
65,12,474640.0,9698340.0,32.7718396275559,-2.729170180011218,HerbaceousVegetation,0.95665526,0.00026993596,10,43.0,3.0184031052176254,False
65,13,475280.0,9698340.0,32.777597588471366,-2.729171264025884,HerbaceousVegetation,0.9936319,3.3362103e-05,2,9.0,3.3672631559816524,False
65,14,475920.0,9698340.0,32.78335555165312,-2.729172320334792,HerbaceousVegetation,0.9777052,5.2321157e-05,5,22.0,3.7928043737682584,False
65,15,476560.0,9698340.0,32.789113517042495,-2.729173348937888,HerbaceousVegetation,0.9982516,8.324723e-05,2,9.0,4.272173787864879,False
65,16,477200.0,9698340.0,32.79487148458081,-2.7291743498351213,HerbaceousVegetation,0.9691553,0.00012318189,9,39.0,4.789235088170538,False
65,17,477840.0,9698340.0,32.800629454209385,-2.7291753230264395,HerbaceousVegetation,0.9657331,0.006509541,19,82.0,4.98828222352717,False
65,18,478480.0,9698340.0,32.806387425869566,-2.729176268511796,HerbaceousVegetation,0.8518713,0.0045274696,34,146.0,4.950884513175358,False
65,19,479120.0,9698340.0,32.81214539950266,-2.7291771862911407,HerbaceousVegetation,0.9873471,0.00014889655,19,82.0,4.310919225027131,False
65,20,479760.0,9698340.0,32.817903375050015,-2.729178076364428,HerbaceousVegetation,0.8896171,6.756931e-05,0,0.0,3.670966039970602,False
65,21,480400.0,9698340.0,32.823661352452945,-2.729178938731613,Pasture,0.73416364,0.02873065,3,13.0,3.0310326241276857,False
65,22,481040.0,9698340.0,32.82941933165277,-2.729179773392652,Highway,0.87622845,0.043147523,3,13.0,2.3911348499060625,False
65,23,481680.0,9698340.0,32.83517731259083,-2.729180580347504,HerbaceousVegetation,0.9399168,0.0026910119,35,150.0,1.7513117861603653,False
65,24,482320.0,9698340.0,32.840935295208446,-2.7291813595961267,HerbaceousVegetation,0.6283041,0.04234986,100,430.0,1.111692436896614,False
65,25,482960.0,9698340.0,32.84669327944694,-2.7291821111384813,HerbaceousVegetation,0.60509294,0.15281284,130,559.0,0.473103768915503,False
65,26,483600.0,9698340.0,32.852451265247645,-2.72918283497453,Pasture,0.5246845,0.008017221,46,198.0,0.17605191868018893,False
65,27,484240.0,9698340.0,32.85820925255188,-2.729183531104236,Residential,0.54698735,0.54698735,142,611.0,0.8107782557394457,False
65,28,484880.0,9698340.0,32.86396724130098,-2.729184199527564,HerbaceousVegetation,0.47072852,0.29875088,240,1032.0,0.47083997354202245,False
65,29,485520.0,9698340.0,32.86972523143627,-2.7291848402444803,Residential,0.7449731,0.7449731,369,1587.0,0.28690348508643343,False
65,30,486160.0,9698340.0,32.875483222899064,-2.729185453254953,SeaLake,0.9999566,1.4693187e-07,0,0.0,0.873004546852094,False
65,31,486800.0,9698340.0,32.8812412156307,-2.729186038558951,SeaLake,0.99898976,1.36842855e-05,0,0.0,1.5037154876818017,False
65,32,487440.0,9698340.0,32.88699920957251,-2.7291865961564445,SeaLake,0.999164,1.2373936e-05,0,0.0,2.139949437945628,False
65,33,488080.0,9698340.0,32.8927572046658,-2.729187126047405,SeaLake,0.99933356,1.019917e-05,0,0.0,2.7779141322282617,False
65,34,488720.0,9698340.0,32.89851520085191,-2.7291876282318057,SeaLake,0.9995018,9.304585e-06,0,0.0,2.8444849798000833,False
65,35,489360.0,9698340.0,32.904273198072154,-2.729188102709623,SeaLake,0.56047446,0.0018577089,6,26.0,2.5056552369131664,False
65,36,490000.0,9698340.0,32.91003119626787,-2.72918854948083,HerbaceousVegetation,0.93814266,8.135682e-05,16,69.0,2.055774330068287,False
65,37,490640.0,9698340.0,32.915789195380384,-2.729188968545407,HerbaceousVegetation,0.97759354,0.0001853295,7,30.0,1.7301179225893975,False
65,38,491280.0,9698340.0,32.92154719535101,-2.7291893599033306,HerbaceousVegetation,0.9585003,1.8911105e-05,2,9.0,1.6061157978061202,False
65,39,491920.0,9698340.0,32.92730519612108,-2.729189723554583,HerbaceousVegetation,0.720997,0.0017153252,26,112.0,1.691635064935008,False
65,40,492560.0,9698340.0,32.93306319763192,-2.7291900594991434,Forest,0.6466959,0.006610423,36,155.0,1.2357624654855563,False
65,41,493200.0,9698340.0,32.93882119982485,-2.729190367736997,HerbaceousVegetation,0.9114989,0.004669507,63,271.0,0.6293037919093635,False
65,42,493840.0,9698340.0,32.94457920264121,-2.729190648268128,HerbaceousVegetation,0.9817884,0.0027066222,105,452.0,0.29006491328677797,False
65,43,494480.0,9698340.0,32.950337206022304,-2.7291909010925206,HerbaceousVegetation,0.9303592,0.010735803,55,236.0,0.7690591949444651,False
65,44,495120.0,9698340.0,32.95609520990947,-2.729191126210163,HerbaceousVegetation,0.92135245,0.027968116,28,120.0,1.3849066527160563,False
65,45,495760.0,9698340.0,32.96185321424404,-2.7291913236210448,HerbaceousVegetation,0.8411677,0.00018141847,15,64.0,2.0158573432030735,False
65,46,496400.0,9698340.0,32.96761121896732,-2.729191493325154,HerbaceousVegetation,0.9794653,0.003042442,10,43.0,2.651149791987302,False
65,47,497040.0,9698340.0,32.97336922402065,-2.7291916353224845,HerbaceousVegetation,0.96400493,0.0033906011,33,142.0,3.2882684821898103,False
65,48,497680.0,9698340.0,32.97912722934535,-2.729191749613027,Pasture,0.6967949,0.00058968476,11,47.0,3.207828575749428,False
65,49,498320.0,9698340.0,32.984885234882746,-2.7291918361967773,HerbaceousVegetation,0.99834955,3.2778507e-06,20,86.0,3.1869714409518273,False
65,50,498960.0,9698340.0,32.990643240574165,-2.729191895073729,HerbaceousVegetation,0.9901856,0.00024542763,14,60.0,3.29281183177699,False
65,51,499600.0,9698340.0,32.99640124636093,-2.7291919262438817,HerbaceousVegetation,0.9782103,0.0005262019,18,77.0,3.513919827420441,False
65,52,500240.0,9698340.0,33.00215925218437,-2.729191929707232,HerbaceousVegetation,0.93354154,0.00025590786,5,22.0,3.2220844365375765,False
65,53,500880.0,9698340.0,33.0079172579858,-2.7291919054637805,HerbaceousVegetation,0.7785844,0.001348094,3,13.0,2.7227733411677106,False
65,54,501520.0,9698340.0,33.01367526370656,-2.729191853513528,HerbaceousVegetation,0.84568983,0.004184311,4,17.0,2.294419582066341,False
65,55,502160.0,9698340.0,33.019433269287966,-2.729191773856477,HerbaceousVegetation,0.9164758,0.03407094,268,1152.0,1.9835392029817276,False
65,56,502800.0,9698340.0,33.02519127467134,-2.7291916664926315,PermanentCrop,0.93782043,0.00017713426,23,99.0,1.8503227612936322,False
65,57,503440.0,9698340.0,33.030949279798016,-2.729191531421997,HerbaceousVegetation,0.82343405,0.001405139,6,26.0,1.9318801391797567,False
65,58,504080.0,9698340.0,33.036707284609314,-2.729191368644582,HerbaceousVegetation,0.90587366,0.0018421911,29,125.0,2.204501626979009,False
65,59,504720.0,9698340.0,33.04246528904656,-2.729191178160393,PermanentCrop,0.91116977,0.0003942303,3,13.0,2.608964157390631,False
65,60,505360.0,9698340.0,33.04822329305107,-2.7291909599694395,HerbaceousVegetation,0.87589514,0.0009381191,11,47.0,2.331010474469169,False
65,61,506000.0,9698340.0,33.05398129656419,-2.7291907140717324,HerbaceousVegetation,0.9685686,0.00012757615,7,30.0,1.8203885647437799,False
65,62,506640.0,9698340.0,33.05973929952723,-2.7291904404672853,HerbaceousVegetation,0.986842,1.2529061e-06,0,0.0,1.418879565437059,False
65,63,507280.0,9698340.0,33.06549730188152,-2.729190139156111,HerbaceousVegetation,0.74188894,0.001196234,15,64.0,1.2376687423457844,False
65,64,507920.0,9698340.0,33.071255303568385,-2.7291898101382257,HerbaceousVegetation,0.9884505,0.0005802682,13,56.0,1.3673436328680273,False
65,65,508560.0,9698340.0,33.077013304529146,-2.7291894534136447,PermanentCrop,0.79730594,0.08295368,10,43.0,1.7397221918771033,False
65,66,509200.0,9698340.0,33.08277130470513,-2.7291890689823872,HerbaceousVegetation,0.8322923,0.008318709,24,103.0,2.2367024834507183,False
65,67,509840.0,9698340.0,33.08852930403768,-2.729188656844472,HerbaceousVegetation,0.9260396,0.00160705,31,133.0,2.792533382797697,False
65,68,510480.0,9698340.0,33.09428730246809,-2.72918821699992,HerbaceousVegetation,0.88703954,0.017837554,15,64.0,3.3782906015623477,False
65,69,511120.0,9698340.0,33.100045299937705,-2.7291877494487533,HerbaceousVegetation,0.87018293,0.006094312,22,95.0,3.9807853600978573,False
65,70,511760.0,9698340.0,33.105803296387855,-2.7291872541909963,HerbaceousVegetation,0.7682735,0.051457185,15,64.0,4.593436271217264,False
65,71,512400.0,9698340.0,33.11156129175985,-2.729186731226673,HerbaceousVegetation,0.93091094,0.0013849924,2,9.0,5.21266356791797,True
65,72,513040.0,9698340.0,33.11731928599502,-2.72918618055581,HerbaceousVegetation,0.89839655,0.033676285,21,90.0,5.836374402560569,True
65,73,513680.0,9698340.0,33.123077279034696,-2.729185602178436,HerbaceousVegetation,0.94728804,0.0034095747,0,0.0,6.128810634875275,False
65,74,514320.0,9698340.0,33.12883527082021,-2.72918499609458,HerbaceousVegetation,0.9172879,0.028587189,8,34.0,5.666235138287216,True
65,75,514960.0,9698340.0,33.13459326129288,-2.72918436230427,HerbaceousVegetation,0.9701689,0.000114137896,37,159.0,5.241118343117357,True
65,76,515600.0,9698340.0,33.14035125039402,-2.729183700807542,HerbaceousVegetation,0.9898084,7.1662093e-06,14,60.0,4.863293362605395,False
65,77,516240.0,9698340.0,33.14610923806498,-2.729183011604427,Highway,0.8782713,0.01935644,16,69.0,4.544570736050015,False
65,78,516880.0,9698340.0,33.15186722424706,-2.729182294694961,HerbaceousVegetation,0.5685824,0.0008874718,0,0.0,4.298118660433033,False
65,79,517520.0,9698340.0,33.15762520888161,-2.72918155007918,HerbaceousVegetation,0.8994626,0.00078280916,33,142.0,4.136873803171077,False
65,80,518160.0,9698340.0,33.16338319190995,-2.72918077775712,HerbaceousVegetation,0.98278505,0.0006157887,28,120.0,4.070973557708721,False
65,81,518800.0,9698340.0,33.169141173273395,-2.729179977728822,HerbaceousVegetation,0.98144287,0.00025408037,5,22.0,4.10406435279826,False
65,82,519440.0,9698340.0,33.174899152913284,-2.7291791499943256,HerbaceousVegetation,0.9961044,8.095148e-06,7,30.0,4.234197004748379,False
65,83,520080.0,9698340.0,33.18065713077093,-2.729178294553673,HerbaceousVegetation,0.98689634,0.00020022278,20,86.0,4.453392452741043,False
65,84,520720.0,9698340.0,33.186415106787685,-2.7291774114069067,Highway,0.85043055,5.789871e-05,9,39.0,4.749335153602198,False
65,85,521360.0,9698340.0,33.192173080904844,-2.729176500554072,Highway,0.8205329,0.001040935,0,0.0,5.108704773653725,False
66,0,466960.0,9697700.0,32.702742870791575,-2.7349450810252764,HerbaceousVegetation,0.87312657,0.0008973788,13,56.0,3.603739386512801,False
66,1,467600.0,9697700.0,32.70850082751568,-2.734946500513898,HerbaceousVegetation,0.958439,0.00050810253,2,9.0,3.2212685630857405,False
66,2,468240.0,9697700.0,32.7142587872102,-2.734947892238647,HerbaceousVegetation,0.9792367,0.006157813,5,22.0,2.9300861327178227,False
66,3,468880.0,9697700.0,32.72001674981648,-2.734949256199453,HerbaceousVegetation,0.9896808,6.975703e-05,4,17.0,2.7592459721391456,False
66,4,469520.0,9697700.0,32.725774715275826,-2.7349505923962494,HerbaceousVegetation,0.97178817,0.013647882,11,47.0,2.7314230584782933,False
66,5,470160.0,9697700.0,32.73153268352957,-2.734951900828965,HerbaceousVegetation,0.95713985,0.0005538277,7,30.0,2.8508078704128286,False
66,6,470800.0,9697700.0,32.73729065451906,-2.734953181497536,HerbaceousVegetation,0.9956672,3.7754785e-06,5,22.0,3.1004417594317975,False
66,7,471440.0,9697700.0,32.74304862818559,-2.734954434401898,HerbaceousVegetation,0.9835095,0.00023209582,16,69.0,3.452183757167245,False
66,8,472080.0,9697700.0,32.74880660447051,-2.7349556595419866,HerbaceousVegetation,0.92031157,4.123616e-05,8,34.0,3.494364500523623,False
66,9,472720.0,9697700.0,32.75456458331514,-2.7349568569177403,HerbaceousVegetation,0.9588803,3.1301635e-05,3,13.0,3.340881188932618,False
66,10,473360.0,9697700.0,32.7603225646608,-2.7349580265290987,HerbaceousVegetation,0.912976,0.0011745644,12,52.0,3.306295657470447,False
66,11,474000.0,9697700.0,32.76608054844883,-2.7349591683760024,HerbaceousVegetation,0.7705195,0.0015675033,3,13.0,3.394244368140286,False
66,12,474640.0,9697700.0,32.77183853462054,-2.7349602824583936,HerbaceousVegetation,0.74705213,0.003542181,14,60.0,3.5957473057343954,False
66,13,475280.0,9697700.0,32.777596523117275,-2.7349613687762173,HerbaceousVegetation,0.98976576,3.788344e-05,2,9.0,3.8932123680503583,False
66,14,475920.0,9697700.0,32.78335451388035,-2.734962427329417,HerbaceousVegetation,0.9981768,1.5066176e-05,1,4.0,4.011612521916454,False
66,15,476560.0,9697700.0,32.78911250685108,-2.7349634581179405,HerbaceousVegetation,0.99931157,5.276659e-05,1,4.0,4.044298444232238,False
66,16,477200.0,9697700.0,32.79487050197082,-2.7349644611417347,HerbaceousVegetation,0.989345,0.0008776921,10,43.0,4.175986684131273,False
66,17,477840.0,9697700.0,32.80062849918087,-2.734965436400749,HerbaceousVegetation,0.97779614,0.0018026604,5,22.0,4.397792590159762,False
66,18,478480.0,9697700.0,32.80638649842257,-2.734966383894936,HerbaceousVegetation,0.9417568,0.006939974,120,516.0,4.696966525970407,False
66,19,479120.0,9697700.0,32.81214449963723,-2.734967303624245,HerbaceousVegetation,0.9580227,0.01219228,64,275.0,4.351096049594993,False
66,20,479760.0,9697700.0,32.81790250276619,-2.734968195588632,Pasture,0.5861253,0.03341151,63,271.0,3.718064541493339,False
66,21,480400.0,9697700.0,32.823660507750766,-2.734969059788049,Pasture,0.99197996,8.809894e-05,0,0.0,3.0879072260382103,False
66,22,481040.0,9697700.0,32.82941851453229,-2.734969896222456,HerbaceousVegetation,0.77095187,0.0010246154,0,0.0,2.4628313256347703,False
66,23,481680.0,9697700.0,32.83517652305209,-2.734970704891808,HerbaceousVegetation,0.8227683,0.0018618242,18,77.0,1.848000335615998,False
66,24,482320.0,9697700.0,32.840934533251485,-2.734971485796066,HerbaceousVegetation,0.88108265,0.0011407211,31,133.0,1.2585199014500184,False
66,25,482960.0,9697700.0,32.84669254507179,-2.734972238935188,HerbaceousVegetation,0.7669185,0.0023807844,3,13.0,0.7562006640136506,False
66,26,483600.0,9697700.0,32.85245055845435,-2.734972964309139,HerbaceousVegetation,0.8083844,6.3164756e-05,14,60.0,0.6156350754819029,False
66,27,484240.0,9697700.0,32.858208573340484,-2.7349736619178806,HerbaceousVegetation,0.8348873,0.0031296825,0,0.0,1.0026832241902377,False
66,28,484880.0,9697700.0,32.863966589671506,-2.734974331761378,HerbaceousVegetation,0.8830583,0.0011360649,4,17.0,0.9380675559921334,False
66,29,485520.0,9697700.0,32.86972460738875,-2.734974973839597,HerbaceousVegetation,0.9848828,0.00016813858,22,95.0,0.8605777528351191,False
66,30,486160.0,9697700.0,32.87548262643353,-2.7349755881525053,SeaLake,0.99951935,6.9248075e-05,0,0.0,1.1918126521162762,False
66,31,486800.0,9697700.0,32.88124064674719,-2.734976174700072,SeaLake,0.9992385,1.0876747e-05,0,0.0,1.7086370962887705,False
66,32,487440.0,9697700.0,32.88699866827104,-2.7349767334822683,SeaLake,0.9992724,1.0479082e-05,0,0.0,2.288594340612554,False
66,33,488080.0,9697700.0,32.892756690946406,-2.734977264499064,SeaLake,0.9996702,5.1117813e-06,0,0.0,2.8939743234786133,False
66,34,488720.0,9697700.0,32.898514714714615,-2.734977767750434,SeaLake,0.9998565,2.6459204e-06,0,0.0,3.4080833864570264,False
66,35,489360.0,9697700.0,32.90427273951699,-2.7349782432363523,SeaLake,0.99580836,0.00011565168,0,0.0,2.956980266917879,False
66,36,490000.0,9697700.0,32.910030765294856,-2.734978690956795,SeaLake,0.9417027,7.9485486e-05,7,30.0,2.5868189400959376,False
66,37,490640.0,9697700.0,32.915788791989534,-2.7349791109117394,HerbaceousVegetation,0.8950537,0.01055458,6,26.0,2.3363929803730383,False
66,38,491280.0,9697700.0,32.92154681954235,-2.7349795031011634,HerbaceousVegetation,0.9596701,0.0008630098,19,82.0,2.246114887674659,False
66,39,491920.0,9697700.0,32.92730484789463,-2.7349798675250487,HerbaceousVegetation,0.9831441,0.00615384,13,56.0,1.8785101427714976,False
66,40,492560.0,9697700.0,32.9330628769877,-2.734980204183376,HerbaceousVegetation,0.79195005,0.007298134,18,77.0,1.2563895685271964,False
66,41,493200.0,9697700.0,32.93882090676287,-2.734980513076129,HerbaceousVegetation,0.9837044,0.0001415998,49,211.0,0.6689014421516203,False
66,42,493840.0,9697700.0,32.94457893716148,-2.734980794203292,HerbaceousVegetation,0.9034576,0.0026621402,75,322.0,0.3681623700503352,False
66,43,494480.0,9697700.0,32.95033696812486,-2.734981047564849,HerbaceousVegetation,0.98508656,0.00057312334,17,73.0,0.8017842116989101,False
66,44,495120.0,9697700.0,32.95609499959431,-2.734981273160789,HerbaceousVegetation,0.9182644,0.002512911,42,181.0,1.403343262904057,False
66,45,495760.0,9697700.0,32.96185303151116,-2.734981470991101,HerbaceousVegetation,0.29220587,0.021992147,18,77.0,2.028567648600058,False
66,46,496400.0,9697700.0,32.967611063816754,-2.734981641055773,HerbaceousVegetation,0.9777053,6.343704e-05,14,60.0,2.6608271451477887,False
66,47,497040.0,9697700.0,32.973369096452394,-2.7349817833547982,HerbaceousVegetation,0.976849,5.301112e-05,17,73.0,2.7536122820071203,False
66,48,497680.0,9697700.0,32.97912712935942,-2.734981897888169,HerbaceousVegetation,0.9800795,9.117876e-05,11,47.0,2.574840459847644,False
66,49,498320.0,9697700.0,32.98488516247914,-2.7349819846558803,HerbaceousVegetation,0.9711602,0.0007319102,9,39.0,2.548808778177836,False
66,50,498960.0,9697700.0,32.99064319575288,-2.7349820436579257,HerbaceousVegetation,0.8023909,0.0011100594,20,86.0,2.679971824807933,False
66,51,499600.0,9697700.0,32.99640122912198,-2.7349820748943032,Forest,0.56438756,0.0021507104,0,0.0,2.9474178149377344,False
66,52,500240.0,9697700.0,33.00215926252774,-2.7349820783650123,HerbaceousVegetation,0.56116986,0.00088192476,14,60.0,3.3183572095029636,False
66,53,500880.0,9697700.0,33.00791729591151,-2.734982054070051,HerbaceousVegetation,0.80137414,0.0026320561,45,194.0,3.1920757463415614,False
66,54,501520.0,9697700.0,33.01367532921459,-2.7349820020094224,HerbaceousVegetation,0.9463782,0.001495257,57,245.0,2.8355271329292444,False
66,55,502160.0,9697700.0,33.01943336237832,-2.7349819221831275,HerbaceousVegetation,0.860447,0.030286621,125,538.0,2.590420945092486,False
66,56,502800.0,9697700.0,33.02519139534402,-2.734981814591172,HerbaceousVegetation,0.99935526,3.1520399e-06,34,146.0,2.489888998322968,False
66,57,503440.0,9697700.0,33.030949428053006,-2.73498167923356,PermanentCrop,0.4671221,0.17276289,22,95.0,2.551080903296808,False
66,58,504080.0,9697700.0,33.03670746044661,-2.734981516110298,HerbaceousVegetation,0.9417503,0.002450679,15,64.0,2.763273480197275,False
66,59,504720.0,9697700.0,33.04246549246615,-2.734981325221395,HerbaceousVegetation,0.41643986,0.05252741,17,73.0,3.0955689101613397,False
66,60,505360.0,9697700.0,33.04822352405295,-2.734981106566861,PermanentCrop,0.57843584,0.055477764,3,13.0,2.7250317677747438,False
66,61,506000.0,9697700.0,33.05398155514834,-2.7349808601467065,HerbaceousVegetation,0.9991744,4.1268253e-05,30,129.0,2.3034762490519594,False
66,62,506640.0,9697700.0,33.05973958569365,-2.734980585960944,HerbaceousVegetation,0.76735705,0.0011421413,20,86.0,2.0013514245407835,False
66,63,507280.0,9697700.0,33.06549761563018,-2.734980284009588,HerbaceousVegetation,0.9973092,5.893396e-05,11,47.0,1.877235259384492,False
66,64,507920.0,9697700.0,33.07125564489928,-2.734979954292652,HerbaceousVegetation,0.9597747,8.46466e-05,7,30.0,1.9651506083863648,False
66,65,508560.0,9697700.0,33.07701367344225,-2.7349795968101547,HerbaceousVegetation,0.97682524,0.0001039472,10,43.0,2.240272663808189,False
66,66,509200.0,9697700.0,33.08277170120044,-2.7349792115621137,HerbaceousVegetation,0.99679106,5.1265353e-05,7,30.0,2.6448112036157094,False
66,67,509840.0,9697700.0,33.088529728115155,-2.7349787985485468,HerbaceousVegetation,0.9574373,0.0031800643,2,9.0,3.128966442347395,False
66,68,510480.0,9697700.0,33.09428775412772,-2.734978357769478,HerbaceousVegetation,0.9774181,0.0008789743,17,73.0,3.661288802034204,False
66,69,511120.0,9697700.0,33.10004577917947,-2.7349778892249264,HerbaceousVegetation,0.7686768,0.025631027,35,150.0,4.22360514092712,False
66,70,511760.0,9697700.0,33.10580380321172,-2.734977392914916,HerbaceousVegetation,0.6438215,0.0007950497,63,271.0,4.805397494591985,False
66,71,512400.0,9697700.0,33.1115618261658,-2.734976868839474,Pasture,0.47144067,0.13566415,13,56.0,5.400374966203353,True
66,72,513040.0,9697700.0,33.117319847983026,-2.7349763169986256,HerbaceousVegetation,0.89643764,0.07299139,14,60.0,6.004619427587465,True
66,73,513680.0,9697700.0,33.12307786860473,-2.734975737392399,HerbaceousVegetation,0.9051598,0.068786606,5,22.0,6.571233635970246,True
66,74,514320.0,9697700.0,33.12883588797224,-2.734975130020823,HerbaceousVegetation,0.675686,0.07535091,105,452.0,6.14206906039872,True
66,75,514960.0,9697700.0,33.134593906026865,-2.7349744948839283,HerbaceousVegetation,0.86402464,0.018794697,94,404.0,5.752226802457261,True
66,76,515600.0,9697700.0,33.14035192270995,-2.734973831981748,HerbaceousVegetation,0.8386664,0.07555661,2,9.0,5.410213861864258,True
66,77,516240.0,9697700.0,33.1461099379628,-2.7349731413143146,HerbaceousVegetation,0.99806696,2.7508524e-05,17,73.0,5.12561360963823,True
66,78,516880.0,9697700.0,33.15186795172675,-2.7349724228816625,Highway,0.8221786,0.009273516,15,64.0,4.908422936087427,False
66,79,517520.0,9697700.0,33.157625963943126,-2.7349716766838297,HerbaceousVegetation,0.80479294,9.046079e-05,0,0.0,4.767862892713002,False
66,80,518160.0,9697700.0,33.16338397455325,-2.7349709027208515,Pasture,0.47500876,0.009666554,11,47.0,4.710797958723137,False
66,81,518800.0,9697700.0,33.16914198349844,-2.7349701009927694,River,0.97992086,6.641893e-05,35,150.0,4.739465947017141,False
66,82,519440.0,9697700.0,33.17489999072004,-2.7349692714996228,Highway,0.9837024,9.471623e-06,7,30.0,4.852588744788273,False
66,83,520080.0,9697700.0,33.180657996159354,-2.734968414241454,HerbaceousVegetation,0.9671725,0.006806281,19,82.0,5.04498737254679,True
66,84,520720.0,9697700.0,33.18641599975772,-2.7349675292183053,HerbaceousVegetation,0.9926346,0.0018265172,23,99.0,5.308048384506993,True
66,85,521360.0,9697700.0,33.192174001456465,-2.734966616430221,HerbaceousVegetation,0.96732014,0.00070601277,2,9.0,5.6318787021186845,True
67,0,466960.0,9697060.0,32.702741443856695,-2.7407351506823048,HerbaceousVegetation,0.9517138,0.0056442153,7,30.0,3.7110346828791942,False
67,1,467600.0,9697060.0,32.70849942821998,-2.740736573180484,HerbaceousVegetation,0.92075527,0.00012888991,2,9.0,3.7615505931688187,False
67,2,468240.0,9697060.0,32.71425741555375,-2.7407379678559254,HerbaceousVegetation,0.8918317,0.0024009573,7,30.0,3.5329562633092424,False
67,3,468880.0,9697060.0,32.720015405799344,-2.740739334708561,HerbaceousVegetation,0.97432333,2.2957316e-05,9,39.0,3.392611611734656,False
67,4,469520.0,9697060.0,32.72577339889808,-2.740740673738321,HerbaceousVegetation,0.9976896,0.00034304103,5,22.0,3.3700218304482292,False
67,5,470160.0,9697060.0,32.73153139479128,-2.740741984945137,HerbaceousVegetation,0.89396393,0.0001142109,2,9.0,3.4674891099062517,False
67,6,470800.0,9697060.0,32.73728939342028,-2.740743268328943,HerbaceousVegetation,0.98032767,0.00040227632,8,34.0,3.6754747063392044,False
67,7,471440.0,9697060.0,32.7430473947264,-2.7407445238896746,HerbaceousVegetation,0.89601535,0.06433872,13,56.0,3.97667548419029,False
67,8,472080.0,9697060.0,32.748805398650966,-2.740745751627269,HerbaceousVegetation,0.98477954,0.0008442128,25,108.0,4.10468325740592,False
67,9,472720.0,9697060.0,32.75456340513529,-2.7407469515416625,HerbaceousVegetation,0.9931519,0.0005734649,12,52.0,3.9748369148523044,False
67,10,473360.0,9697060.0,32.760321414120725,-2.740748123632795,HerbaceousVegetation,0.99464875,0.00043202375,5,22.0,3.9458120020746934,False
67,11,474000.0,9697060.0,32.766079425548575,-2.740749267900609,HerbaceousVegetation,0.9909443,0.00019586353,2,9.0,3.936382922231604,False
67,12,474640.0,9697060.0,32.77183743936017,-2.740750384345044,HerbaceousVegetation,0.9804937,0.00026019188,11,47.0,3.647029666791734,False
67,13,475280.0,9697060.0,32.77759545549684,-2.7407514729660467,HerbaceousVegetation,0.98181146,0.00016579551,3,13.0,3.4533665126194517,False
67,14,475920.0,9697060.0,32.7833534738999,-2.7407525337635588,HerbaceousVegetation,0.99973637,1.0812004e-06,6,26.0,3.3719215813099566,False
67,15,476560.0,9697060.0,32.789111494510685,-2.740753566737529,HerbaceousVegetation,0.98190147,0.00013254044,6,26.0,3.4107433252190416,False
67,16,477200.0,9697060.0,32.794869517270506,-2.7407545718879045,HerbaceousVegetation,0.77721685,0.00083272887,1,4.0,3.565905903210102,False
67,17,477840.0,9697060.0,32.80062754212071,-2.7407555492146343,HerbaceousVegetation,0.97018427,0.011622342,0,0.0,3.8232708235973893,False
67,18,478480.0,9697060.0,32.80638556900259,-2.7407564987176687,HerbaceousVegetation,0.72880816,0.15120558,8,34.0,4.163930195211426,False
67,19,479120.0,9697060.0,32.8121435978575,-2.7407574203969607,HerbaceousVegetation,0.9945239,0.0002482205,22,95.0,4.483218609536433,False
67,20,479760.0,9697060.0,32.817901628626736,-2.740758314252463,HerbaceousVegetation,0.9484055,0.0024531297,10,43.0,3.8718491968054107,False
67,21,480400.0,9697060.0,32.82365966125165,-2.740759180284132,HerbaceousVegetation,0.9164108,0.008263073,11,47.0,3.2714497252306396,False
67,22,481040.0,9697060.0,32.82941769567354,-2.7407600184919207,Pasture,0.7134965,0.0049542245,2,9.0,2.689377326932863,False
67,23,481680.0,9697060.0,32.83517573183376,-2.7407608288757896,HerbaceousVegetation,0.93709326,0.0001111272,0,0.0,2.1406348377361035,False
67,24,482320.0,9697060.0,32.840933769673605,-2.7407616114356963,HerbaceousVegetation,0.92037684,0.00042665398,2,9.0,1.6586393852909669,False
67,25,482960.0,9697060.0,32.8466918091344,-2.740762366171602,HerbaceousVegetation,0.5358386,0.00026961378,1,4.0,1.318731099332733,False
67,26,483600.0,9697060.0,32.85244985015749,-2.7407630930834688,Pasture,0.8669058,0.00027617443,2,9.0,1.2434704718071277,False
67,27,484240.0,9697060.0,32.858207892684185,-2.74076379217126,Pasture,0.69049865,0.004147012,0,0.0,1.4739694420730585,False
67,28,484880.0,9697060.0,32.8639659366558,-2.740764463434939,HerbaceousVegetation,0.9437097,0.00050891325,0,0.0,1.535399361249397,False
67,29,485520.0,9697060.0,32.86972398201368,-2.740765106874474,HerbaceousVegetation,0.9164197,0.00084216223,0,0.0,1.4893201561768863,False
67,30,486160.0,9697060.0,32.87548202869913,-2.7407657224898294,SeaLake,0.98905736,0.00051009556,2,9.0,1.7023213141661695,False
67,31,486800.0,9697060.0,32.881240076653484,-2.740766310280977,SeaLake,0.99940646,1.0721528e-05,0,0.0,2.096883684359751,False
67,32,487440.0,9697060.0,32.88699812581806,-2.7407668702478856,SeaLake,0.999997,1.8138377e-07,0,0.0,2.5913595880934417,False
67,33,488080.0,9697060.0,32.89275617613417,-2.740767402390528,SeaLake,0.99968344,4.2926254e-06,0,0.0,3.138880030181705,False
67,34,488720.0,9697060.0,32.89851422754316,-2.7407679067088764,SeaLake,0.9997957,3.6469405e-06,0,0.0,3.716072008578842,False
67,35,489360.0,9697060.0,32.90427227998633,-2.740768383202906,SeaLake,0.9999832,1.6235213e-06,0,0.0,3.4681920984301153,False
67,36,490000.0,9697060.0,32.91003033340502,-2.740768831872592,SeaLake,0.9992508,2.9694804e-05,0,0.0,3.1585212301820014,False
67,37,490640.0,9697060.0,32.91578838774055,-2.740769252717912,SeaLake,0.6684231,0.007975402,2,9.0,2.9569166865854988,False
67,38,491280.0,9697060.0,32.92154644293423,-2.740769645738845,HerbaceousVegetation,0.9511458,0.0002491466,36,155.0,2.6774786351879345,False
67,39,491920.0,9697060.0,32.9273044989274,-2.7407700109353703,HerbaceousVegetation,0.9874444,3.5493555e-05,1,4.0,2.0974761579804446,False
67,40,492560.0,9697060.0,32.933062555661365,-2.7407703483074712,HerbaceousVegetation,0.44920933,0.0008818562,4,17.0,1.5649666529050925,False
67,41,493200.0,9697060.0,32.93882061307746,-2.7407706578551285,HerbaceousVegetation,0.79827505,0.0023992094,6,26.0,1.1480570613491,False
67,42,493840.0,9697060.0,32.94457867111701,-2.740770939578328,HerbaceousVegetation,0.9080822,0.0021293033,53,228.0,1.0030699913376404,False
67,43,494480.0,9697060.0,32.95033672972132,-2.740771193477056,HerbaceousVegetation,0.9837214,0.0013179819,5,22.0,1.2302291652089283,False
67,44,495120.0,9697060.0,32.956094788831734,-2.7407714195512973,HerbaceousVegetation,0.9898683,0.00021767226,26,112.0,1.685223483796502,False
67,45,495760.0,9697060.0,32.96185284838957,-2.740771617801043,HerbaceousVegetation,0.88670456,0.00088166585,16,69.0,2.232866449599658,False
67,46,496400.0,9697060.0,32.96761090833614,-2.7407717882262816,HerbaceousVegetation,0.9639747,0.00026313955,6,26.0,2.5520574107661296,False
67,47,497040.0,9697060.0,32.97336896861277,-2.740771930827005,HerbaceousVegetation,0.9456387,0.0011857685,13,56.0,2.1774342290627953,False
67,48,497680.0,9697060.0,32.97912702916078,-2.7407720456032063,HerbaceousVegetation,0.69619304,0.01774635,21,90.0,1.9464435814947874,False
67,49,498320.0,9697060.0,32.9848850899215,-2.740772132554879,HerbaceousVegetation,0.9356869,0.0009914839,18,77.0,1.9118748416123428,False
67,50,498960.0,9697060.0,32.99064315083625,-2.74077219168202,HerbaceousVegetation,0.8296026,0.032038704,20,86.0,2.083527826557204,False
67,51,499600.0,9697060.0,32.99640121184635,-2.7407722229846234,HerbaceousVegetation,0.8064609,0.0034827034,10,43.0,2.4178732386306265,False
67,52,500240.0,9697060.0,33.002159272893124,-2.74077222646269,Pasture,0.4710797,0.006815467,19,82.0,2.858379574537665,False
67,53,500880.0,9697060.0,33.00791733391789,-2.740772202116221,HerbaceousVegetation,0.76889795,0.0018875765,53,228.0,3.3635928092119127,False
67,54,501520.0,9697060.0,33.013675394861984,-2.740772149945214,HerbaceousVegetation,0.95538825,0.0032723888,17,73.0,3.411050721491313,False
67,55,502160.0,9697060.0,33.01943345566671,-2.740772069949674,HerbaceousVegetation,0.8362847,0.0022655816,8,34.0,3.2101921400100504,False
67,56,502800.0,9697060.0,33.025191516273395,-2.740771962129605,HerbaceousVegetation,0.99028605,0.0014437455,14,60.0,3.129632586579168,False
67,57,503440.0,9697060.0,33.03094957662337,-2.740771826485011,HerbaceousVegetation,0.9845318,0.00030301744,24,103.0,3.1785321578008485,False
67,58,504080.0,9697060.0,33.03670763665796,-2.740771663015901,PermanentCrop,0.86941093,0.0026874146,60,258.0,3.1471668770409127,False
67,59,504720.0,9697060.0,33.04246569631847,-2.7407714717222813,HerbaceousVegetation,0.95471525,0.0002799937,34,146.0,3.0955019110104054,False
67,60,505360.0,9697060.0,33.048223755546246,-2.740771252604162,HerbaceousVegetation,0.9262784,0.002391575,20,86.0,3.1747133429956618,False
67,61,506000.0,9697060.0,33.05398181428259,-2.740771005661555,HerbaceousVegetation,0.98071194,0.000103025115,7,30.0,2.8491035666053017,False
67,62,506640.0,9697060.0,33.059739872468825,-2.7407707308944715,HerbaceousVegetation,0.98353463,0.00056042755,5,22.0,2.6108994288957184,False
67,63,507280.0,9697060.0,33.065497930046284,-2.740770428302928,HerbaceousVegetation,0.91228527,0.0013585448,4,17.0,2.5170221537310566,False
67,64,507920.0,9697060.0,33.07125598695629,-2.740770097886936,HerbaceousVegetation,0.97013557,0.00015314775,0,0.0,2.583254771976211,False
67,65,508560.0,9697060.0,33.07701404314015,-2.740769739646515,HerbaceousVegetation,0.98173827,0.009329835,6,26.0,2.798251223800823,False
67,66,509200.0,9697060.0,33.08277209853921,-2.7407693535816824,HerbaceousVegetation,0.99036986,0.0010671276,9,39.0,3.131519536274322,False
67,67,509840.0,9697060.0,33.08853015309477,-2.740768939692457,HerbaceousVegetation,0.89908534,0.0047927303,28,120.0,3.549904125555038,False
67,68,510480.0,9697060.0,33.09428820674817,-2.74076849797886,HerbaceousVegetation,0.94038165,0.00021676713,21,90.0,4.026962129843987,False
67,69,511120.0,9697060.0,33.100046259440724,-2.7407680284409146,Pasture,0.7128338,0.0031674341,6,26.0,4.544252269599759,False
67,70,511760.0,9697060.0,33.105804311113765,-2.740767531078644,HerbaceousVegetation,0.95329297,0.00872755,71,305.0,5.089521920998818,True
67,71,512400.0,9697060.0,33.11156236170859,-2.740767005892073,HerbaceousVegetation,0.550548,0.011398891,36,155.0,5.654682845119824,True
67,72,513040.0,9697060.0,33.11732041116656,-2.7407664528812274,HerbaceousVegetation,0.710373,0.007291596,34,146.0,6.234327772379102,True
67,73,513680.0,9697060.0,33.12307845942896,-2.7407658720461376,HerbaceousVegetation,0.569473,0.0045589367,69,297.0,6.464076419048427,True
67,74,514320.0,9697060.0,33.12883650643714,-2.7407652633868302,HerbaceousVegetation,0.9881562,0.008790985,37,159.0,6.645525114169209,True
67,75,514960.0,9697060.0,33.134594552132405,-2.740764626903337,HerbaceousVegetation,0.8492879,0.02077636,28,120.0,6.286978995292904,True
67,76,515600.0,9697060.0,33.1403525964561,-2.7407639625956914,HerbaceousVegetation,0.9730368,0.00031168608,7,30.0,5.97565107176236,True
67,77,516240.0,9697060.0,33.14611063934952,-2.7407632704639253,HerbaceousVegetation,0.94455075,0.00022155013,13,56.0,5.7192575196134605,True
67,78,516880.0,9697060.0,33.151868680754006,-2.740762550508074,HerbaceousVegetation,0.64955693,0.005996144,20,86.0,5.525450879327007,True
67,79,517520.0,9697060.0,33.15762672061089,-2.7407618027281746,Pasture,0.9312411,0.012434097,30,129.0,5.400972899770565,True
67,80,518160.0,9697060.0,33.16338475886148,-2.7407610271242646,HerbaceousVegetation,0.4892963,0.032331567,0,0.0,5.3506643613907,False
67,81,518800.0,9697060.0,33.169142795447094,-2.740760223696382,HerbaceousVegetation,0.98434883,0.00016925983,10,43.0,5.375958585588319,True
67,82,519440.0,9697060.0,33.17490083030907,-2.740759392444569,HerbaceousVegetation,0.6152418,0.015384783,0,0.0,5.475948390650838,False
67,83,520080.0,9697060.0,33.18065886338873,-2.740758533368866,HerbaceousVegetation,0.9818202,0.0009414674,0,0.0,5.647148912520568,False
67,84,520720.0,9697060.0,33.186416894627385,-2.7407576464693184,HerbaceousVegetation,0.7382389,0.054822,32,138.0,5.883346913389773,True
67,85,521360.0,9697060.0,33.19217492396638,-2.7407567317459693,HerbaceousVegetation,0.98624355,0.00054066966,33,142.0,6.1770908173997015,True
68,0,466960.0,9696420.0,32.70274001389265,-2.7465252197773284,HerbaceousVegetation,0.981461,0.00029161375,1,4.0,3.071052358912662,False
68,1,467600.0,9696420.0,32.70849802595379,-2.746526645285092,HerbaceousVegetation,0.853572,0.0005151152,1,4.0,3.1319078911454965,False
68,2,468240.0,9696420.0,32.71425604098548,-2.7465280429112537,HerbaceousVegetation,0.9845887,1.1209177e-05,0,0.0,3.317458588446258,False
68,3,468880.0,9696420.0,32.720014058929074,-2.7465294126557454,HerbaceousVegetation,0.85752004,0.009317732,0,0.0,3.608519908978229,False
68,4,469520.0,9696420.0,32.72577207972587,-2.746530754518495,HerbaceousVegetation,0.9797742,0.007821731,4,17.0,3.982022147217247,False
68,5,470160.0,9696420.0,32.7315301033172,-2.746532068499436,HerbaceousVegetation,0.8996472,0.0006822262,6,26.0,4.0913391378165125,False
68,6,470800.0,9696420.0,32.73728812964439,-2.746533354598503,HerbaceousVegetation,0.92244387,0.00078071427,3,13.0,4.269038478422276,False
68,7,471440.0,9696420.0,32.74304615864877,-2.7465346128156285,HerbaceousVegetation,0.9437409,6.861867e-05,1,4.0,4.530951679269025,False
68,8,472080.0,9696420.0,32.74880419027165,-2.746535843150751,HerbaceousVegetation,0.9856464,5.1761992e-05,2,9.0,4.722866293336837,False
68,9,472720.0,9696420.0,32.75456222445436,-2.746537045603809,HerbaceousVegetation,0.9572463,0.0022699141,17,73.0,4.2938678222435716,False
68,10,473360.0,9696420.0,32.76032026113823,-2.7465382201747395,HerbaceousVegetation,0.9937491,4.6261994e-05,10,43.0,3.8215985863145234,False
68,11,474000.0,9696420.0,32.76607830026458,-2.7465393668634848,HerbaceousVegetation,0.9119777,0.0029328659,12,52.0,3.4045749565758676,False
68,12,474640.0,9696420.0,32.77183634177473,-2.7465404856699864,HerbaceousVegetation,0.9959431,5.551045e-05,14,60.0,3.0654274603986273,False
68,13,475280.0,9696420.0,32.77759438561001,-2.746541576594188,HerbaceousVegetation,0.9811974,4.2404987e-05,0,0.0,2.832271243187768,False
68,14,475920.0,9696420.0,32.78335243171174,-2.7465426396360333,HerbaceousVegetation,0.9402429,0.0028202685,12,52.0,2.732375390573336,False
68,15,476560.0,9696420.0,32.78911048002124,-2.746543674795471,HerbaceousVegetation,0.90314037,0.00061202585,3,13.0,2.7801421105823345,False
68,16,477200.0,9696420.0,32.79486853047983,-2.7465446820724466,HerbaceousVegetation,0.92754525,0.0002868001,0,0.0,2.968451622488668,False
68,17,477840.0,9696420.0,32.80062658302885,-2.746545661466911,HerbaceousVegetation,0.8406728,0.0009281385,0,0.0,3.2731360978544735,False
68,18,478480.0,9696420.0,32.806384637609604,-2.746546612978812,HerbaceousVegetation,0.91958594,0.048058994,4,17.0,3.665287818862308,False
68,19,479120.0,9696420.0,32.81214269416342,-2.7465475366081047,Pasture,0.5415659,0.0011480295,6,26.0,4.120006028529913,False
68,20,479760.0,9696420.0,32.81790075263162,-2.746548432354741,HerbaceousVegetation,0.8157049,0.0012714716,0,0.0,4.120391786092111,False
68,21,480400.0,9696420.0,32.823658812955536,-2.746549300218675,HerbaceousVegetation,0.72006756,0.00029871723,5,22.0,3.562133570320498,False
68,22,481040.0,9696420.0,32.82941687507648,-2.746550140199864,PermanentCrop,0.49689993,0.003818202,5,22.0,3.0363074078085672,False
68,23,481680.0,9696420.0,32.835174938935786,-2.746550952298265,HerbaceousVegetation,0.99833316,3.628036e-07,0,0.0,2.5629533309489085,False
68,24,482320.0,9696420.0,32.84093300447476,-2.746551736513837,Pasture,0.814404,0.06148012,0,0.0,2.1765791689095595,False
68,25,482960.0,9696420.0,32.84669107163473,-2.7465524928465403,PermanentCrop,0.34545243,0.004328504,0,0.0,1.930146103392163,False
68,26,483600.0,9696420.0,32.852449140357024,-2.7465532212963377,Pasture,0.9817683,0.00022315329,7,30.0,1.8795294842988957,False
68,27,484240.0,9696420.0,32.85820721058296,-2.746553921863191,Pasture,0.62193996,9.16837e-05,0,0.0,2.039362200360151,False
68,28,484880.0,9696420.0,32.86396528225386,-2.746554594547065,HerbaceousVegetation,0.9517008,0.00095438235,0,0.0,2.1573436577061753,False
68,29,485520.0,9696420.0,32.869723355311045,-2.746555239347927,Pasture,0.9972295,2.3620092e-05,4,17.0,2.1247952810835087,False
68,30,486160.0,9696420.0,32.87548142969583,-2.7465558562657435,River,0.89281446,0.00578381,6,26.0,2.279161757222255,False
68,31,486800.0,9696420.0,32.881239505349555,-2.7465564453004827,SeaLake,0.9999975,4.1965404e-08,0,0.0,2.5871995757293496,False
68,32,487440.0,9696420.0,32.88699758221353,-2.746557006452116,SeaLake,0.99979424,3.5587732e-06,0,0.0,3.001970182017772,False
68,33,488080.0,9696420.0,32.89275566022907,-2.746557539720614,SeaLake,0.99970776,4.9664072e-06,0,0.0,3.4855771835943474,False
68,34,488720.0,9696420.0,32.89851373933751,-2.746558045105951,SeaLake,0.9873175,0.00077995757,0,0.0,4.013212133922551,False
68,35,489360.0,9696420.0,32.904271819480165,-2.7465585226081,SeaLake,0.99975604,5.867643e-06,0,0.0,4.016488586350576,False
68,36,490000.0,9696420.0,32.91002990059835,-2.7465589722270387,SeaLake,0.99984694,6.8355475e-06,0,0.0,3.7523433337291756,False
68,37,490640.0,9696420.0,32.915787982633404,-2.746559393962743,AnnualCrop,0.5062717,0.007862323,11,47.0,3.5280849376510615,False
68,38,491280.0,9696420.0,32.92154606552663,-2.746559787815192,HerbaceousVegetation,0.93650436,0.00020688202,17,73.0,2.9763564502070072,False
68,39,491920.0,9696420.0,32.92730414921935,-2.746560153784365,HerbaceousVegetation,0.90135354,0.0013303196,0,0.0,2.467632896136988,False
68,40,492560.0,9696420.0,32.93306223365291,-2.7465604918702446,HerbaceousVegetation,0.98477006,1.4849317e-06,0,0.0,2.034435179971577,False
68,41,493200.0,9696420.0,32.9388203187686,-2.746560802072814,HerbaceousVegetation,0.97280943,2.1391766e-05,19,82.0,1.734312801346558,False
68,42,493840.0,9696420.0,32.944578404507766,-2.7465610843920563,HerbaceousVegetation,0.94731116,0.0019744253,51,219.0,1.6419364434481343,False
68,43,494480.0,9696420.0,32.9503364908117,-2.7465613388279584,HerbaceousVegetation,0.9745008,2.9118126e-05,17,73.0,1.7897680508187843,False
68,44,495120.0,9696420.0,32.956094577621755,-2.7465615653805067,HerbaceousVegetation,0.991484,4.3541968e-07,0,0.0,2.1283289377209136,False
68,45,495760.0,9696420.0,32.96185266487923,-2.746561764049689,HerbaceousVegetation,0.9149131,0.00015840877,0,0.0,2.5836986005625335,False
68,46,496400.0,9696420.0,32.96761075252546,-2.7465619348354977,HerbaceousVegetation,0.9730218,0.00014875969,0,0.0,2.119206514268996,False
68,47,497040.0,9696420.0,32.97336884050175,-2.7465620777379223,HerbaceousVegetation,0.99706846,4.2862237e-05,4,17.0,1.649017599714483,False
68,48,497680.0,9696420.0,32.97912692874944,-2.746562192756956,HerbaceousVegetation,0.81726336,0.0005583021,0,0.0,1.3291658430068392,False
68,49,498320.0,9696420.0,32.984885017209834,-2.746562279892593,HerbaceousVegetation,0.9832205,2.2142194e-06,5,22.0,1.2780080720652933,False
68,50,498960.0,9696420.0,32.99064310582426,-2.746562339144828,HerbaceousVegetation,0.9588586,0.00021885053,2,9.0,1.5228681578889274,False
68,51,499600.0,9696420.0,32.99640119453405,-2.74656237051366,HerbaceousVegetation,0.8735248,0.019405534,23,99.0,1.955543459082406,False
68,52,500240.0,9696420.0,33.0021592832805,-2.746562373999085,Pasture,0.6132983,0.22411959,76,327.0,2.479591299873418,False
68,53,500880.0,9696420.0,33.007917372004954,-2.7465623496011045,HerbaceousVegetation,0.98289484,0.0002995929,45,194.0,3.0482447094116174,False
68,54,501520.0,9696420.0,33.01367546064873,-2.7465622973197203,HerbaceousVegetation,0.7462997,0.0063553336,12,52.0,3.6406618357798464,False
68,55,502160.0,9696420.0,33.019433549153135,-2.746562217154933,HerbaceousVegetation,0.9804222,0.004358469,15,64.0,3.4979644898935973,False
68,56,502800.0,9696420.0,33.0251916374595,-2.7465621091067485,HerbaceousVegetation,0.99141335,0.00010109054,5,22.0,3.0750005368588464,False
68,57,503440.0,9696420.0,33.03094972550914,-2.746561973175172,Residential,0.51505893,0.51505893,61,262.0,2.7376451615956023,False
68,58,504080.0,9696420.0,33.03670781324338,-2.746561809360209,HerbaceousVegetation,0.78759617,0.12612377,36,155.0,2.5205106149217924,False
68,59,504720.0,9696420.0,33.04246590060355,-2.746561617661868,HerbaceousVegetation,0.9301896,0.005419927,18,77.0,2.455696742079333,False
68,60,505360.0,9696420.0,33.04822398753095,-2.74656139808016,HerbaceousVegetation,0.9816495,0.00079422205,25,108.0,2.554822737135528,False
68,61,506000.0,9696420.0,33.05398207396693,-2.746561150615096,HerbaceousVegetation,0.9001998,0.0040970906,12,52.0,2.800534225341709,False
68,62,506640.0,9696420.0,33.05974015985279,-2.7465608752666872,HerbaceousVegetation,0.97192883,0.0015039931,2,9.0,3.1588074769501078,False
68,63,507280.0,9696420.0,33.065498245129845,-2.7465605720349484,HerbaceousVegetation,0.99211735,0.00060422654,10,43.0,3.1568954410416405,False
68,64,507920.0,9696420.0,33.07125632973943,-2.746560240919895,HerbaceousVegetation,0.973418,7.2100935e-05,9,39.0,3.2099522613637776,False
68,65,508560.0,9696420.0,33.07701441362286,-2.7465598819215424,HerbaceousVegetation,0.99626094,0.0001974232,3,13.0,3.3853800694751204,False
68,66,509200.0,9696420.0,33.08277249672147,-2.746559495039912,HerbaceousVegetation,0.8560485,0.0005932395,1,4.0,3.6656517714267824,False
68,67,509840.0,9696420.0,33.08853057897657,-2.746559080275019,HerbaceousVegetation,0.99936444,7.7641635e-06,0,0.0,4.0289462150702935,False
68,68,510480.0,9696420.0,33.094288660329475,-2.746558637626888,HerbaceousVegetation,0.9993938,1.9822976e-06,1,4.0,4.4549985744660106,False
68,69,511120.0,9696420.0,33.10004674072151,-2.746558167095539,HerbaceousVegetation,0.9683843,0.0013112908,1,4.0,4.927556899017922,False
68,70,511760.0,9696420.0,33.105804820094,-2.746557668680996,HerbaceousVegetation,0.7851388,0.00097431074,16,69.0,5.434502892411049,True
68,71,512400.0,9696420.0,33.11156289838827,-2.7465571423832857,HerbaceousVegetation,0.98630685,0.0052727633,0,0.0,5.523579357919463,False
68,72,513040.0,9696420.0,33.11732097554564,-2.746556588202434,HerbaceousVegetation,0.8627983,0.0031429087,0,0.0,5.660608683513122,False
68,73,513680.0,9696420.0,33.123079051507425,-2.746556006138468,HerbaceousVegetation,0.4845637,0.0008607661,38,163.0,5.864661321209807,True
68,74,514320.0,9696420.0,33.12883712621495,-2.7465553961914178,HerbaceousVegetation,0.9990007,9.674182e-05,12,52.0,6.129046757622636,True
68,75,514960.0,9696420.0,33.134595199609535,-2.7465547583613144,HerbaceousVegetation,0.50587827,0.002217418,19,82.0,6.4463459340741815,True
68,76,515600.0,9696420.0,33.140353271632506,-2.7465540926481906,HerbaceousVegetation,0.91965175,0.0014216193,0,0.0,6.554814828185546,False
68,77,516240.0,9696420.0,33.14611134222518,-2.7465533990520785,HerbaceousVegetation,0.9857765,0.00026384037,5,22.0,6.321953675565931,True
68,78,516880.0,9696420.0,33.15186941132889,-2.7465526775730136,HerbaceousVegetation,0.9847729,0.00027811292,11,47.0,6.147178142871903,True
68,79,517520.0,9696420.0,33.15762747888494,-2.7465519282110336,HerbaceousVegetation,0.70313746,0.0013572504,62,267.0,6.035536427228531,True
68,80,518160.0,9696420.0,33.16338554483467,-2.746551150966175,HerbaceousVegetation,0.9142366,0.029896965,22,95.0,5.9905593068262855,True
68,81,518800.0,9696420.0,33.16914360911939,-2.746550345838477,HerbaceousVegetation,0.9670127,3.795278e-05,2,9.0,6.013195819610935,True
68,82,519440.0,9696420.0,33.17490167168042,-2.7465495128279813,HerbaceousVegetation,0.95307535,0.0010537279,0,0.0,6.102753806938075,False
68,83,520080.0,9696420.0,33.18065973245909,-2.746548651934729,HerbaceousVegetation,0.92357314,0.013616034,0,0.0,6.256826998663772,False
68,84,520720.0,9696420.0,33.18641779139672,-2.7465477631587647,HerbaceousVegetation,0.7925388,0.12679417,68,292.0,6.470808616727792,True
68,85,521360.0,9696420.0,33.192175848434644,-2.746546846500132,HerbaceousVegetation,0.8210197,0.021602537,91,391.0,6.738994303115962,True
69,0,466960.0,9695780.0,32.70273858089937,-2.7523152883091635,HerbaceousVegetation,0.9921228,0.00051744806,5,22.0,2.4310793415340783,False
69,1,467600.0,9695780.0,32.708496620717035,-2.7523167168265394,HerbaceousVegetation,0.78401476,0.00032759577,3,13.0,2.507514947566649,False
69,2,468240.0,9695780.0,32.71425466350533,-2.752318117403449,HerbaceousVegetation,0.9930796,0.0002726996,5,22.0,2.7357477331995694,False
69,3,468880.0,9695780.0,32.72001270920559,-2.752319490039822,HerbaceousVegetation,0.71205986,0.004929825,3,13.0,3.0822394629786616,False
69,4,469520.0,9695780.0,32.725770757759115,-2.7523208347355883,HerbaceousVegetation,0.9756193,0.00027787953,6,26.0,3.5121623758846052,False
69,5,470160.0,9695780.0,32.73152880910725,-2.7523221514906804,HerbaceousVegetation,0.9951031,2.3259769e-05,11,47.0,3.9986959126715056,False
69,6,470800.0,9695780.0,32.737286863191315,-2.752323440305032,PermanentCrop,0.52772915,0.24633805,59,254.0,4.523610665105057,False
69,7,471440.0,9695780.0,32.74304491995262,-2.7523247011785767,HerbaceousVegetation,0.56235147,0.03683307,9,39.0,5.047325156888636,True
69,8,472080.0,9695780.0,32.7488029793325,-2.7523259341112523,Highway,0.30153885,0.100841746,0,0.0,4.472628546993737,False
69,9,472720.0,9695780.0,32.75456104127227,-2.752327139102997,HerbaceousVegetation,0.8835397,0.0013605068,3,13.0,3.9182293193999898,False
69,10,473360.0,9695780.0,32.76031910571326,-2.7523283161537484,HerbaceousVegetation,0.9941467,0.00052917516,13,56.0,3.3940883723657103,False
69,11,474000.0,9695780.0,32.76607717259678,-2.752329465263447,HerbaceousVegetation,0.91980726,0.027546717,0,0.0,2.91656489032055,False
69,12,474640.0,9695780.0,32.77183524186417,-2.7523305864320364,HerbaceousVegetation,0.9984107,2.6076812e-05,9,39.0,2.5123824628175004,False
69,13,475280.0,9695780.0,32.777593313456734,-2.752331679659459,HerbaceousVegetation,0.99169606,0.0011004814,4,17.0,2.2219317090080275,False
69,14,475920.0,9695780.0,32.783351387315804,-2.7523327449456585,HerbaceousVegetation,0.8652936,0.0017457161,7,30.0,2.0931066383530825,False
69,15,476560.0,9695780.0,32.7891094633827,-2.752333782290583,HerbaceousVegetation,0.99249494,8.049059e-05,1,4.0,2.1550893901507076,False
69,16,477200.0,9695780.0,32.79486754159874,-2.7523347916941785,HerbaceousVegetation,0.98179,0.00083584443,1,4.0,2.3930994880202023,False
69,17,477840.0,9695780.0,32.80062562190525,-2.752335773156396,HerbaceousVegetation,0.9913208,1.5796227e-06,10,43.0,2.7619992830529414,False
69,18,478480.0,9695780.0,32.80638370424355,-2.752336726677183,HerbaceousVegetation,0.9840574,7.853212e-06,9,39.0,3.217072414417706,False
69,19,479120.0,9695780.0,32.81214178855496,-2.752337652256494,HerbaceousVegetation,0.78188914,5.3335254e-05,1,4.0,3.726884731197059,False
69,20,479760.0,9695780.0,32.81789987478081,-2.7523385498942807,HerbaceousVegetation,0.8267895,0.0017238864,7,30.0,4.271883036747633,False
69,21,480400.0,9695780.0,32.8236579628624,-2.752339419590499,HerbaceousVegetation,0.98028404,5.8210764e-05,7,30.0,3.9362936680203235,False
69,22,481040.0,9695780.0,32.829416052741074,-2.752340261345104,HerbaceousVegetation,0.894883,0.0005251675,7,30.0,3.467675726305131,False
69,23,481680.0,9695780.0,32.83517414435814,-2.7523410751580526,Pasture,0.94791573,0.00027604803,4,17.0,3.0617547329455927,False
69,24,482320.0,9695780.0,32.84093223765492,-2.752341861029305,Highway,0.9856451,2.041586e-05,13,56.0,2.7464721274070234,False
69,25,482960.0,9695780.0,32.846690332572734,-2.752342618958821,HerbaceousVegetation,0.95585454,0.0001654207,0,0.0,2.5555970434582567,False
69,26,483600.0,9695780.0,32.85244842905292,-2.7523433489465625,HerbaceousVegetation,0.9909024,6.005073e-05,21,90.0,2.5175868109047412,False
69,27,484240.0,9695780.0,32.85820652703677,-2.7523440509924924,Pasture,0.6013723,0.0017690144,19,82.0,2.6390548407243126,False
69,28,484880.0,9695780.0,32.863964626465624,-2.752344725096575,HerbaceousVegetation,0.90967077,0.0016188611,0,0.0,2.7874741463133,False
69,29,485520.0,9695780.0,32.86972272728079,-2.7523453712587767,HerbaceousVegetation,0.9627638,0.0003980256,3,13.0,2.762360484338485,False
69,30,486160.0,9695780.0,32.87548082942361,-2.7523459894790645,HerbaceousVegetation,0.3272006,0.018748898,24,103.0,2.8827866335378407,False
69,31,486800.0,9695780.0,32.88123893283537,-2.752346579757408,SeaLake,0.9999863,2.9619667e-07,0,0.0,3.1320092757803457,False
69,32,487440.0,9695780.0,32.88699703745742,-2.752347142093776,SeaLake,0.9992694,1.096618e-05,0,0.0,3.4824855251161946,False
69,33,488080.0,9695780.0,32.89275514323108,-2.752347676488141,SeaLake,0.99928737,1.1084296e-05,0,0.0,3.9070613972285497,False
69,34,488720.0,9695780.0,32.89851325009764,-2.752348182940476,SeaLake,0.9991086,1.5159157e-05,0,0.0,4.384261863847003,False
69,35,489360.0,9695780.0,32.90427135799846,-2.752348661450754,SeaLake,0.99844104,2.4470462e-05,0,0.0,4.588595067878162,False
69,36,490000.0,9695780.0,32.910029466874825,-2.752349112018954,SeaLake,0.9971994,4.1734056e-05,1,4.0,4.359255054117978,False
69,37,490640.0,9695780.0,32.91578757666807,-2.75234953464505,HerbaceousVegetation,0.86067945,0.00010538196,40,172.0,3.8673491184636157,False
69,38,491280.0,9695780.0,32.92154568731953,-2.752349929329023,HerbaceousVegetation,0.48198318,0.021018922,13,56.0,3.3716025263203657,False
69,39,491920.0,9695780.0,32.927303798770495,-2.752350296070851,Pasture,0.31675258,0.18579264,18,77.0,2.9322718132701193,False
69,40,492560.0,9695780.0,32.93306191096231,-2.7523506348705165,HerbaceousVegetation,0.777288,0.06990754,3,13.0,2.578358465828015,False
69,41,493200.0,9695780.0,32.93882002383628,-2.752350945728004,HerbaceousVegetation,0.9466049,8.3719344e-05,17,73.0,2.34879687706612,False
69,42,493840.0,9695780.0,32.94457813733373,-2.7523512286432936,HerbaceousVegetation,0.7172572,0.070456676,1,4.0,2.281438397398475,False
69,43,494480.0,9695780.0,32.950336251395974,-2.7523514836163754,HerbaceousVegetation,0.8748702,0.06649813,90,387.0,2.390036726189094,False
69,44,495120.0,9695780.0,32.95609436596434,-2.7523517106472344,HerbaceousVegetation,0.98082584,0.000111498404,29,125.0,2.6530717939666175,False
69,45,495760.0,9695780.0,32.96185248098014,-2.752351909735858,HerbaceousVegetation,0.9876788,0.00017210381,3,13.0,2.424717030572023,False
69,46,496400.0,9695780.0,32.96761059638471,-2.75235208088224,HerbaceousVegetation,0.9988211,7.115897e-05,9,39.0,1.8133602709869803,False
69,47,497040.0,9695780.0,32.973368712119346,-2.752352224086368,HerbaceousVegetation,0.9991942,5.8703466e-07,17,73.0,1.2314618412447629,False
69,48,497680.0,9695780.0,32.97912682812538,-2.752352339348236,Forest,0.53614336,0.022059117,29,125.0,0.7509467760699874,False
69,49,498320.0,9695780.0,32.98488494434414,-2.752352426667838,HerbaceousVegetation,0.9994786,9.864968e-06,3,13.0,0.6561584065893499,False
69,50,498960.0,9695780.0,32.99064306071692,-2.75235248604517,HerbaceousVegetation,0.902615,0.00057379087,7,30.0,1.0565825327847518,False
69,51,499600.0,9695780.0,32.99640117718507,-2.752352517480229,HerbaceousVegetation,0.861978,0.015492243,41,176.0,1.6190705489983466,False
69,52,500240.0,9695780.0,33.00215929368989,-2.7523525209730133,PermanentCrop,0.45210823,0.024926063,52,224.0,2.2238732510378765,False
69,53,500880.0,9695780.0,33.00791741017271,-2.752352496523523,HerbaceousVegetation,0.9898494,7.476464e-05,1,4.0,2.8441228930427287,False
69,54,501520.0,9695780.0,33.01367552657483,-2.752352444131759,HerbaceousVegetation,0.9393293,0.0014773841,2,9.0,3.4715497727639897,False
69,55,502160.0,9695780.0,33.0194336428376,-2.752352363797724,HerbaceousVegetation,0.99924654,1.2921432e-06,14,60.0,3.0827374167363906,False
69,56,502800.0,9695780.0,33.02519175890231,-2.752352255521421,HerbaceousVegetation,0.9918355,9.227525e-05,0,0.0,2.592902371797321,False
69,57,503440.0,9695780.0,33.0309498747103,-2.752352119302858,HerbaceousVegetation,0.95971715,0.00024136467,15,64.0,2.182250086217845,False
69,58,504080.0,9695780.0,33.036707990202885,-2.7523519551420392,HerbaceousVegetation,0.99649066,2.5374535e-05,17,73.0,1.9027580424014534,False
69,59,504720.0,9695780.0,33.04246610532138,-2.752351763038975,HerbaceousVegetation,0.91776633,0.07494788,12,52.0,1.8160288811164402,False
69,60,505360.0,9695780.0,33.04822422000711,-2.752351542993673,HerbaceousVegetation,0.9938413,8.4204825e-05,5,22.0,1.947981936819397,False
69,61,506000.0,9695780.0,33.05398233420138,-2.7523512950061466,HerbaceousVegetation,0.90336406,2.9247684e-07,0,0.0,2.2606429075155297,False
69,62,506640.0,9695780.0,33.059740447845535,-2.752351019076407,HerbaceousVegetation,0.9764981,0.0005967264,29,125.0,2.6917613349674756,False
69,63,507280.0,9695780.0,33.06549856088088,-2.752350715204468,HerbaceousVegetation,0.93408203,0.048402783,37,159.0,3.193720684961587,False
69,64,507920.0,9695780.0,33.071256673248726,-2.752350383390345,HerbaceousVegetation,0.9896541,4.1236704e-05,1,4.0,3.7380910292122533,False
69,65,508560.0,9695780.0,33.07701478489041,-2.752350023634056,Residential,0.9378042,0.9378042,15,64.0,3.9888076561920025,False
69,66,509200.0,9695780.0,33.08277289574724,-2.752349635935618,HerbaceousVegetation,0.5936557,0.3068059,0,0.0,4.229277859476825,False
69,67,509840.0,9695780.0,33.08853100576054,-2.752349220295051,HerbaceousVegetation,0.9926248,0.0009602526,0,0.0,4.547768233675263,False
69,68,510480.0,9695780.0,33.09428911487163,-2.752348776712376,HerbaceousVegetation,0.8440647,0.0017774461,12,52.0,4.925100217309272,False
69,69,511120.0,9695780.0,33.10004722302183,-2.752348305187614,HerbaceousVegetation,0.90592355,0.020398041,9,39.0,4.830276792811156,False
69,70,511760.0,9695780.0,33.105805330152464,-2.752347805720791,Pasture,0.91504955,0.012217998,10,43.0,4.819308626743075,False
69,71,512400.0,9695780.0,33.11156343620485,-2.752347278311931,HerbaceousVegetation,0.912419,0.00010663179,0,0.0,4.892759690034899,False
69,72,513040.0,9695780.0,33.1173215411203,-2.7523467229610605,HerbaceousVegetation,0.9192832,0.00012180765,0,0.0,5.046945524677336,False
69,73,513680.0,9695780.0,33.12307964484014,-2.7523461396682083,HerbaceousVegetation,0.97228324,2.4139226e-05,0,0.0,5.2747910739375055,False
69,74,514320.0,9695780.0,33.128837747305695,-2.752345528433404,HerbaceousVegetation,0.99595225,4.972901e-05,8,34.0,5.567259884208835,True
69,75,514960.0,9695780.0,33.13459584845828,-2.752344889256678,HerbaceousVegetation,0.7783824,0.06424617,14,60.0,5.91477339912115,True
69,76,515600.0,9695780.0,33.14035394823921,-2.7523442221380625,Pasture,0.48483148,0.14258428,7,30.0,6.308241126303064,True
69,77,516240.0,9695780.0,33.14611204658981,-2.752343527077591,HerbaceousVegetation,0.89412194,0.0015514699,12,52.0,6.739619266116709,True
69,78,516880.0,9695780.0,33.15187014345141,-2.752342804075299,HerbaceousVegetation,0.849473,0.0073878067,3,13.0,6.77231059687523,True
69,79,517520.0,9695780.0,33.15762823876533,-2.7523420531312235,Pasture,0.41475302,0.011436282,66,284.0,6.671138708252813,True
69,80,518160.0,9695780.0,33.16338633247286,-2.752341274245401,HerbaceousVegetation,0.98783827,0.000980449,14,60.0,6.630474531204346,True
69,81,518800.0,9695780.0,33.16914442451536,-2.752340467417872,HerbaceousVegetation,0.7843693,7.0821385e-05,12,52.0,6.650963630633693,True
69,82,519440.0,9695780.0,33.17490251483413,-2.752339632648677,HerbaceousVegetation,0.62584233,0.07840548,16,69.0,6.732042578528662,True
69,83,520080.0,9695780.0,33.1806606033705,-2.752338769937859,HerbaceousVegetation,0.9225758,0.053934332,33,142.0,6.872021343260917,True
69,84,520720.0,9695780.0,33.186418690065786,-2.7523378792854603,HerbaceousVegetation,0.98998314,0.00011620017,17,73.0,7.067401036119595,True
69,85,521360.0,9695780.0,33.1921767748613,-2.752336960691526,HerbaceousVegetation,0.9991991,1.2155385e-06,21,90.0,7.313743054582589,True
70,0,466960.0,9695140.0,32.702737144876785,-2.7581053562766265,HerbaceousVegetation,0.9635611,0.0030192328,9,39.0,1.7911256065626744,False
70,1,467600.0,9695140.0,32.708495212509646,-2.7581067878036434,HerbaceousVegetation,0.9765811,0.00015825886,8,34.0,1.8935721232424487,False
70,2,468240.0,9695140.0,32.71425328311322,-2.7581081913313272,HerbaceousVegetation,0.9686707,0.00027019347,8,34.0,2.186847007304654,False
70,3,468880.0,9695140.0,32.720011356628824,-2.7581095668596087,HerbaceousVegetation,0.96793026,0.00027750302,8,34.0,2.6073327905723374,False
70,4,469520.0,9695140.0,32.72576943299777,-2.7581109143884177,Forest,0.53310496,0.0010275914,12,52.0,3.1037507516278007,False
70,5,470160.0,9695140.0,32.73152751216138,-2.7581122339176862,HerbaceousVegetation,0.9776732,0.00071157154,18,77.0,3.645209620264182,False
70,6,470800.0,9695140.0,32.73728559406099,-2.7581135254473472,Forest,0.35257876,0.020812348,7,30.0,4.214384607876095,False
70,7,471440.0,9695140.0,32.7430436786379,-2.758114788977336,HerbaceousVegetation,0.8884366,0.00032323637,11,47.0,4.801429169584756,False
70,8,472080.0,9695140.0,32.748801765833456,-2.758116024507589,HerbaceousVegetation,0.99061334,0.0003488337,14,60.0,4.211748596947621,False
70,9,472720.0,9695140.0,32.754559855588965,-2.758117232038044,HerbaceousVegetation,0.940285,0.023871459,11,47.0,3.617587749303762,False
70,10,473360.0,9695140.0,32.76031794784575,-2.7581184115686384,HerbaceousVegetation,0.74235326,0.047103144,13,56.0,3.0420808674220123,False
70,11,474000.0,9695140.0,32.76607604254512,-2.7581195630993136,HerbaceousVegetation,0.87827724,0.0056149354,14,60.0,2.4981534948752593,False
70,12,474640.0,9695140.0,32.771834139628425,-2.7581206866300128,HerbaceousVegetation,0.89395356,4.17443e-06,9,39.0,2.0115878713046262,False
70,13,475280.0,9695140.0,32.77759223903695,-2.7581217821606767,HerbaceousVegetation,0.5412789,0.39996767,3,13.0,1.6344419977479425,False
70,14,475920.0,9695140.0,32.78335034071204,-2.758122849691252,HerbaceousVegetation,0.9764741,0.00055927446,1,4.0,1.4544811872364287,False
70,15,476560.0,9695140.0,32.789108444595016,-2.758123889221684,HerbaceousVegetation,0.9316215,0.00043376719,3,13.0,1.5423457472457653,False
70,16,477200.0,9695140.0,32.794866550627184,-2.758124900751919,HerbaceousVegetation,0.9921929,0.00022431684,4,17.0,1.8604691032289422,False
70,17,477840.0,9695140.0,32.80062465874987,-2.758125884281908,HerbaceousVegetation,0.99814713,1.0367061e-05,2,9.0,2.3158281810384618,False
70,18,478480.0,9695140.0,32.806382768904385,-2.7581268398116,HerbaceousVegetation,0.99422646,0.0044477535,8,34.0,2.843233202555555,False
70,19,479120.0,9695140.0,32.81214088103207,-2.7581277673409463,HerbaceousVegetation,0.9616214,4.1216197e-05,1,4.0,3.409411961634546,False
70,20,479760.0,9695140.0,32.81789899507423,-2.7581286668699017,HerbaceousVegetation,0.9687639,0.0029353932,4,17.0,3.9979250623491094,False
70,21,480400.0,9695140.0,32.823657110972185,-2.75812953839842,HerbaceousVegetation,0.9678209,9.390242e-05,15,64.0,4.3725530424443715,False
70,22,481040.0,9695140.0,32.82941522866726,-2.758130381926457,PermanentCrop,0.4386749,0.0074222446,6,26.0,3.9559559161975564,False
70,23,481680.0,9695140.0,32.83517334810078,-2.7581311974539697,Pasture,0.5025374,0.003981894,41,176.0,3.605433997843723,False
70,24,482320.0,9695140.0,32.84093146921404,-2.7581319849809174,HerbaceousVegetation,0.9147878,0.0012440875,148,636.0,3.3418440141209897,False
70,25,482960.0,9695140.0,32.84668959194838,-2.758132744507261,HerbaceousVegetation,0.84802634,0.00012931769,13,56.0,3.1868304813129322,False
70,26,483600.0,9695140.0,32.85244771624512,-2.758133476032961,HerbaceousVegetation,0.93166083,3.2140335e-05,12,52.0,3.156430835379438,False
70,27,484240.0,9695140.0,32.85820584204558,-2.758134179557981,HerbaceousVegetation,0.85966945,0.0008959809,16,69.0,3.2541393209945793,False
70,28,484880.0,9695140.0,32.86396396929107,-2.758134855082285,HerbaceousVegetation,0.9794567,0.0011573869,21,90.0,3.421270608309881,False
70,29,485520.0,9695140.0,32.8697220979229,-2.7581355026058394,HerbaceousVegetation,0.9751302,4.550962e-05,8,34.0,3.400840470288889,False
70,30,486160.0,9695140.0,32.87548022788242,-2.758136122128611,SeaLake,0.9256807,0.00025734818,12,52.0,3.499362689608558,False
70,31,486800.0,9695140.0,32.88123835911092,-2.758136713650569,SeaLake,0.99857163,2.007757e-05,0,0.0,3.707365987125378,False
70,32,487440.0,9695140.0,32.88699649154972,-2.758137277171683,SeaLake,0.99817824,2.7983238e-05,0,0.0,4.0078405521631995,False
70,33,488080.0,9695140.0,32.892754625140164,-2.758137812691925,SeaLake,0.9991461,1.2866444e-05,0,0.0,4.381804333905555,False
70,34,488720.0,9695140.0,32.89851275982354,-2.758138320211268,SeaLake,0.99970657,4.9398545e-06,0,0.0,4.8121546680986045,False
70,35,489360.0,9695140.0,32.90427089554119,-2.7581387997296862,SeaLake,0.9999938,7.279307e-07,1,4.0,5.176623303817572,True
70,36,490000.0,9695140.0,32.91002903223442,-2.758139251247155,SeaLake,0.9947812,0.00052102027,0,0.0,4.763662528923912,False
70,37,490640.0,9695140.0,32.91578716984456,-2.758139674763652,HerbaceousVegetation,0.9635785,0.0011147446,115,494.0,4.276049003564192,False
70,38,491280.0,9695140.0,32.92154530831291,-2.758140070279155,HerbaceousVegetation,0.9490167,0.0023466838,24,103.0,3.8335244191593305,False
70,39,491920.0,9695140.0,32.9273034475808,-2.758140437793646,HerbaceousVegetation,0.77459943,0.0018866165,20,86.0,3.4534654861022496,False
70,40,492560.0,9695140.0,32.93306158758955,-2.7581407773071045,HerbaceousVegetation,0.6821293,0.0017361655,11,47.0,3.1585025336554677,False
70,41,493200.0,9695140.0,32.93881972828048,-2.7581410888195137,Residential,0.92092186,0.92092186,14,60.0,2.974063322546541,False
70,42,493840.0,9695140.0,32.944577869594895,-2.758141372330858,HerbaceousVegetation,0.74585783,0.032142535,8,34.0,2.9211585095514994,False
70,43,494480.0,9695140.0,32.95033601147413,-2.758141627841124,HerbaceousVegetation,0.8772171,0.0025462944,31,133.0,3.006739335115982,False
70,44,495120.0,9695140.0,32.95609415385949,-2.758141855350298,HerbaceousVegetation,0.9183086,0.00022698418,12,52.0,2.9842702804156107,False
70,45,495760.0,9695140.0,32.9618522966923,-2.7581420548583675,HerbaceousVegetation,0.9955643,6.6499592e-06,37,159.0,2.3442892101060897,False
70,46,496400.0,9695140.0,32.96761043991388,-2.758142226365325,HerbaceousVegetation,0.6259478,0.00013259404,19,82.0,1.704322356441938,False
70,47,497040.0,9695140.0,32.97336858346554,-2.75814236987116,HerbaceousVegetation,0.9747662,0.000613151,6,26.0,1.0643953629717522,False
70,48,497680.0,9695140.0,32.97912672728861,-2.7581424853758647,HerbaceousVegetation,0.6404131,0.032300007,32,138.0,0.4246884537678586,False
70,49,498320.0,9695140.0,32.984884871324404,-2.758142572879433,Residential,0.48744366,0.48744366,45,194.0,0.21675579994939265,False
70,50,498960.0,9695140.0,32.99064301551423,-2.758142632381864,HerbaceousVegetation,0.9773393,0.0008174277,29,125.0,0.8560408114451482,False
70,51,499600.0,9695140.0,32.99640115979941,-2.7581426638831514,HerbaceousVegetation,0.98828155,0.0009406921,12,52.0,1.4959373866935854,False
70,52,500240.0,9695140.0,33.002159304121285,-2.7581426673832943,HerbaceousVegetation,0.92959666,0.052023754,72,310.0,2.135895938231917,False
70,53,500880.0,9695140.0,33.00791744842114,-2.758142642882293,HerbaceousVegetation,0.9624116,0.008108578,19,82.0,2.7758736017700025,False
70,54,501520.0,9695140.0,33.01367559264031,-2.7581425903801486,HerbaceousVegetation,0.9646451,0.0039939256,0,0.0,3.345042848665905,False
70,55,502160.0,9695140.0,33.01943373672011,-2.758142509876864,HerbaceousVegetation,0.895532,1.480948e-05,0,0.0,2.754992629488604,False
70,56,502800.0,9695140.0,33.02519188060186,-2.7581424013724414,HerbaceousVegetation,0.5658641,0.0087537365,1,4.0,2.1931386453350714,False
70,57,503440.0,9695140.0,33.030950024226875,-2.7581422648668887,HerbaceousVegetation,0.90619874,0.0021548073,13,56.0,1.6878773198274128,False
70,58,504080.0,9695140.0,33.036708167536474,-2.758142100360212,Highway,0.650375,0.0041074124,40,172.0,1.3065996234169783,False
70,59,504720.0,9695140.0,33.04246631047198,-2.7581419078524188,HerbaceousVegetation,0.9937383,0.0001000151,0,0.0,1.1767222718377555,False
70,60,505360.0,9695140.0,33.04822445297471,-2.75814168734352,Forest,0.6334881,0.00025119894,0,0.0,1.3716224094715816,False
70,61,506000.0,9695140.0,33.05398259498597,-2.7581414388335266,HerbaceousVegetation,0.99491,0.0018239903,34,146.0,1.7880773929811444,False
70,62,506640.0,9695140.0,33.0597407364471,-2.7581411623224503,HerbaceousVegetation,0.8029485,0.008554416,0,0.0,2.3091759336213133,False
70,63,507280.0,9695140.0,33.0654988772994,-2.758140857810305,HerbaceousVegetation,0.97665,7.8164114e-05,5,22.0,2.8786396477401412,False
70,64,507920.0,9695140.0,33.07125701748419,-2.758140525297108,HerbaceousVegetation,0.9278702,0.039838534,15,64.0,3.4727566788744504,False
70,65,508560.0,9695140.0,33.0770151569428,-2.758140164782874,HerbaceousVegetation,0.8246672,0.026926866,12,52.0,4.080773416865083,False
70,66,509200.0,9695140.0,33.08277329561654,-2.7581397762676216,Residential,0.3019761,0.3019761,1,4.0,4.69729543555846,False
70,67,509840.0,9695140.0,33.08853143344673,-2.758139359751371,HerbaceousVegetation,0.8988428,0.088835485,17,73.0,4.499913206619221,False
70,68,510480.0,9695140.0,33.09428957037469,-2.758138915234143,HerbaceousVegetation,0.99807024,3.076478e-06,0,0.0,4.30174157891153,False
70,69,511120.0,9695140.0,33.10004770634173,-2.75813844271596,HerbaceousVegetation,0.99851125,6.973444e-05,6,26.0,4.192844184603865,False
70,70,511760.0,9695140.0,33.10580584128918,-2.758137942196846,HerbaceousVegetation,0.9725957,0.011968027,28,120.0,4.1802038348622,False
70,71,512400.0,9695140.0,33.111563975158354,-2.758137413676826,HerbaceousVegetation,0.98220867,5.5704015e-05,23,99.0,4.264676522976488,False
70,72,513040.0,9695140.0,33.11732210789057,-2.758136857155928,HerbaceousVegetation,0.8580449,0.007740624,0,0.0,4.44072376874052,False
70,73,513680.0,9695140.0,33.12308023942715,-2.7581362726341774,HerbaceousVegetation,0.9970751,3.0304298e-05,0,0.0,4.69806229576484,False
70,74,514320.0,9695140.0,33.12883836970941,-2.758135660111607,HerbaceousVegetation,0.8245831,0.0011852896,11,47.0,5.024216464237721,True
70,75,514960.0,9695140.0,33.13459649867867,-2.758135019588245,HerbaceousVegetation,0.95148474,0.0018804321,61,262.0,5.4067469724546555,True
70,76,515600.0,9695140.0,33.14035462627624,-2.7581343510641254,HerbaceousVegetation,0.7835931,0.002940125,1,4.0,5.834575783103495,True
70,77,516240.0,9695140.0,33.14611275244346,-2.7581336545392814,Pasture,0.68248975,0.012434841,1,4.0,6.298478888859433,True
70,78,516880.0,9695140.0,33.15187087712163,-2.758132930013748,HerbaceousVegetation,0.9323611,0.0008665055,15,64.0,6.791067519767282,True
70,79,517520.0,9695140.0,33.15762900025207,-2.7581321774875622,HerbaceousVegetation,0.98780894,0.0001753882,19,82.0,7.306542260376541,True
70,80,518160.0,9695140.0,33.16338712177611,-2.7581313969607613,HerbaceousVegetation,0.8346285,0.015796978,4,17.0,7.270404679885155,True
70,81,518800.0,9695140.0,33.16914524163506,-2.7581305884333864,HerbaceousVegetation,0.8979157,0.011052243,6,26.0,7.2891227501694456,True
70,82,519440.0,9695140.0,33.17490335977025,-2.7581297519054764,HerbaceousVegetation,0.86200476,0.0023195962,7,30.0,7.3631780183660185,True
70,83,520080.0,9695140.0,33.18066147612299,-2.758128887377074,HerbaceousVegetation,0.8666855,0.008799905,24,103.0,7.49137307796503,True
70,84,520720.0,9695140.0,33.1864195906346,-2.758127994848224,Residential,0.6894736,0.6894736,16,69.0,7.670994111350236,True
70,85,521360.0,9695140.0,33.1921777032464,-2.758127074318971,HerbaceousVegetation,0.9939965,0.00013002404,13,56.0,7.898533453716629,True
71,0,466960.0,9694500.0,32.70273570582481,-2.7638954236785342,HerbaceousVegetation,0.99013364,4.800606e-05,13,56.0,1.1512233111500347,False
71,1,467600.0,9694500.0,32.708493801331564,-2.7638968582152184,HerbaceousVegetation,0.5034446,0.40918303,12,52.0,1.304913621498242,False
71,2,468240.0,9694500.0,32.714251899809085,-2.763898264693704,HerbaceousVegetation,0.9535542,0.004700227,14,60.0,1.702787129093964,False
71,3,468880.0,9694500.0,32.72001000119871,-2.763899643113921,HerbaceousVegetation,0.3313065,0.22015618,0,0.0,2.2170630244637772,False
71,4,469520.0,9694500.0,32.725768105441745,-2.7639009934757985,HerbaceousVegetation,0.94128925,0.0020414148,0,0.0,2.783963523805741,False
71,5,470160.0,9694500.0,32.73152621247952,-2.763902315779269,HerbaceousVegetation,0.84020615,0.0071597924,9,39.0,3.3770900712473284,False
71,6,470800.0,9694500.0,32.73728432225335,-2.7639036100242653,HerbaceousVegetation,0.4229828,0.10548843,4,17.0,3.9847486491312964,False
71,7,471440.0,9694500.0,32.74304243470456,-2.7639048762107232,HerbaceousVegetation,0.9083529,0.006871778,11,47.0,4.601185308612347,False
71,8,472080.0,9694500.0,32.74880054977446,-2.763906114338577,HerbaceousVegetation,0.98493385,0.006793859,9,39.0,4.036390264629674,False
71,9,472720.0,9694500.0,32.75455866740438,-2.763907324407765,HerbaceousVegetation,0.93369496,0.0009282042,0,0.0,3.411826673267505,False
71,10,473360.0,9694500.0,32.76031678753564,-2.7639085064182267,HerbaceousVegetation,0.928331,0.00043023063,0,0.0,2.794257706161337,False
71,11,474000.0,9694500.0,32.76607491010955,-2.7639096603699005,HerbaceousVegetation,0.98043585,0.010944845,0,0.0,2.1896097845197033,False
71,12,474640.0,9694500.0,32.77183303506743,-2.7639107862627306,PermanentCrop,0.8052923,0.0015872063,18,77.0,1.6124843839513079,False
71,13,475280.0,9694500.0,32.77759116235061,-2.7639118840966583,HerbaceousVegetation,0.9929428,0.0012592779,22,95.0,1.1068065632752795,False
71,14,475920.0,9694500.0,32.7833492919004,-2.7639129538716287,HerbaceousVegetation,0.8604907,0.067986205,56,241.0,0.8180071200983778,False
71,15,476560.0,9694500.0,32.78910742365812,-2.7639139955875875,HerbaceousVegetation,0.9638071,0.00041716092,30,129.0,0.9656347801079085,False
71,16,477200.0,9694500.0,32.794865557565096,-2.7639150092444824,HerbaceousVegetation,0.98344874,1.4035134e-05,7,30.0,1.4194947722962756,False
71,17,477840.0,9694500.0,32.800623693562635,-2.7639159948422622,HerbaceousVegetation,0.9671404,0.0009015074,9,39.0,1.9790604560242373,False
71,18,478480.0,9694500.0,32.80638183159207,-2.763916952380877,Pasture,0.6354765,0.00077918405,15,64.0,2.5763530753026203,False
71,19,479120.0,9694500.0,32.812139971594696,-2.763917881860278,HerbaceousVegetation,0.9413438,0.0068779634,3,13.0,3.1902523487404055,False
71,20,479760.0,9694500.0,32.81789811351186,-2.7639187832804195,HerbaceousVegetation,0.97071314,0.00015241632,12,52.0,3.8127450647356533,False
71,21,480400.0,9694500.0,32.82365625728485,-2.763919656641255,HerbaceousVegetation,0.8215807,0.08600599,19,82.0,4.4402184415508765,False
71,22,481040.0,9694500.0,32.829414402855015,-2.763920501942741,HerbaceousVegetation,0.955172,0.0013179248,13,56.0,4.482588479772717,False
71,23,481680.0,9694500.0,32.835172550163655,-2.763921319184833,HerbaceousVegetation,0.49110156,0.01508593,8,34.0,4.176501715658693,False
71,24,482320.0,9694500.0,32.840930699152096,-2.7639221083674923,Residential,0.5920466,0.5920466,15,64.0,3.951193956617281,False
71,25,482960.0,9694500.0,32.84668884976164,-2.763922869490677,HerbaceousVegetation,0.99623406,3.8402344e-05,0,0.0,3.8209816519734616,False
71,26,483600.0,9694500.0,32.852447001933626,-2.7639236025543497,HerbaceousVegetation,0.94711095,0.0003344575,0,0.0,3.795664353789303,False
71,27,484240.0,9694500.0,32.858205155609355,-2.763924307558474,HerbaceousVegetation,0.9951047,4.2738407e-06,12,52.0,3.877297382009238,False
71,28,484880.0,9694500.0,32.86396331073016,-2.7639249845030123,HerbaceousVegetation,0.95387757,0.0006682642,2,9.0,4.05701528641501,False
71,29,485520.0,9694500.0,32.86972146723735,-2.763925633387932,SeaLake,0.9838543,1.7808545e-05,0,0.0,4.039801525232985,False
71,30,486160.0,9694500.0,32.87547962507224,-2.7639262542131995,SeaLake,0.99827254,2.5644213e-05,0,0.0,4.123083760044712,False
71,31,486800.0,9694500.0,32.88123778417615,-2.763926846978784,SeaLake,0.9985732,1.8315171e-05,0,0.0,4.301028135389739,False
71,32,487440.0,9694500.0,32.886995944490394,-2.7639274116846546,SeaLake,0.998168,2.6136915e-05,0,0.0,4.562572339205573,False
71,33,488080.0,9694500.0,32.8927541059563,-2.763927948330785,SeaLake,0.99883527,1.7656972e-05,0,0.0,4.894332403868122,False
71,34,488720.0,9694500.0,32.89851226851518,-2.763928456917145,SeaLake,0.9998902,7.6033716e-06,0,0.0,5.283096914559035,False
71,35,489360.0,9694500.0,32.90427043210834,-2.7639289374437115,SeaLake,0.9997297,1.6784315e-06,0,0.0,5.66277071537125,False
71,36,490000.0,9694500.0,32.910028596677115,-2.7639293899104587,SeaLake,0.9989895,1.7670753e-05,0,0.0,5.1807225911328985,False
71,37,490640.0,9694500.0,32.91578676216281,-2.7639298143173643,SeaLake,0.99952835,4.5556124e-05,0,0.0,4.736243338098597,False
71,38,491280.0,9694500.0,32.92154492850674,-2.763930210664407,River,0.50471675,0.04582872,18,77.0,4.3408887740982145,False
71,39,491920.0,9694500.0,32.927303095650245,-2.7639305789515665,HerbaceousVegetation,0.6779307,0.0052300114,11,47.0,4.009218095901052,False
71,40,492560.0,9694500.0,32.93306126353461,-2.7639309191788244,HerbaceousVegetation,0.5829927,0.0017202335,20,86.0,3.758130403792426,False
71,41,493200.0,9694500.0,32.93881943210118,-2.7639312313461635,HerbaceousVegetation,0.98013157,8.621086e-05,3,13.0,3.604505309098266,False
71,42,493840.0,9694500.0,32.94457760129125,-2.763931515453567,HerbaceousVegetation,0.9725021,0.005200997,12,52.0,3.5609792072864104,False
71,43,494480.0,9694500.0,32.95033577104615,-2.7639317715010217,HerbaceousVegetation,0.6510672,0.044219106,10,43.0,3.631513087699769,False
71,44,495120.0,9694500.0,32.95609394130719,-2.763931999488515,HerbaceousVegetation,0.93840814,0.0008389367,7,30.0,3.0563881181626287,False
71,45,495760.0,9694500.0,32.96185211201569,-2.763932199416035,HerbaceousVegetation,0.9895522,0.00030641755,8,34.0,2.435432430369125,False
71,46,496400.0,9694500.0,32.96761028311297,-2.763932371283571,HerbaceousVegetation,0.818901,0.001913836,23,99.0,1.8276635130520136,False
71,47,497040.0,9694500.0,32.97336845454034,-2.7639325150911147,HerbaceousVegetation,0.8798679,0.00010445898,13,56.0,1.252428325689576,False
71,48,497680.0,9694500.0,32.97912662623912,-2.7639326308386587,Pasture,0.4203878,0.0035160708,30,129.0,0.7848563594936089,False
71,49,498320.0,9694500.0,32.984884798150624,-2.7639327185261973,HerbaceousVegetation,0.97753906,0.0022484341,31,133.0,0.6947102267028518,False
71,50,498960.0,9694500.0,32.99064297021618,-2.763932778153727,HerbaceousVegetation,0.8625903,0.0013664245,16,69.0,1.0809463877239678,False
71,51,499600.0,9694500.0,32.99640114237709,-2.763932809721243,HerbaceousVegetation,0.9986945,1.7315822e-05,9,39.0,1.6350742757384022,False
71,52,500240.0,9694500.0,33.00215931457468,-2.763932813228745,HerbaceousVegetation,0.9837292,0.00054156495,17,73.0,2.235551538486516,False
71,53,500880.0,9694500.0,33.00791748675026,-2.763932788676232,HerbaceousVegetation,0.7408688,0.043911636,6,26.0,2.853263653306051,False
71,54,501520.0,9694500.0,33.01367565884515,-2.7639327360637065,HerbaceousVegetation,0.8203967,8.73777e-06,0,0.0,3.177298548673211,False
71,55,502160.0,9694500.0,33.01943383080067,-2.7639326553911694,HerbaceousVegetation,0.8994128,0.028308617,0,0.0,2.5487053177106436,False
71,56,502800.0,9694500.0,33.025192002558136,-2.763932546658626,HerbaceousVegetation,0.63964003,0.0010036511,4,17.0,1.927633659607585,False
71,57,503440.0,9694500.0,33.03095017405886,-2.763932409866081,HerbaceousVegetation,0.9314396,0.0013965758,0,0.0,1.3247053463988698,False
71,58,504080.0,9694500.0,33.036708345244165,-2.763932245013544,HerbaceousVegetation,0.88681424,0.048058763,112,482.0,0.783017869466188,False
71,59,504720.0,9694500.0,33.04246651605536,-2.7639320521010178,Highway,0.99060065,2.7302453e-05,6,26.0,0.5390637374457563,False
71,60,505360.0,9694500.0,33.04822468643377,-2.763931831128517,HerbaceousVegetation,0.938439,0.036397304,11,47.0,0.8872781086866768,False
71,61,506000.0,9694500.0,33.0539828563207,-2.763931582096052,HerbaceousVegetation,0.8805296,0.030427031,21,90.0,1.4502190080398978,False
71,62,506640.0,9694500.0,33.05974102565748,-2.763931305003633,HerbaceousVegetation,0.98713976,0.00022572675,5,22.0,2.058690821955994,False
71,63,507280.0,9694500.0,33.065499194385424,-2.763930999851277,HerbaceousVegetation,0.7670793,1.0041682e-05,29,125.0,2.681880055023241,False
71,64,507920.0,9694500.0,33.07125736244585,-2.7639306666389967,HerbaceousVegetation,0.8373235,0.12410975,40,172.0,3.3114880882553512,False
71,65,508560.0,9694500.0,33.07701552978006,-2.763930305366812,HerbaceousVegetation,0.9793093,0.0016759064,15,64.0,3.9444424305321912,False
71,66,509200.0,9694500.0,33.08277369632939,-2.763929916034737,HerbaceousVegetation,0.89051896,0.048779827,16,69.0,4.228501576642997,False
71,67,509840.0,9694500.0,33.088531862035154,-2.763929498642796,HerbaceousVegetation,0.9268041,0.0011298194,1,4.0,3.91366673700029,False
71,68,510480.0,9694500.0,33.09429002683865,-2.763929053191008,HerbaceousVegetation,0.98002666,0.0005803617,5,22.0,3.68409406407229,False
71,69,511120.0,9694500.0,33.10004819068123,-2.7639285796793933,HerbaceousVegetation,0.8769888,0.0356506,20,86.0,3.5563339013038235,False
71,70,511760.0,9694500.0,33.10580635350417,-2.763928078107979,HerbaceousVegetation,0.66429883,0.0003120969,60,258.0,3.541422392513079,False
71,71,512400.0,9694500.0,33.11156451524882,-2.7639275484767887,HerbaceousVegetation,0.9929438,0.00029284772,29,125.0,3.6407463941921647,False
71,72,513040.0,9694500.0,33.117322675856485,-2.763926990785851,HerbaceousVegetation,0.9821728,0.00013484246,0,0.0,3.845464347962862,False
71,73,513680.0,9694500.0,33.12308083526848,-2.763926405035192,HerbaceousVegetation,0.7418492,0.0007152241,0,0.0,4.139970748215936,False
71,74,514320.0,9694500.0,33.12883899342613,-2.7639257912248425,HerbaceousVegetation,0.9956849,2.3872608e-05,0,0.0,4.506697187599119,False
71,75,514960.0,9694500.0,33.13459715027074,-2.7639251493548334,HerbaceousVegetation,0.99421537,2.838028e-06,17,73.0,4.929551834126912,False
71,76,515600.0,9694500.0,33.14035530574364,-2.7639244794251963,HerbaceousVegetation,0.99893516,0.0001466597,9,39.0,5.39535383732839,True
71,77,516240.0,9694500.0,33.14611345978614,-2.7639237814359654,HerbaceousVegetation,0.88451904,0.026107773,34,146.0,5.893929485038345,True
71,78,516880.0,9694500.0,33.15187161233956,-2.7639230553871763,HerbaceousVegetation,0.9795798,1.5433152e-05,7,30.0,6.417644935584591,True
71,79,517520.0,9694500.0,33.15762976334522,-2.763922301278866,HerbaceousVegetation,0.99579394,0.00033424844,13,56.0,6.960828130608078,True
71,80,518160.0,9694500.0,33.16338791274444,-2.763921519111072,HerbaceousVegetation,0.99382585,0.000117710166,1,4.0,7.519261267471356,True
71,81,518800.0,9694500.0,33.16914606047853,-2.7639207088838336,HerbaceousVegetation,0.9191735,0.0031784284,31,133.0,7.927578679399117,True
71,82,519440.0,9694500.0,33.17490420648881,-2.763919870597193,HerbaceousVegetation,0.9189094,0.0053259763,4,17.0,7.995722842943858,True
71,83,520080.0,9694500.0,33.1806623507166,-2.76391900425119,HerbaceousVegetation,0.47788283,0.04190336,7,30.0,8.11393023412729,True
71,84,520720.0,9694500.0,33.18642049310323,-2.763918109845872,HerbaceousVegetation,0.73596966,0.0055100583,34,146.0,8.280056999042682,True
71,85,521360.0,9694500.0,33.19217863358999,-2.7639171873812813,HerbaceousVegetation,0.98896855,1.0262027e-05,22,95.0,8.49129106617518,True
72,0,466960.0,9693860.0,32.70273426374339,-2.7696854905137025,HerbaceousVegetation,0.6129239,0.3100352,34,146.0,0.5115655244306357,False
72,1,467600.0,9693860.0,32.708492387182694,-2.7696869280600827,HerbaceousVegetation,0.96905977,0.0062855794,45,194.0,0.7994896704913694,False
72,2,468240.0,9693860.0,32.71425051359285,-2.7696883374893977,HerbaceousVegetation,0.99202204,7.980712e-05,6,26.0,1.3549421318487391,False
72,3,468880.0,9693860.0,32.72000864291518,-2.769689718801577,HerbaceousVegetation,0.98222786,0.00060077745,20,86.0,1.962588247212138,False
72,4,469520.0,9693860.0,32.72576677509099,-2.769691071996549,HerbaceousVegetation,0.9674278,0.00022728232,11,47.0,2.5858919303659267,False
72,5,470160.0,9693860.0,32.7315249100616,-2.769692397074248,HerbaceousVegetation,0.83873636,0.0052821836,10,43.0,3.215761421960284,False
72,6,470800.0,9693860.0,32.73728304776834,-2.7696936940346046,HerbaceousVegetation,0.9534273,0.0075475294,9,39.0,3.8489746648171685,False
72,7,471440.0,9693860.0,32.74304118815251,-2.7696949628775545,HerbaceousVegetation,0.9976255,0.0003215225,4,17.0,4.484115343949221,False
72,8,472080.0,9693860.0,32.74879933115545,-2.7696962036030337,HerbaceousVegetation,0.9215305,5.5601027e-05,4,17.0,3.9579371512069454,False
72,9,472720.0,9693860.0,32.75455747671847,-2.76969741621098,HerbaceousVegetation,0.9978143,4.9373717e-05,2,9.0,3.318641495089001,False
72,10,473360.0,9693860.0,32.76031562478288,-2.769698600701329,HerbaceousVegetation,0.96891797,2.201072e-05,0,0.0,2.6796821178917782,False
72,11,474000.0,9693860.0,32.76607377529,-2.769699757074026,HerbaceousVegetation,0.95465773,0.0030497725,8,34.0,2.041374814425654,False
72,12,474640.0,9693860.0,32.77183192818116,-2.769700885329008,HerbaceousVegetation,0.9944048,8.756526e-06,22,95.0,1.4046088469726294,False
72,13,475280.0,9693860.0,32.77759008339766,-2.76970198546622,HerbaceousVegetation,0.63174766,0.31391898,3,13.0,0.7732017156060803,False
72,14,475920.0,9693860.0,32.783348240880834,-2.769703057485607,HerbaceousVegetation,0.9837426,0.000867091,20,86.0,0.2048310841610532,False
72,15,476560.0,9693860.0,32.78910640057199,-2.769704101387114,HerbaceousVegetation,0.61274445,0.34420708,7,30.0,0.552513034290594,False
72,16,477200.0,9693860.0,32.79486456241244,-2.7697051171706883,HerbaceousVegetation,0.9965599,6.691945e-05,12,52.0,1.1780430947479832,False
72,17,477840.0,9693860.0,32.800622726343526,-2.769706104836278,HerbaceousVegetation,0.96468425,4.364724e-05,8,34.0,1.813697993907975,False
72,18,478480.0,9693860.0,32.806380892306535,-2.769707064383834,HerbaceousVegetation,0.97283304,0.0019702816,7,30.0,2.4516148337632933,False
72,19,479120.0,9693860.0,32.8121390602428,-2.7697079958133086,HerbaceousVegetation,0.99600405,2.7325534e-05,5,22.0,3.090393206883329,False
72,20,479760.0,9693860.0,32.81789723009364,-2.769708899124653,HerbaceousVegetation,0.9595295,0.0013173823,0,0.0,3.7295904672192943,False
72,21,480400.0,9693860.0,32.823655401800366,-2.769709774317823,HerbaceousVegetation,0.86475945,0.0016379518,0,0.0,4.369022766385573,False
72,22,481040.0,9693860.0,32.829413575304294,-2.7697106213927736,Pasture,0.26777124,0.22140807,0,0.0,5.008600085175282,False
72,23,481680.0,9693860.0,32.83517175054674,-2.769711440349462,Highway,0.34382224,0.026531909,6,26.0,4.765121073907004,False
72,24,482320.0,9693860.0,32.84092992746903,-2.769712231187848,HerbaceousVegetation,0.83232844,0.0012128869,12,52.0,4.5689326927523854,False
72,25,482960.0,9693860.0,32.846688106012465,-2.769712993907889,HerbaceousVegetation,0.6870149,0.012708552,3,13.0,4.456805251837967,False
72,26,483600.0,9693860.0,32.85244628611837,-2.769713728509549,Pasture,0.9005536,0.00608891,0,0.0,4.435118956095699,False
72,27,484240.0,9693860.0,32.858204467728065,-2.76971443499279,HerbaceousVegetation,0.99677885,0.00013909518,6,26.0,4.505180047082284,False
72,28,484880.0,9693860.0,32.86396265078287,-2.769715113357576,AnnualCrop,0.38628528,0.30465767,2,9.0,4.662854743452475,False
72,29,485520.0,9693860.0,32.86972083522408,-2.7697157636038736,SeaLake,0.6598902,0.005421915,3,13.0,4.679046571919835,False
72,30,486160.0,9693860.0,32.87547902099303,-2.769716385731648,SeaLake,0.9978288,1.1246479e-05,0,0.0,4.751136722013421,False
72,31,486800.0,9693860.0,32.88123720803104,-2.7697169797408714,SeaLake,0.99883205,1.5900221e-05,0,0.0,4.906355417245487,False
72,32,487440.0,9693860.0,32.88699539627942,-2.76971754563151,SeaLake,0.99833375,2.4636325e-05,0,0.0,5.137173036739547,False
72,33,488080.0,9693860.0,32.89275358567946,-2.769718083403537,SeaLake,0.99848664,2.2661021e-05,0,0.0,5.433964495510944,False
72,34,488720.0,9693860.0,32.89851177617252,-2.769718593056925,SeaLake,0.9993136,1.1078393e-05,0,0.0,5.78658737664465,False
72,35,489360.0,9693860.0,32.90426996769988,-2.7697190745916496,SeaLake,0.9989435,1.7788427e-05,0,0.0,6.085522003219381,False
72,36,490000.0,9693860.0,32.910028160202884,-2.769719528007684,SeaLake,0.9990307,1.5022741e-05,0,0.0,5.639724500636161,False
72,37,490640.0,9693860.0,32.91578635362282,-2.769719953305007,SeaLake,0.999406,8.030793e-06,0,0.0,5.234367854333927,False
72,38,491280.0,9693860.0,32.92154454790103,-2.7697203504835968,SeaLake,0.9872776,5.0125396e-05,5,22.0,4.879541087632413,False
72,39,491920.0,9693860.0,32.92730274297882,-2.769720719543432,SeaLake,0.5624777,0.016060246,23,99.0,4.586985460768486,False
72,40,492560.0,9693860.0,32.93306093879749,-2.769721060484496,SeaLake,0.96653897,0.00040702257,2,9.0,4.369227621526491,False
72,41,493200.0,9693860.0,32.938819135298374,-2.7697213733067696,River,0.6068364,0.046581212,2,9.0,4.237813634425021,False
72,42,493840.0,9693860.0,32.944577332422774,-2.769721658010239,River,0.55632955,9.317583e-05,18,77.0,4.2008545311075896,False
72,43,494480.0,9693860.0,32.95033553011203,-2.769721914594888,HerbaceousVegetation,0.928065,0.00042339173,4,17.0,3.8504187768438323,False
72,44,495120.0,9693860.0,32.95609372830743,-2.7697221430607053,HerbaceousVegetation,0.6811892,0.0014923073,2,9.0,3.2552031505144994,False
72,45,495760.0,9693860.0,32.9618519269503,-2.7697223434076776,HerbaceousVegetation,0.89825946,0.01621017,11,47.0,2.680703330316036,False
72,46,496400.0,9693860.0,32.96761012598196,-2.7697225156357965,HerbaceousVegetation,0.7013442,0.002920714,33,142.0,2.143640160851502,False
72,47,497040.0,9693860.0,32.97336832534372,-2.7697226597450526,HerbaceousVegetation,0.7770452,0.0006942932,4,17.0,1.680302333886203,False
72,48,497680.0,9693860.0,32.9791265249769,-2.769722775735438,Pasture,0.51660454,4.453723e-05,1,4.0,1.3677860678159388,False
72,49,498320.0,9693860.0,32.98488472482281,-2.769722863606948,HerbaceousVegetation,0.99706763,1.6763612e-05,8,34.0,1.3181280367852564,False
72,50,498960.0,9693860.0,32.990642924822765,-2.769722923359577,HerbaceousVegetation,0.5120385,0.00017767587,18,77.0,1.5566901796463293,False
72,51,499600.0,9693860.0,32.99640112491809,-2.769722954993323,HerbaceousVegetation,0.9678095,0.0003447043,23,99.0,1.9819957390103762,False
72,52,500240.0,9693860.0,33.00215932505008,-2.769722958508184,HerbaceousVegetation,0.8728526,4.853201e-05,8,34.0,2.5005059295077174,False
72,53,500880.0,9693860.0,33.00791752516007,-2.769722933904159,HerbaceousVegetation,0.9760548,0.00037618508,0,0.0,3.065281830036387,False
72,54,501520.0,9693860.0,33.01367572518937,-2.769722881181251,HerbaceousVegetation,0.9405741,0.0013471161,0,0.0,3.1337422477591983,False
72,55,502160.0,9693860.0,33.01943392507929,-2.7697228003394603,HerbaceousVegetation,0.94827753,0.001577726,0,0.0,2.4941959033958194,False
72,56,502800.0,9693860.0,33.02519212477115,-2.769722691378793,HerbaceousVegetation,0.79806244,0.020947633,19,82.0,1.8549625154277671,False
72,57,503440.0,9693860.0,33.03095032420627,-2.7697225542992547,HerbaceousVegetation,0.83127904,0.009636087,6,26.0,1.216535516443202,False
72,58,504080.0,9693860.0,33.03670852332596,-2.7697223891008504,HerbaceousVegetation,0.9898837,0.0012826585,42,181.0,0.5815766431807137,False
72,59,504720.0,9693860.0,33.042466722071524,-2.7697221957835905,HerbaceousVegetation,0.91919315,0.010585106,145,624.0,0.1253160844383752,False
72,60,505360.0,9693860.0,33.0482249203843,-2.769721974347484,HerbaceousVegetation,0.9814592,0.011034843,38,163.0,0.7158050364062724,False
72,61,506000.0,9693860.0,33.053983118205586,-2.7697217247925416,HerbaceousVegetation,0.970169,0.00031878642,24,103.0,1.3521277969445802,False
72,62,506640.0,9693860.0,33.05974131547671,-2.7697214471187754,HerbaceousVegetation,0.7797149,0.0141533315,19,82.0,1.9908094605953186,False
72,63,507280.0,9693860.0,33.06549951213898,-2.7697211413262006,HerbaceousVegetation,0.83994776,0.14657368,16,69.0,2.63013213309169,False
72,64,507920.0,9693860.0,33.0712577081337,-2.769720807414833,HerbaceousVegetation,0.59229714,0.37782425,10,43.0,3.269719829992634,False
72,65,508560.0,9693860.0,33.077015903402206,-2.769720445384689,HerbaceousVegetation,0.8607574,0.10639882,19,82.0,3.909442478892953,False
72,66,509200.0,9693860.0,33.08277409788581,-2.769720055235786,HerbaceousVegetation,0.7449169,0.22169009,25,108.0,3.7103900125012106,False
72,67,509840.0,9693860.0,33.08853229152582,-2.769719636968145,HerbaceousVegetation,0.9234251,0.0019728807,22,95.0,3.3471713116449417,False
72,68,510480.0,9693860.0,33.09429048426356,-2.769719190581786,HerbaceousVegetation,0.99781764,4.358473e-05,4,17.0,3.0756003534479426,False
72,69,511120.0,9693860.0,33.10004867604033,-2.7697187160767327,HerbaceousVegetation,0.93792,0.03909785,12,52.0,2.9213488800140417,False
72,70,511760.0,9693860.0,33.105806866797465,-2.7697182134530083,HerbaceousVegetation,0.86126906,0.03614474,20,86.0,2.90317774574508,False
72,71,512400.0,9693860.0,33.11156505647627,-2.7697176827106382,HerbaceousVegetation,0.9927095,0.00046290547,18,77.0,3.023541428196358,False
72,72,513040.0,9693860.0,33.11732324501806,-2.7697171238496496,HerbaceousVegetation,0.9584174,0.00035096938,6,26.0,3.2671645983405644,False
72,73,513680.0,9693860.0,33.12308143236416,-2.76971653687007,HerbaceousVegetation,0.77245784,0.00019260893,1,4.0,3.609172516973946,False
72,74,514320.0,9693860.0,33.12883961845588,-2.7697159217719305,HerbaceousVegetation,0.9898269,0.0016689014,0,0.0,4.024560597370877,False
72,75,514960.0,9693860.0,33.13459780323453,-2.76971527855526,PermanentCrop,0.5427174,0.04087305,22,95.0,4.493022339866609,False
72,76,515600.0,9693860.0,33.14035598664144,-2.769714607220093,PermanentCrop,0.8477552,0.059592716,16,69.0,4.99966113763429,False
72,77,516240.0,9693860.0,33.146114168617906,-2.7697139077664623,HerbaceousVegetation,0.7189563,0.0032596877,27,116.0,5.5340015572640375,True
72,78,516880.0,9693860.0,33.15187234910526,-2.769713180194404,HerbaceousVegetation,0.7059523,0.0033162725,0,0.0,6.088754797200408,False
72,79,517520.0,9693860.0,33.15763052804482,-2.769712424503953,HerbaceousVegetation,0.980558,0.0009193735,0,0.0,6.658820971092494,False
72,80,518160.0,9693860.0,33.1633887053779,-2.7697116406951507,HerbaceousVegetation,0.9847098,9.602427e-07,5,22.0,7.240584124895682,True
72,81,518800.0,9693860.0,33.169146881045805,-2.769710828768034,PermanentCrop,0.6534732,0.018424422,38,163.0,7.83143794039904,True
72,82,519440.0,9693860.0,33.174905054989864,-2.769709988722645,HerbaceousVegetation,0.99368304,0.00013852876,14,60.0,8.27348183564253,True
72,83,520080.0,9693860.0,33.18066322715139,-2.7697091205590265,HerbaceousVegetation,0.72886884,0.0037181363,2,9.0,8.426022486719488,True
72,84,520720.0,9693860.0,33.186421397471705,-2.7697082242772213,Pasture,0.9275001,0.0030630073,9,39.0,8.623480052084432,True
72,85,521360.0,9693860.0,33.19217956589211,-2.769707299877275,HerbaceousVegetation,0.66266125,0.07981131,9,39.0,8.8628528968213,True
73,0,466960.0,9693220.0,32.70273281863243,-2.7754755567809486,HerbaceousVegetation,0.87340003,0.0038296848,136,585.0,0.1314665715561676,False
73,1,467600.0,9693220.0,32.70849097006298,-2.7754769973370523,HerbaceousVegetation,0.90392303,0.018125985,23,99.0,0.6283055839900996,False
73,2,468240.0,9693220.0,32.71424912446446,-2.7754784097172243,HerbaceousVegetation,0.6980027,0.11489972,8,34.0,1.26152778578577,False
73,3,468880.0,9693220.0,32.720007281778166,-2.775479793921392,HerbaceousVegetation,0.9587168,0.00019590394,11,47.0,1.8992990290488632,False
73,4,469520.0,9693220.0,32.72576544194542,-2.775481149949486,HerbaceousVegetation,0.95639366,0.022892907,3,13.0,2.53819251617807,False
73,5,470160.0,9693220.0,32.731523604907565,-2.775482477801438,HerbaceousVegetation,0.9857388,0.001813038,8,34.0,3.17753138404938,False
73,6,470800.0,9693220.0,32.73728177060589,-2.7754837774771803,HerbaceousVegetation,0.67770666,0.002377511,17,73.0,3.81709184380664,False
73,7,471440.0,9693220.0,32.74303993898171,-2.7754850489766483,HerbaceousVegetation,0.99805707,9.021045e-05,0,0.0,4.456778499262846,False
73,8,472080.0,9693220.0,32.74879810997636,-2.7754862922997767,HerbaceousVegetation,0.9774744,0.00064438133,6,26.0,3.982120869261894,False
73,9,472720.0,9693220.0,32.75455628353116,-2.775487507446502,PermanentCrop,0.5124859,0.042957343,7,30.0,3.347447011893319,False
73,10,473360.0,9693220.0,32.760314459587406,-2.7754886944167656,HerbaceousVegetation,0.9952566,0.00047030594,3,13.0,2.715274641257476,False
73,11,474000.0,9693220.0,32.76607263808642,-2.775489853210505,HerbaceousVegetation,0.9890176,0.00016658638,8,34.0,2.087877213218805,False
73,12,474640.0,9693220.0,32.77183081896953,-2.7754909838276625,HerbaceousVegetation,0.9510696,0.009635716,8,34.0,1.4713755936200417,False
73,13,475280.0,9693220.0,32.77758900217804,-2.775492086268181,HerbaceousVegetation,0.808212,0.046285115,2,9.0,0.8887412545410144,False
73,14,475920.0,9693220.0,32.78334718765328,-2.775493160532005,HerbaceousVegetation,0.9890547,0.0050697387,3,13.0,0.48371055141018254,False
73,15,476560.0,9693220.0,32.789105375336554,-2.77549420661908,HerbaceousVegetation,0.9922623,0.00019950436,79,340.0,0.7051884695370093,False
73,16,477200.0,9693220.0,32.79486356516918,-2.7754952245293527,HerbaceousVegetation,0.988364,6.5311756e-06,6,26.0,1.2569032013605326,False
73,17,477840.0,9693220.0,32.80062175709248,-2.775496214262773,HerbaceousVegetation,0.9895544,0.00038442767,0,0.0,1.8658833129680865,False
73,18,478480.0,9693220.0,32.80637995104776,-2.775497175819289,Residential,0.8426515,0.8426515,3,13.0,2.4904689152115846,False
73,19,479120.0,9693220.0,32.81213814697634,-2.775498109198854,HerbaceousVegetation,0.9758362,0.0010921574,8,34.0,3.1213058641628786,False
73,20,479760.0,9693220.0,32.81789634481954,-2.77549901440142,HerbaceousVegetation,0.9288349,0.0038612625,20,86.0,3.7552450223227756,False
73,21,480400.0,9693220.0,32.82365454451867,-2.77549989142694,HerbaceousVegetation,0.724669,0.023628933,4,17.0,4.390942957691706,False
73,22,481040.0,9693220.0,32.829412746015045,-2.775500740275372,Pasture,0.50391847,0.00012477762,6,26.0,5.027732584150115,True
73,23,481680.0,9693220.0,32.83517094924999,-2.7755015609466724,HerbaceousVegetation,0.5791309,0.008439493,30,129.0,5.36551871836128,True
73,24,482320.0,9693220.0,32.840929154164805,-2.775502353440799,Pasture,0.99865973,2.899524e-05,7,30.0,5.192066854249298,True
73,25,482960.0,9693220.0,32.84668736070082,-2.775503117757712,HerbaceousVegetation,0.72194725,0.0034421291,17,73.0,5.093675030948,True
73,26,483600.0,9693220.0,32.85244556879933,-2.7755038538973738,HerbaceousVegetation,0.88839686,0.00011757633,14,60.0,5.074711067914314,True
73,27,484240.0,9693220.0,32.85820377840168,-2.775504561859746,HerbaceousVegetation,0.9766916,4.2499078e-06,2,9.0,5.136054859979686,True
73,28,484880.0,9693220.0,32.86396198944915,-2.775505241644794,Pasture,0.9372016,0.0009430584,1,4.0,5.274905366604209,True
73,29,485520.0,9693220.0,32.869720201883084,-2.7755058932524803,HerbaceousVegetation,0.49890822,0.0014390991,9,39.0,5.31847320958889,True
73,30,486160.0,9693220.0,32.875478415644785,-2.775506516682776,SeaLake,0.9095825,0.000341497,0,0.0,5.38200525921189,False
73,31,486800.0,9693220.0,32.881236630675566,-2.775507111935648,SeaLake,0.99818796,2.5660998e-05,0,0.0,5.519511204740338,False
73,32,487440.0,9693220.0,32.88699484691674,-2.775507679011066,SeaLake,0.99868935,1.8014238e-05,0,0.0,5.725663915069048,False
73,33,488080.0,9693220.0,32.89275306430963,-2.7755082179090023,SeaLake,0.998652,1.855996e-05,0,0.0,5.993383902053456,False
73,34,488720.0,9693220.0,32.898511282795546,-2.775508728629428,SeaLake,0.9990926,1.4250508e-05,0,0.0,6.314845518812254,False
73,35,489360.0,9693220.0,32.90426950231579,-2.775509211172319,SeaLake,0.9991561,1.285665e-05,0,0.0,6.543652185780372,False
73,36,490000.0,9693220.0,32.9100277228117,-2.775509665537649,SeaLake,0.9989002,1.7580323e-05,0,0.0,6.131255851771055,False
73,37,490640.0,9693220.0,32.915785944224574,-2.775510091725397,SeaLake,0.998766,1.8960376e-05,0,0.0,5.760591350832428,False
73,38,491280.0,9693220.0,32.921544166495735,-2.775510489735541,SeaLake,0.998198,2.7950135e-05,0,0.0,5.440195502249338,False
73,39,491920.0,9693220.0,32.927302389566485,-2.7755108595680604,SeaLake,0.99971503,5.7469683e-06,0,0.0,5.179405515510683,False
73,40,492560.0,9693220.0,32.93306061337815,-2.775511201222936,SeaLake,0.9996425,6.3220987e-06,0,0.0,4.987580163316782,False
73,41,493200.0,9693220.0,32.93881883787204,-2.775511514700152,SeaLake,0.99985325,3.588375e-06,0,0.0,4.872870845499562,False
73,42,493840.0,9693220.0,32.94457706298947,-2.775511799999691,SeaLake,0.99972814,5.7842794e-06,0,0.0,4.68490567517612,False
73,43,494480.0,9693220.0,32.950335288671745,-2.77551205712154,SeaLake,0.9981311,7.4932286e-05,0,0.0,4.110932251855457,False
73,44,495120.0,9693220.0,32.9560935148602,-2.7755122860656853,HerbaceousVegetation,0.9953585,7.234411e-06,14,60.0,3.559548675519601,False
73,45,495760.0,9693220.0,32.96185174149613,-2.775512486832115,HerbaceousVegetation,0.97419906,0.0012362492,36,155.0,3.0430592448129095,False
73,46,496400.0,9693220.0,32.967609968520854,-2.77551265942082,HerbaceousVegetation,0.73321736,0.21501437,269,1157.0,2.5824856943435877,False
73,47,497040.0,9693220.0,32.973368195875686,-2.775512803831791,HerbaceousVegetation,0.61376673,0.013241938,0,0.0,2.213019465693252,False
73,48,497680.0,9693220.0,32.97912642350195,-2.77551292006502,Pasture,0.6613923,0.057102017,0,0.0,1.986171681800245,False
73,49,498320.0,9693220.0,32.98488465134094,-2.7755130081205026,Residential,0.7100791,0.7100791,10,43.0,1.9523065188727873,False
73,50,498960.0,9693220.0,32.99064287933399,-2.775513067998233,HerbaceousVegetation,0.9763851,0.00070422655,15,64.0,2.120689401511015,False
73,51,499600.0,9693220.0,32.9964011074224,-2.775513099698209,HerbaceousVegetation,0.8193497,0.018958014,11,47.0,2.449968638927673,False
73,52,500240.0,9693220.0,33.00215933554749,-2.7755131032204283,HerbaceousVegetation,0.97928506,0.0011778594,0,0.0,2.8855795129881763,False
73,53,500880.0,9693220.0,33.00791756365057,-2.775513078564891,HerbaceousVegetation,0.99702376,0.00033013502,2,9.0,3.3867376514612184,False
73,54,501520.0,9693220.0,33.013675791672966,-2.7755130257315987,HerbaceousVegetation,0.87582946,0.06700415,8,34.0,3.2194184076290626,False
73,55,502160.0,9693220.0,33.01943401955597,-2.775512944720555,Forest,0.66406286,0.068040326,0,0.0,2.6010243390838292,False
73,56,502800.0,9693220.0,33.02519224724092,-2.775512835531761,HerbaceousVegetation,0.79074824,0.10827425,0,0.0,1.9962966567201599,False
73,57,503440.0,9693220.0,33.030950474669105,-2.775512698165226,HerbaceousVegetation,0.6345144,0.2263939,10,43.0,1.4227695072490507,False
73,58,504080.0,9693220.0,33.03670870178186,-2.775512532620954,Residential,0.3949644,0.3949644,33,142.0,0.9394390879047592,False
73,59,504720.0,9693220.0,33.04246692852049,-2.775512338898954,HerbaceousVegetation,0.952016,0.0037906156,55,236.0,0.7483438574672373,False
73,60,505360.0,9693220.0,33.04822515482631,-2.7755121169992365,HerbaceousVegetation,0.99677306,0.00024981346,4,17.0,1.0279548910991005,False
73,61,506000.0,9693220.0,33.05398338064064,-2.7755118669218124,HerbaceousVegetation,0.8488143,0.026147597,20,86.0,1.540312951078508,False
73,62,506640.0,9693220.0,33.05974160590478,-2.775511588666695,HerbaceousVegetation,0.8880058,0.019902218,3,13.0,2.123119571853126,False
73,63,507280.0,9693220.0,33.065499830560064,-2.775511282233896,HerbaceousVegetation,0.9978654,1.1391252e-06,0,0.0,2.7316495832209924,False
73,64,507920.0,9693220.0,33.07125805454778,-2.7755109476234336,HerbaceousVegetation,0.9549368,0.00096441456,10,43.0,3.351922161184093,False
73,65,508560.0,9693220.0,33.07701627780927,-2.775510584835324,HerbaceousVegetation,0.9428632,0.0014555805,8,34.0,3.722311212329642,False
73,66,509200.0,9693220.0,33.08277450028582,-2.775510193869584,Residential,0.48721915,0.48721915,13,56.0,3.2361956841429036,False
73,67,509840.0,9693220.0,33.08853272191877,-2.775509774726236,HerbaceousVegetation,0.7859228,0.00024346926,0,0.0,2.8123876423237504,False
73,68,510480.0,9693220.0,33.09429094264942,-2.7755093274052984,HerbaceousVegetation,0.9715479,0.0006672497,8,34.0,2.4829993949506974,False
73,69,511120.0,9693220.0,33.10004916241909,-2.775508851906796,HerbaceousVegetation,0.96731424,0.004983915,6,26.0,2.2891587406634164,False
73,70,511760.0,9693220.0,33.105807381169086,-2.775508348230751,HerbaceousVegetation,0.9939056,0.00038635693,11,47.0,2.2659235389981514,False
73,71,512400.0,9693220.0,33.111565598840734,-2.7755078163771905,HerbaceousVegetation,0.8701688,0.0004413343,28,120.0,2.4182165389427173,False
73,72,513040.0,9693220.0,33.117323815375336,-2.7755072563461405,HerbaceousVegetation,0.9921038,7.501179e-05,5,22.0,2.7166768254332867,False
73,73,513680.0,9693220.0,33.12308203071422,-2.775506668137629,HerbaceousVegetation,0.97104853,2.1604603e-05,0,0.0,3.1196305419835326,False
73,74,514320.0,9693220.0,33.12884024479869,-2.7755060517516865,HerbaceousVegetation,0.9813456,0.0004131459,0,0.0,3.5920824688621305,False
73,75,514960.0,9693220.0,33.134598457570064,-2.775505407188344,HerbaceousVegetation,0.8808283,0.0003067447,0,0.0,4.110136032753276,False
73,76,515600.0,9693220.0,33.14035666896966,-2.7755047344476336,HerbaceousVegetation,0.9522021,0.00032363765,37,159.0,4.658602789717861,False
73,77,516240.0,9693220.0,33.14611487893879,-2.775504033529589,HerbaceousVegetation,0.96140206,0.0016616044,23,99.0,5.227919442473958,True
73,78,516880.0,9693220.0,33.151873087418764,-2.7755033044342468,HerbaceousVegetation,0.4248306,0.013995577,0,0.0,5.8119620991217245,False
73,79,517520.0,9693220.0,33.15763129435091,-2.7755025471616435,HerbaceousVegetation,0.6253432,0.0005108789,1,4.0,6.406704705717098,True
73,80,518160.0,9693220.0,33.16338949967652,-2.775501761711816,HerbaceousVegetation,0.6086604,0.0001542791,21,90.0,7.009424151161619,True
73,81,518800.0,9693220.0,33.16914770333693,-2.7755009480848054,Pasture,0.5528547,0.0022108904,26,112.0,7.533916885733056,True
73,82,519440.0,9693220.0,33.174905905273455,-2.775500106280652,Pasture,0.48498186,0.2915307,10,43.0,7.647748485870157,True
73,83,520080.0,9693220.0,33.1806641054274,-2.7754992362993995,HerbaceousVegetation,0.46249223,0.003638404,1,4.0,7.812516250551092,True
73,84,520720.0,9693220.0,33.18642230374008,-2.775498338141092,HerbaceousVegetation,0.5726782,0.007046945,0,0.0,8.02508339066458,False
73,85,521360.0,9693220.0,33.192180500152816,-2.775497411805772,HerbaceousVegetation,0.96441054,0.00010614243,0,0.0,8.281770142253173,False
74,0,466960.0,9692580.0,32.702731370491875,-2.781265622479088,HerbaceousVegetation,0.96767396,0.0004857188,14,60.0,0.7694593121715239,False
74,1,467600.0,9692580.0,32.70848954997235,-2.7812670660449434,HerbaceousVegetation,0.99351597,4.375309e-05,72,310.0,0.984658357260975,False
74,2,468240.0,9692580.0,32.71424773242382,-2.781268481376,HerbaceousVegetation,0.6374322,0.0021629476,18,77.0,1.4718140262819515,False
74,3,468880.0,9692580.0,32.7200059177876,-2.7812698684721835,HerbaceousVegetation,0.7398419,0.003482962,8,34.0,2.045023465732532,False
74,4,469520.0,9692580.0,32.725764106004995,-2.781271227333425,HerbaceousVegetation,0.9560615,1.826965e-05,6,26.0,2.6490008348117033,False
74,5,470160.0,9692580.0,32.731522297017335,-2.781272557959657,HerbaceousVegetation,0.88717026,0.0080291685,13,56.0,3.2667246394928227,False
74,6,470800.0,9692580.0,32.737280490765926,-2.7812738603508103,HerbaceousVegetation,0.79627126,0.051816992,5,22.0,3.8916544447967008,False
74,7,471440.0,9692580.0,32.74303868719208,-2.7812751345068203,HerbaceousVegetation,0.9877642,5.8015292e-05,4,17.0,4.520802889437044,False
74,8,472080.0,9692580.0,32.74879688623714,-2.781276380427622,HerbaceousVegetation,0.93058616,0.000587009,1,4.0,4.107128771041645,False
74,9,472720.0,9692580.0,32.754555087842384,-2.781277598113152,HerbaceousVegetation,0.96761715,0.00037738436,20,86.0,3.495228407692473,False
74,10,473360.0,9692580.0,32.76031329194915,-2.7812787875633505,HerbaceousVegetation,0.96749175,0.00026528022,7,30.0,2.8955028064159887,False
74,11,474000.0,9692580.0,32.766071498498754,-2.7812799487781565,HerbaceousVegetation,0.9754186,0.00082604116,14,60.0,2.317423436056793,False
74,12,474640.0,9692580.0,32.771829707432495,-2.781281081757511,HerbaceousVegetation,0.9314572,0.0008143408,2,9.0,1.7821801990841666,False
74,13,475280.0,9692580.0,32.7775879186917,-2.781282186501358,HerbaceousVegetation,0.9771847,0.000939278,15,64.0,1.3420436438618852,False
74,14,475920.0,9692580.0,32.78334613221768,-2.781283263009639,HerbaceousVegetation,0.9925215,8.421553e-06,9,39.0,1.115883516345901,False
74,15,476560.0,9692580.0,32.78910434795176,-2.781284311282302,HerbaceousVegetation,0.9996551,2.886228e-07,11,47.0,1.2282145179384991,False
74,16,477200.0,9692580.0,32.79486256583524,-2.7812853313192947,HerbaceousVegetation,0.96899575,0.0011356095,6,26.0,1.6096663573850658,False
74,17,477840.0,9692580.0,32.80062078580944,-2.7812863231205625,Pasture,0.5738924,0.0066143144,0,0.0,2.119608610597653,False
74,18,478480.0,9692580.0,32.80637900781567,-2.781287286686058,HerbaceousVegetation,0.9957728,2.5601546e-05,10,43.0,2.6858249276790396,False
74,19,479120.0,9692580.0,32.81213723179526,-2.781288222015732,HerbaceousVegetation,0.99573874,0.00092621485,8,34.0,3.279294195732448,False
74,20,479760.0,9692580.0,32.8178954576895,-2.781289129109536,HerbaceousVegetation,0.6908072,0.0038003619,13,56.0,3.8545282463794286,False
74,21,480400.0,9692580.0,32.82365368543973,-2.781290007967425,HerbaceousVegetation,0.8165262,0.0021331296,15,64.0,4.32838264700314,False
74,22,481040.0,9692580.0,32.82941191498724,-2.7812908585893554,Highway,0.4993399,0.00031670777,14,60.0,4.840620277982867,False
74,23,481680.0,9692580.0,32.83517014627336,-2.781291680975283,HerbaceousVegetation,0.93842214,0.000697277,11,47.0,5.380289305637753,True
74,24,482320.0,9692580.0,32.84092837923939,-2.7812924751251664,Pasture,0.85885316,0.012801964,0,0.0,5.818863332910202,False
74,25,482960.0,9692580.0,32.846686613826655,-2.781293241038966,Pasture,0.96537536,4.948286e-05,0,0.0,5.731242237856968,False
74,26,483600.0,9692580.0,32.85244484997648,-2.781293978716643,HerbaceousVegetation,0.4869028,0.018355183,15,64.0,5.714394516561197,True
74,27,484240.0,9692580.0,32.858203087630145,-2.78129468815816,HerbaceousVegetation,0.9639791,0.0008537665,5,22.0,5.768940266011912,True
74,28,484880.0,9692580.0,32.86396132672899,-2.7812953693634817,HerbaceousVegetation,0.9553986,0.00089813466,12,52.0,5.892897325995296,True
74,29,485520.0,9692580.0,32.869719567214325,-2.781296022332572,River,0.90734476,0.0015347801,1,4.0,5.958022972432613,True
74,30,486160.0,9692580.0,32.87547780902745,-2.7812966470654,SeaLake,0.9990101,3.860724e-05,0,0.0,6.014803493806299,False
74,31,486800.0,9692580.0,32.8812360521097,-2.781297243561933,SeaLake,0.9977579,2.8711838e-05,0,0.0,6.138149916560701,False
74,32,487440.0,9692580.0,32.886994296402364,-2.7812978118221414,SeaLake,0.99877185,1.6854208e-05,0,0.0,6.3241685403888335,False
74,33,488080.0,9692580.0,32.89275254184677,-2.7812983518459955,SeaLake,0.9992963,1.0042952e-05,0,0.0,6.567536148078175,False
74,34,488720.0,9692580.0,32.89851078838423,-2.781298863633469,SeaLake,0.999208,1.2170091e-05,0,0.0,6.862153771621793,False
74,35,489360.0,9692580.0,32.904269035956055,-2.7812993471845355,SeaLake,0.9985108,2.1084803e-05,0,0.0,7.030248203674551,False
74,36,490000.0,9692580.0,32.91002728450356,-2.781299802499172,SeaLake,0.9982578,2.7058773e-05,0,0.0,6.648105308783685,False
74,37,490640.0,9692580.0,32.91578553396805,-2.781300229577353,SeaLake,0.99868184,1.9447469e-05,0,0.0,6.30788542921369,False
74,38,491280.0,9692580.0,32.92154378429084,-2.781300628419059,SeaLake,0.9981814,2.8810444e-05,0,0.0,6.016704494945298,False
74,39,491920.0,9692580.0,32.92730203541325,-2.7813009990242685,SeaLake,0.9996883,4.5802662e-06,0,0.0,5.781976078375239,False
74,40,492560.0,9692580.0,32.93306028727659,-2.781301341392964,SeaLake,0.99982834,1.8012206e-06,0,0.0,5.610789762797397,False
74,41,493200.0,9692580.0,32.93881853982217,-2.781301655525127,SeaLake,0.9999479,8.916335e-07,0,0.0,5.509072168135087,False
74,42,493840.0,9692580.0,32.944576792991306,-2.7813019414207423,SeaLake,0.9996895,5.240396e-06,0,0.0,4.9841328641571385,False
74,43,494480.0,9692580.0,32.95033504672531,-2.781302199079795,SeaLake,0.999695,4.3390073e-06,0,0.0,4.4489328160379324,False
74,44,495120.0,9692580.0,32.95609330096549,-2.781302428502274,SeaLake,0.86820465,0.005464831,2,9.0,3.945076171085569,False
74,45,495760.0,9692580.0,32.96185155565316,-2.781302629688165,River,0.36275023,0.020421982,8,34.0,3.4861796840833,False
74,46,496400.0,9692580.0,32.967609810729634,-2.78130280263746,HerbaceousVegetation,0.96924037,0.0024743525,54,232.0,3.0923246245766483,False
74,47,497040.0,9692580.0,32.97336806613624,-2.7813029473501474,HerbaceousVegetation,0.53677964,0.426571,51,219.0,2.7911815379532507,False
74,48,497680.0,9692580.0,32.97912632181426,-2.7813030638262224,HerbaceousVegetation,0.9858719,0.004094779,10,43.0,2.6149793826833587,False
74,49,498320.0,9692580.0,32.984884577705024,-2.781303152065679,HerbaceousVegetation,0.98908013,0.00067694695,22,95.0,2.589351263522778,False
74,50,498960.0,9692580.0,32.99064283374985,-2.7813032120685124,HerbaceousVegetation,0.9920838,9.76071e-06,0,0.0,2.7185589491410656,False
74,51,499600.0,9692580.0,32.99640108989004,-2.7813032438347185,HerbaceousVegetation,0.6489206,0.0028241947,3,13.0,2.9825468234384753,False
74,52,500240.0,9692580.0,33.00215934606691,-2.7813032473642973,HerbaceousVegetation,0.9000528,0.04490607,6,26.0,3.34959823681153,False
74,53,500880.0,9692580.0,33.00791760222177,-2.781303222657248,HerbaceousVegetation,0.8687881,0.06078764,54,232.0,3.789885373213664,False
74,54,501520.0,9692580.0,33.01367585829593,-2.781303169713571,HerbaceousVegetation,0.778069,0.19581702,49,211.0,3.4246414836258157,False
74,55,502160.0,9692580.0,33.01943411423072,-2.78130308853327,HerbaceousVegetation,0.74854183,0.0037340596,54,232.0,2.8511124180741185,False
74,56,502800.0,9692580.0,33.02519236996743,-2.7813029791163486,HerbaceousVegetation,0.7844108,0.006689487,28,120.0,2.312728853459062,False
74,57,503440.0,9692580.0,33.03095062544739,-2.781302841462814,HerbaceousVegetation,0.7249802,0.23657946,10,43.0,1.8405943275876098,False
74,58,504080.0,9692580.0,33.03670888061189,-2.781302675572669,HerbaceousVegetation,0.9665295,0.016477259,7,30.0,1.4986861605664157,False
74,59,504720.0,9692580.0,33.04246713540227,-2.781302481445927,HerbaceousVegetation,0.97262335,0.0035232934,4,17.0,1.3869148989750322,False
74,60,505360.0,9692580.0,33.04822538975982,-2.7813022590825947,HerbaceousVegetation,0.3377898,0.0013648293,7,30.0,1.5557010208020507,False
74,61,506000.0,9692580.0,33.05398364362587,-2.7813020084826845,HerbaceousVegetation,0.9899885,8.733218e-05,0,0.0,1.9328937878864842,False
74,62,506640.0,9692580.0,33.05974189694173,-2.7813017296462075,HerbaceousVegetation,0.9877336,0.00050834124,0,0.0,2.42304583621024,False
74,63,507280.0,9692580.0,33.0655001496487,-2.78130142257318,HerbaceousVegetation,0.7083276,0.0058816047,17,73.0,2.970761493876848,False
74,64,507920.0,9692580.0,33.0712584016881,-2.7813010872636164,HerbaceousVegetation,0.5435996,0.034878604,22,95.0,3.5494924401422545,False
74,65,508560.0,9692580.0,33.077016653001245,-2.7813007237175333,Pasture,0.61061925,0.01565396,10,43.0,3.3735395688551497,False
74,66,509200.0,9692580.0,33.08277490352945,-2.7813003319349496,Pasture,0.6501336,0.0026724134,7,30.0,2.8280967040151896,False
74,67,509840.0,9692580.0,33.088533153214016,-2.7812999119158857,HerbaceousVegetation,0.9899232,0.0048762793,12,52.0,2.331242739804623,False
74,68,510480.0,9692580.0,33.094291401996266,-2.7812994636603614,HerbaceousVegetation,0.9440269,0.0007653417,25,108.0,1.9210555578956985,False
74,69,511120.0,9692580.0,33.10004964981751,-2.7812989871683995,HerbaceousVegetation,0.9922983,0.0017789077,9,39.0,1.662954058641471,False
74,70,511760.0,9692580.0,33.10580789661906,-2.7812984824400258,HerbaceousVegetation,0.9964801,7.8377096e-05,0,0.0,1.630821248875035,False
74,71,512400.0,9692580.0,33.11156614234223,-2.7812979494752645,HerbaceousVegetation,0.9987413,3.531581e-06,1,4.0,1.8365564762382116,False
74,72,513040.0,9692580.0,33.11732438692834,-2.7812973882741416,HerbaceousVegetation,0.9940245,0.000539855,20,86.0,2.214836661030042,False
74,73,513680.0,9692580.0,33.123082630318684,-2.781296798836687,HerbaceousVegetation,0.9934859,0.00018329252,10,43.0,2.693930804544336,False
74,74,514320.0,9692580.0,33.1288408724546,-2.78129618116293,HerbaceousVegetation,0.9870497,3.5923207e-05,4,17.0,3.2292762229798617,False
74,75,514960.0,9692580.0,33.13459911327738,-2.781295535252902,HerbaceousVegetation,0.9987244,5.3607187e-07,1,4.0,3.797155075702501,False
74,76,515600.0,9692580.0,33.140357352728344,-2.781294861106636,HerbaceousVegetation,0.9834,0.00076449674,35,150.0,4.38494565685408,False
74,77,516240.0,9692580.0,33.14611559074881,-2.781294158724164,HerbaceousVegetation,0.99129444,7.01134e-05,5,22.0,4.985610309500096,False
74,78,516880.0,9692580.0,33.1518738272801,-2.781293428105524,HerbaceousVegetation,0.9058369,9.514804e-05,0,0.0,5.595004191492963,False
74,79,517520.0,9692580.0,33.1576320622635,-2.7812926692507505,HerbaceousVegetation,0.69718647,0.003630146,0,0.0,6.210558239599241,False
74,80,518160.0,9692580.0,33.16339029564035,-2.7812918821598847,Pasture,0.98396474,0.0031554943,27,116.0,6.830607249145877,True
74,81,518800.0,9692580.0,33.16914852735195,-2.7812910668329645,Pasture,0.9902178,6.8476747e-06,7,30.0,6.900482509184129,True
74,82,519440.0,9692580.0,33.17490675733962,-2.7812902232700307,HerbaceousVegetation,0.51477855,0.039081123,49,211.0,7.024586259812865,True
74,83,520080.0,9692580.0,33.18066498554467,-2.781289351471127,Pasture,0.8052258,0.018838534,6,26.0,7.203621685204416,True
74,84,520720.0,9692580.0,33.186423211908405,-2.781288451436297,HerbaceousVegetation,0.9192304,0.0009976547,1,4.0,7.433620830089662,True
74,85,521360.0,9692580.0,33.19218143637215,-2.7812875231655867,HerbaceousVegetation,0.9416803,0.0019306109,0,0.0,7.710024118479692,False
75,0,466960.0,9691940.0,32.70272991932164,-2.787055687606939,HerbaceousVegetation,0.98993874,0.0006725794,27,116.0,1.4092735031704158,False
75,1,467600.0,9691940.0,32.70848812691073,-2.787057134182574,HerbaceousVegetation,0.8799427,0.003492108,41,176.0,1.5373796714457437,False
75,2,468240.0,9691940.0,32.714246337470875,-2.7870585524645417,HerbaceousVegetation,0.76895463,0.004128988,4,17.0,1.8868547113148462,False
75,3,468880.0,9691940.0,32.7200045509434,-2.7870599424527684,HerbaceousVegetation,0.9505352,0.007125843,16,69.0,2.3613778073504963,False
75,4,469520.0,9691940.0,32.72576276726962,-2.7870613041471843,HerbaceousVegetation,0.9395725,0.0011350329,5,22.0,2.9002050955895937,False
75,5,470160.0,9691940.0,32.73152098639085,-2.787062637547721,HerbaceousVegetation,0.7506588,0.0015866444,0,0.0,3.4735391237065762,False
75,6,470800.0,9691940.0,32.737279208248395,-2.787063942654311,HerbaceousVegetation,0.9544197,2.8949855e-05,0,0.0,4.066811833777985,False
75,7,471440.0,9691940.0,32.743037432783574,-2.7870652194668875,HerbaceousVegetation,0.99615693,0.0018807378,4,17.0,4.672434369661394,False
75,8,472080.0,9691940.0,32.748795659937706,-2.7870664679853867,HerbaceousVegetation,0.87289816,0.00053844997,3,13.0,4.324225579965158,False
75,9,472720.0,9691940.0,32.7545538896521,-2.7870676882097456,HerbaceousVegetation,0.9961844,0.0003868397,5,22.0,3.747938332796767,False
75,10,473360.0,9691940.0,32.76031212186807,-2.787068880139903,HerbaceousVegetation,0.98024553,0.00033709264,12,52.0,3.1959907112615045,False
75,11,474000.0,9691940.0,32.76607035652693,-2.787070043775797,HerbaceousVegetation,0.99499595,0.00013052521,1,4.0,2.683443963732469,False
75,12,474640.0,9691940.0,32.77182859357,-2.7870711791173712,HerbaceousVegetation,0.99906886,2.3744687e-06,5,22.0,2.23754025360766,False
75,13,475280.0,9691940.0,32.77758683293858,-2.787072286164566,HerbaceousVegetation,0.9891535,0.0010011459,4,17.0,1.9056498278899607,False
75,14,475920.0,9691940.0,32.783345074574,-2.787073364917328,HerbaceousVegetation,0.9982863,5.4502863e-05,0,0.0,1.75374346657641,False
75,15,476560.0,9691940.0,32.78910331841756,-2.7870744153756,HerbaceousVegetation,0.69624716,0.00011432589,0,0.0,1.8272742067303007,False
75,16,477200.0,9691940.0,32.79486156441058,-2.7870754375393294,HerbaceousVegetation,0.97748065,0.0012248311,0,0.0,2.102723449863119,False
75,17,477840.0,9691940.0,32.800619812494375,-2.7870764314084666,HerbaceousVegetation,0.9327038,0.00063721254,4,17.0,2.2450508493995294,False
75,18,478480.0,9691940.0,32.80637806261024,-2.7870773969829594,HerbaceousVegetation,0.9948637,2.641325e-05,16,69.0,2.541684806015604,False
75,19,479120.0,9691940.0,32.81213631469951,-2.7870783342627594,HerbaceousVegetation,0.75934064,0.071467504,2,9.0,2.949452489848176,False
75,20,479760.0,9691940.0,32.817894568703494,-2.78707924324782,HerbaceousVegetation,0.8716613,0.0003703394,3,13.0,3.4289325345670827,False
75,21,480400.0,9691940.0,32.82365282456349,-2.787080123938095,HerbaceousVegetation,0.98593587,0.00042419392,15,64.0,3.954122742575611,False
75,22,481040.0,9691940.0,32.82941108222082,-2.78708097633354,HerbaceousVegetation,0.9765487,0.00011014249,3,13.0,4.50907917429875,False
75,23,481680.0,9691940.0,32.835169341616805,-2.7870818004341102,HerbaceousVegetation,0.785522,0.011724603,0,0.0,5.084063663727642,False
75,24,482320.0,9691940.0,32.840927602692744,-2.7870825962397663,HerbaceousVegetation,0.96330297,0.0019650394,11,47.0,5.672989659216449,True
75,25,482960.0,9691940.0,32.846685865389965,-2.7870833637504675,HerbaceousVegetation,0.88212854,0.0056845914,7,30.0,6.271931122893314,True
75,26,483600.0,9691940.0,32.852444129649754,-2.787084102966175,HerbaceousVegetation,0.8068896,0.0005385903,20,86.0,6.354141716943154,True
75,27,484240.0,9691940.0,32.85820239541345,-2.78708481388685,Pasture,0.35725093,0.019448966,34,146.0,6.403240122071499,True
75,28,484880.0,9691940.0,32.86396066262234,-2.787085496512459,SeaLake,0.9899548,8.7727625e-05,0,0.0,6.515140149130727,False
75,29,485520.0,9691940.0,32.86971893121776,-2.787086150842966,SeaLake,0.999802,7.6002507e-06,0,0.0,6.597660054819039,False
75,30,486160.0,9691940.0,32.87547720114101,-2.787086776878338,SeaLake,0.9996851,3.5749463e-06,0,0.0,6.648980487866124,False
75,31,486800.0,9691940.0,32.8812354723334,-2.7870873746185434,SeaLake,0.9983777,2.1555301e-05,0,0.0,6.760766587976111,False
75,32,487440.0,9691940.0,32.88699374473625,-2.7870879440635523,SeaLake,0.9991891,1.2203962e-05,0,0.0,6.930092942101413,False
75,33,488080.0,9691940.0,32.892752018290864,-2.7870884852133364,SeaLake,0.998431,2.2966604e-05,0,0.0,7.1528743533794525,False
75,34,488720.0,9691940.0,32.89851029293855,-2.787088998067868,SeaLake,0.99848664,2.0044467e-05,0,0.0,7.424300293246712,False
75,35,489360.0,9691940.0,32.90426856862064,-2.7870894826271204,SeaLake,0.99876934,1.6841987e-05,0,0.0,7.539800772041014,False
75,36,490000.0,9691940.0,32.910026845278416,-2.7870899388910697,SeaLake,0.9982364,2.7596076e-05,0,0.0,7.184811067347479,False
75,37,490640.0,9691940.0,32.915785122853215,-2.787090366859693,SeaLake,0.9983273,2.5462865e-05,0,0.0,6.871217102150636,False
75,38,491280.0,9691940.0,32.92154340128633,-2.7870907665329683,SeaLake,0.99811125,2.5025345e-05,0,0.0,6.604917778163173,False
75,39,491920.0,9691940.0,32.927301680519086,-2.7870911379108763,SeaLake,0.9994338,7.885114e-06,0,0.0,6.3918270664736,False
75,40,492560.0,9691940.0,32.933059960492784,-2.787091480993397,SeaLake,0.99918145,1.1210428e-05,0,0.0,6.237400711763922,False
75,41,493200.0,9691940.0,32.938818241148745,-2.7870917957805137,SeaLake,0.99962616,4.8892116e-06,0,0.0,5.867009190021531,False
75,42,493840.0,9691940.0,32.94457652242828,-2.787092082272211,SeaLake,0.999415,7.721402e-06,0,0.0,5.343596132741047,False
75,43,494480.0,9691940.0,32.950334804272686,-2.7870923404684738,SeaLake,0.9980323,1.8939241e-05,0,0.0,4.848241168082816,False
75,44,495120.0,9691940.0,32.956093086623284,-2.787092570369289,SeaLake,0.9997664,4.2656507e-06,0,0.0,4.390451596127783,False
75,45,495760.0,9691940.0,32.96185136942139,-2.787092771974645,SeaLake,0.86459225,0.00017490226,0,0.0,3.9832007245416303,False
75,46,496400.0,9691940.0,32.96760965260831,-2.7870929452845314,HerbaceousVegetation,0.54878473,0.00049192767,3,13.0,3.6434751002356163,False
75,47,497040.0,9691940.0,32.97336793612536,-2.787093090298941,HerbaceousVegetation,0.8352546,8.805017e-05,5,22.0,3.2568576061561334,False
75,48,497680.0,9691940.0,32.97912621991383,-2.787093207017864,HerbaceousVegetation,0.9725692,0.0005002338,3,13.0,2.9499618211033676,False
75,49,498320.0,9691940.0,32.984884503915055,-2.7870932954412964,HerbaceousVegetation,0.93920225,0.0011777375,0,0.0,2.7598239119838666,False
75,50,498960.0,9691940.0,32.99064278807034,-2.787093355569233,HerbaceousVegetation,0.80218107,0.0006852691,0,0.0,2.711121779697174,False
75,51,499600.0,9691940.0,32.996401072321,-2.787093387401671,HerbaceousVegetation,0.9959961,0.0012911803,23,99.0,2.8112158550240864,False
75,52,500240.0,9691940.0,33.00215935660834,-2.7870933909386086,HerbaceousVegetation,0.5526071,0.37319502,29,125.0,3.045470056120933,False
75,53,500880.0,9691940.0,33.00791764087366,-2.787093366180046,HerbaceousVegetation,0.99636424,0.0016300431,35,150.0,3.3861543293121885,False
75,54,501520.0,9691940.0,33.01367592505829,-2.7870933131259834,HerbaceousVegetation,0.9752104,0.0020656155,17,73.0,3.7297297086197556,False
75,55,502160.0,9691940.0,33.01943420910354,-2.7870932317764248,HerbaceousVegetation,0.8280968,0.002799117,12,52.0,3.211161227420141,False
75,56,502800.0,9691940.0,33.0251924929507,-2.787093122131373,HerbaceousVegetation,0.98947203,0.0026229124,17,73.0,2.7443449414408616,False
75,57,503440.0,9691940.0,33.030950776541104,-2.7870929841908354,HerbaceousVegetation,0.67128927,0.00065727654,5,22.0,2.3601910699639688,False
75,58,504080.0,9691940.0,33.036709059816054,-2.7870928179548167,HerbaceousVegetation,0.669468,0.14493325,20,86.0,2.10446539906535,False
75,59,504720.0,9691940.0,33.04246734271687,-2.787092623423326,HerbaceousVegetation,0.97594756,7.167384e-05,7,30.0,2.026387757806709,False
75,60,505360.0,9691940.0,33.04822562518484,-2.787092400596376,Pasture,0.5278893,0.059757937,6,26.0,2.1454416967409116,False
75,61,506000.0,9691940.0,33.0539839071613,-2.787092149473974,Residential,0.77381015,0.77381015,32,138.0,2.4328569220651137,False
75,62,506640.0,9691940.0,33.05974218858756,-2.7870918700561345,HerbaceousVegetation,0.9890638,0.004957249,8,34.0,2.837933320634183,False
75,63,507280.0,9691940.0,33.06550046940491,-2.787091562342872,HerbaceousVegetation,0.987481,0.0020435075,2,9.0,3.3178514525956975,False
75,64,507920.0,9691940.0,33.07125874955468,-2.7870912263342,HerbaceousVegetation,0.9768668,0.0009908841,26,112.0,3.731886378120002,False
75,65,508560.0,9691940.0,33.07701702897817,-2.787090862030137,HerbaceousVegetation,0.8653946,0.0026103149,14,60.0,3.118515301201489,False
75,66,509200.0,9691940.0,33.0827753076167,-2.787090469430701,HerbaceousVegetation,0.8750972,4.6152127e-05,4,17.0,2.51843193842081,False
75,67,509840.0,9691940.0,33.08853358541158,-2.787090048535913,HerbaceousVegetation,0.9706808,0.00038823948,2,9.0,1.9439807542998435,False
75,68,510480.0,9691940.0,33.09429186230412,-2.7870895993457934,HerbaceousVegetation,0.9512357,0.0121329,7,30.0,1.4264721931108142,False
75,69,511120.0,9691940.0,33.10005013823562,-2.787089121860364,Residential,0.7303248,0.7303248,37,159.0,1.0534631756015793,False
75,70,511760.0,9691940.0,33.105808413147415,-2.78708861607965,HerbaceousVegetation,0.9872372,0.003248101,6,26.0,1.0019712605552873,False
75,71,512400.0,9691940.0,33.1115666869808,-2.787088082003677,HerbaceousVegetation,0.99726874,4.2658245e-05,8,34.0,1.3104610454374213,False
75,72,513040.0,9691940.0,33.11732495967709,-2.787087519632472,HerbaceousVegetation,0.84295875,0.041823268,23,99.0,1.8027395530800137,False
75,73,513680.0,9691940.0,33.1230832311776,-2.7870869289660627,HerbaceousVegetation,0.91762453,0.05240174,17,73.0,2.3667766351874686,False
75,74,514320.0,9691940.0,33.12884150142364,-2.787086310004479,Residential,0.74515647,0.74515647,33,142.0,2.9618564086564865,False
75,75,514960.0,9691940.0,33.13459977035651,-2.787085662747753,HerbaceousVegetation,0.9737187,0.0017625672,39,168.0,3.572499843265174,False
75,76,515600.0,9691940.0,33.140358037917544,-2.787084987195916,HerbaceousVegetation,0.9358651,3.4239995e-06,3,13.0,4.191910885832364,False
75,77,516240.0,9691940.0,33.14611630404804,-2.7870842833490044,HerbaceousVegetation,0.978456,0.00091810984,20,86.0,4.8167082763428875,False
75,78,516880.0,9691940.0,33.15187456868931,-2.787083551207052,HerbaceousVegetation,0.9968046,6.2952895e-06,6,26.0,5.445038141649722,True
75,79,517520.0,9691940.0,33.157632831782664,-2.787082790770096,HerbaceousVegetation,0.5912856,0.027686123,26,112.0,6.075804647011822,True
75,80,518160.0,9691940.0,33.163391093269425,-2.7870820020381744,HerbaceousVegetation,0.8992077,0.065972686,31,133.0,6.1954548514199415,True
75,81,518800.0,9691940.0,33.1691493530909,-2.787081185011328,PermanentCrop,0.9441974,0.007595759,32,138.0,6.268382094127519,True
75,82,519440.0,9691940.0,33.1749076111884,-2.7870803396895982,HerbaceousVegetation,0.99678904,3.1825002e-05,21,90.0,6.40474568893833,True
75,83,520080.0,9691940.0,33.18066586750324,-2.7870794660730267,HerbaceousVegetation,0.86836183,0.0026974839,24,103.0,6.600615168449811,True
75,84,520720.0,9691940.0,33.18642412197672,-2.787078564161658,HerbaceousVegetation,0.9784539,0.0014540922,40,172.0,6.850888545580445,True
75,85,521360.0,9691940.0,33.19218237455017,-2.787077633955539,HerbaceousVegetation,0.9500515,0.00017235459,5,22.0,7.149855042304072,True
76,0,466960.0,9691300.0,32.702728465121666,-2.792845752163316,HerbaceousVegetation,0.9007571,0.00097455917,3,13.0,2.0492037430155543,False
76,1,467600.0,9691300.0,32.70848670087804,-2.79284720174876,HerbaceousVegetation,0.7860828,0.009938974,1,4.0,2.1393270969688962,False
76,2,468240.0,9691300.0,32.71424493960556,-2.792848622981666,HerbaceousVegetation,0.80866945,8.351513e-05,1,4.0,2.4027910594268853,False
76,3,468880.0,9691300.0,32.72000318124552,-2.7928500158619625,HerbaceousVegetation,0.9906941,0.0004063166,14,60.0,2.7909298312028876,False
76,4,469520.0,9691300.0,32.72576142573924,-2.79285138038958,HerbaceousVegetation,0.94651675,0.009588198,7,30.0,3.259505141909518,False
76,5,470160.0,9691300.0,32.73151967302804,-2.7928527165644472,HerbaceousVegetation,0.98031646,0.0008249976,7,30.0,3.778711184725686,False
76,6,470800.0,9691300.0,32.73727792305323,-2.7928540243864988,HerbaceousVegetation,0.9986657,2.4509487e-05,7,30.0,4.330374425498031,False
76,7,471440.0,9691300.0,32.74303617575612,-2.792855303855667,HerbaceousVegetation,0.98753697,0.00077542936,12,52.0,4.90355249920339,False
76,8,472080.0,9691300.0,32.74879443107801,-2.7928565549718884,HerbaceousVegetation,0.9672894,0.0006162078,4,17.0,4.620448786744849,False
76,9,472720.0,9691300.0,32.75455268896024,-2.7928577777351,HerbaceousVegetation,0.9950334,2.6513972e-05,4,17.0,4.0861549005090785,False
76,10,473360.0,9691300.0,32.7603109493441,-2.792858972145238,HerbaceousVegetation,0.95923185,0.00078502955,0,0.0,3.5866386423748864,False
76,11,474000.0,9691300.0,32.76606921217091,-2.7928601382022444,HerbaceousVegetation,0.99973065,3.4892238e-07,8,34.0,3.1385492876485426,False
76,12,474640.0,9691300.0,32.77182747738198,-2.792861275906059,HerbaceousVegetation,0.96272326,0.0001615792,0,0.0,2.766985094109034,False
76,13,475280.0,9691300.0,32.77758574491864,-2.7928623852566243,HerbaceousVegetation,0.9797656,0.0019959966,6,26.0,2.2960858637910717,False
76,14,475920.0,9691300.0,32.78334401472217,-2.792863466253886,HerbaceousVegetation,0.76795137,0.0008922059,5,22.0,1.8480039585028554,False
76,15,476560.0,9691300.0,32.78910228673391,-2.7928645188977868,HerbaceousVegetation,0.9881661,0.0015027113,10,43.0,1.5418907118804668,False
76,16,477200.0,9691300.0,32.79486056089515,-2.792865543188276,HerbaceousVegetation,0.9685441,0.00026748836,9,39.0,1.4693315841307855,False
76,17,477840.0,9691300.0,32.80061883714722,-2.7928665391253,HerbaceousVegetation,0.97777987,0.0011986918,5,22.0,1.661217517625345,False
76,18,478480.0,9691300.0,32.80637711543142,-2.7928675067088093,HerbaceousVegetation,0.82818866,0.04046795,12,52.0,2.0443952596321346,False
76,19,479120.0,9691300.0,32.812135395689054,-2.7928684459387543,HerbaceousVegetation,0.7685316,0.0019166706,2,9.0,2.533507512194778,False
76,20,479760.0,9691300.0,32.817893677861456,-2.792869356815089,HerbaceousVegetation,0.77318484,0.006567942,4,17.0,3.0784685561311815,False
76,21,480400.0,9691300.0,32.82365196188993,-2.7928702393377662,Pasture,0.5509759,0.00014787237,3,13.0,3.6543777839502907,False
76,22,481040.0,9691300.0,32.829410247715764,-2.7928710935067422,HerbaceousVegetation,0.66996664,0.006643232,7,30.0,4.248668653186604,False
76,23,481680.0,9691300.0,32.8351685352803,-2.7928719193219727,HerbaceousVegetation,0.9985494,0.0001723324,6,26.0,4.854595107865484,False
76,24,482320.0,9691300.0,32.84092682452483,-2.792872716783417,HerbaceousVegetation,0.82869405,0.0018154304,2,9.0,5.46829059195399,True
76,25,482960.0,9691300.0,32.84668511539067,-2.7928734858910342,HerbaceousVegetation,0.9611461,0.00058315636,6,26.0,6.087405878926881,True
76,26,483600.0,9691300.0,32.85244340781914,-2.792874226644785,Pasture,0.79778785,0.0014862312,0,0.0,6.710441019153255,False
76,27,484240.0,9691300.0,32.85820170175153,-2.792874939044633,SeaLake,0.99998474,3.7146475e-07,0,0.0,7.03857203763653,False
76,28,484880.0,9691300.0,32.86395999712918,-2.7928756230905427,SeaLake,0.99886817,1.6338137e-05,0,0.0,7.140522630095627,False
76,29,485520.0,9691300.0,32.86971829389337,-2.7928762787824786,SeaLake,0.99923885,1.09542825e-05,0,0.0,7.237361304914573,False
76,30,486160.0,9691300.0,32.875476591985425,-2.7928769061204064,SeaLake,0.9991974,1.2502128e-05,0,0.0,7.284176136458018,False
76,31,486800.0,9691300.0,32.88123489134665,-2.792877505104297,SeaLake,0.9992475,1.1505869e-05,0,0.0,7.386355347261201,False
76,32,487440.0,9691300.0,32.886993191918364,-2.792878075734118,SeaLake,0.9987061,1.860779e-05,0,0.0,7.541648934091525,False
76,33,488080.0,9691300.0,32.892751493641875,-2.792878618009842,SeaLake,0.9990426,1.3258501e-05,0,0.0,7.746863363591326,False
76,34,488720.0,9691300.0,32.898509796458484,-2.79287913193144,SeaLake,0.9990709,1.27680705e-05,0,0.0,7.998156994159543,False
76,35,489360.0,9691300.0,32.90426810030951,-2.792879617498888,SeaLake,0.99927807,9.9045665e-06,0,0.0,8.067961425222068,False
76,36,490000.0,9691300.0,32.910026405136264,-2.7928800747121603,SeaLake,0.9998355,4.401445e-06,0,0.0,7.737242141117198,False
76,37,490640.0,9691300.0,32.915784710880054,-2.792880503571234,SeaLake,0.9983109,2.3774863e-05,0,0.0,7.446947719817053,False
76,38,491280.0,9691300.0,32.921543017482186,-2.792880904076087,SeaLake,0.99747974,3.446819e-05,0,0.0,7.201968115251342,False
76,39,491920.0,9691300.0,32.92730132488398,-2.7928812762267,SeaLake,0.99889565,1.5613214e-05,0,0.0,7.007057807989423,False
76,40,492560.0,9691300.0,32.93305963302672,-2.7928816200230533,SeaLake,0.99911875,1.1913917e-05,0,0.0,6.619740671113626,False
76,41,493200.0,9691300.0,32.93881794185175,-2.7928819354651298,SeaLake,0.99929094,1.0019068e-05,0,0.0,6.01512425740203,False
76,42,493840.0,9691300.0,32.94457625130037,-2.792882222552914,SeaLake,0.9998288,2.604154e-06,0,0.0,5.418641260609227,False
76,43,494480.0,9691300.0,32.95033456131387,-2.792882481286391,SeaLake,0.9989421,5.816969e-06,0,0.0,4.833303879373527,False
76,44,495120.0,9691300.0,32.956092871833576,-2.7928827116655475,SeaLake,0.99969584,9.128556e-08,0,0.0,4.263704922899522,False
76,45,495760.0,9691300.0,32.96185118280081,-2.7928829136903723,SeaLake,0.9865046,5.815208e-06,0,0.0,3.7170866210983107,False
76,46,496400.0,9691300.0,32.96760949415685,-2.792883087360856,SeaLake,0.5018645,2.3824774e-05,0,0.0,3.205227952570377,False
76,47,497040.0,9691300.0,32.973367805843026,-2.792883232676988,HerbaceousVegetation,0.9865072,0.0010228081,0,0.0,2.747624338793229,False
76,48,497680.0,9691300.0,32.979126117800654,-2.7928833496387617,HerbaceousVegetation,0.99292576,0.0003510053,0,0.0,2.3758351765893537,False
76,49,498320.0,9691300.0,32.984884429971025,-2.792883438246172,Pasture,0.50428087,0.017016865,0,0.0,2.1351688611231197,False
76,50,498960.0,9691300.0,32.99064274229547,-2.7928834984992137,PermanentCrop,0.5822302,0.0015951744,0,0.0,2.0718347773652797,False
76,51,499600.0,9691300.0,32.99640105471527,-2.792883530397883,PermanentCrop,0.6888464,0.026055112,0,0.0,2.2011934544448093,False
76,52,500240.0,9691300.0,33.002159367171764,-2.79288353394218,PermanentCrop,0.54707795,0.2752087,8,34.0,2.4934325543477427,False
76,53,500880.0,9691300.0,33.007917679606244,-2.792883509132104,HerbaceousVegetation,0.6633871,0.0040364615,1,4.0,2.899717086591646,False
76,54,501520.0,9691300.0,33.01367599196003,-2.7928834559676545,HerbaceousVegetation,0.9057318,0.006125569,5,22.0,3.379158543404257,False
76,55,502160.0,9691300.0,33.019434304174425,-2.7928833744488366,HerbaceousVegetation,0.9884992,0.0004292352,16,69.0,3.6487629186446746,False
76,56,502800.0,9691300.0,33.025192616190736,-2.7928832645756527,HerbaceousVegetation,0.94559383,0.0028317566,27,116.0,3.2455112949429132,False
76,57,503440.0,9691300.0,33.03095092795028,-2.792883126348109,HerbaceousVegetation,0.6697037,0.24387653,9,39.0,2.9278688998532094,False
76,58,504080.0,9691300.0,33.03670923939436,-2.792882959766213,HerbaceousVegetation,0.9480069,0.007317557,6,26.0,2.7259290203255957,False
76,59,504720.0,9691300.0,33.042467550464295,-2.7928827648299728,HerbaceousVegetation,0.99666816,6.222997e-05,0,0.0,2.6661136046648277,False
76,60,505360.0,9691300.0,33.04822586110138,-2.792882541539398,Forest,0.5714328,0.0058316304,20,86.0,2.757686436508781,False
76,61,506000.0,9691300.0,33.053984171246945,-2.7928822898945,HerbaceousVegetation,0.7599831,0.1959548,105,452.0,2.9867552981839873,False
76,62,506640.0,9691300.0,33.059742480842274,-2.792882009895292,Highway,0.7550287,0.039197035,35,150.0,3.2130659861132584,False
76,63,507280.0,9691300.0,33.065500789828704,-2.7928817015417864,HerbaceousVegetation,0.8073035,0.13842364,5,22.0,3.4844638102737093,False
76,64,507920.0,9691300.0,33.07125909814753,-2.7928813648340003,HerbaceousVegetation,0.8560171,0.001120408,0,0.0,3.618085737015369,False
76,65,508560.0,9691300.0,33.07701740574006,-2.792880999771952,HerbaceousVegetation,0.9917521,0.00033407053,5,22.0,2.9813933227644145,False
76,66,509200.0,9691300.0,33.08277571254761,-2.792880606355656,HerbaceousVegetation,0.9276319,0.056234617,15,64.0,2.3465012017159554,False
76,67,509840.0,9691300.0,33.08853401851148,-2.7928801845851354,HerbaceousVegetation,0.89419216,0.10375647,0,0.0,1.7154094654876457,False
76,68,510480.0,9691300.0,33.094292323572994,-2.792879734460411,HerbaceousVegetation,0.821782,0.0006498286,2,9.0,1.094710637070271,False
76,69,511120.0,9691300.0,33.100050627673454,-2.792879255981505,HerbaceousVegetation,0.66246325,0.31967917,64,275.0,0.5228318310365068,False
76,70,511760.0,9691300.0,33.10580893075418,-2.792878749148442,HerbaceousVegetation,0.9920398,0.0002677971,18,77.0,0.4092858025575455,False
76,71,512400.0,9691300.0,33.11156723275646,-2.7928782139612465,HerbaceousVegetation,0.87654734,0.016387522,0,0.0,0.9385502718583388,False
76,72,513040.0,9691300.0,33.11732553362163,-2.7928776504199475,HerbaceousVegetation,0.92172277,0.0248137,21,90.0,1.5535244952801839,False
76,73,513680.0,9691300.0,33.12308383329098,-2.792877058524572,HerbaceousVegetation,0.95462286,0.0027124698,67,288.0,2.182933829062562,False
76,74,514320.0,9691300.0,33.12884213170583,-2.79287643827515,HerbaceousVegetation,0.8144773,0.12791991,9,39.0,2.817119423577198,False
76,75,514960.0,9691300.0,33.134600428807495,-2.792875789671713,HerbaceousVegetation,0.7634429,0.013973266,9,39.0,3.453450968426526,False
76,76,515600.0,9691300.0,33.14035872453727,-2.7928751127142943,HerbaceousVegetation,0.461946,0.020356968,16,69.0,4.090927197586911,False
76,77,516240.0,9691300.0,33.14611701883648,-2.792874407402928,Pasture,0.46004856,0.00012920628,1,4.0,4.7290852266148145,False
76,78,516880.0,9691300.0,33.15187531164643,-2.7928736737376485,HerbaceousVegetation,0.82996505,0.002104047,0,0.0,5.367681885620335,False
76,79,517520.0,9691300.0,33.157633602908426,-2.792872911718493,HerbaceousVegetation,0.96622133,0.002965268,18,77.0,5.5487893069037755,True
76,80,518160.0,9691300.0,33.16339189256379,-2.792872121345503,HerbaceousVegetation,0.98987097,0.00026282688,38,163.0,5.556871065123367,True
76,81,518800.0,9691300.0,33.16915018055383,-2.792871302618716,HerbaceousVegetation,0.5206559,0.000453913,12,52.0,5.638064321768678,True
76,82,519440.0,9691300.0,33.17490846681984,-2.7928704555381723,HerbaceousVegetation,0.98244107,0.011599058,24,103.0,5.789293787535447,True
76,83,520080.0,9691300.0,33.18066675130316,-2.792869580103916,HerbaceousVegetation,0.79696447,0.124493584,112,482.0,6.005270670035793,True
76,84,520720.0,9691300.0,33.18642503394508,-2.792868676315991,Pasture,0.88012964,0.034518644,90,387.0,6.279317565021517,True
76,85,521360.0,9691300.0,33.19218331468691,-2.792867744174444,PermanentCrop,0.49440917,0.01396134,39,168.0,6.604209441286925,True
77,0,466960.0,9690660.0,32.70272700789186,-2.798635816147036,HerbaceousVegetation,0.5186347,0.001959733,1,4.0,2.6891671859591955,False
77,1,467600.0,9690660.0,32.708485271874224,-2.7986372687423167,Pasture,0.6330615,0.012832292,0,0.0,2.7584605491969802,False
77,2,468240.0,9690660.0,32.71424353882779,-2.79863869292619,PermanentCrop,0.6073714,0.0052050035,15,64.0,2.967454978413744,False
77,3,468880.0,9690660.0,32.72000180869387,-2.798640088698584,HerbaceousVegetation,0.9894718,0.00012703081,14,60.0,3.2896312097785247,False
77,4,469520.0,9690660.0,32.7257600814138,-2.798641456059428,HerbaceousVegetation,0.9722791,0.00043758293,9,39.0,3.695505099953906,False
77,5,470160.0,9690660.0,32.731518356928845,-2.7986427950086523,HerbaceousVegetation,0.9892742,0.0048132194,1,4.0,4.160654082139217,False
77,6,470800.0,9690660.0,32.73727663518036,-2.798644105546191,HerbaceousVegetation,0.99976736,2.3053735e-05,8,34.0,4.667389724316809,False
77,7,471440.0,9690660.0,32.74303491610964,-2.798645387671976,HerbaceousVegetation,0.99577385,4.930975e-05,4,17.0,5.203576778149291,True
77,8,472080.0,9690660.0,32.748793199658,-2.798646641385944,HerbaceousVegetation,0.99467444,0.0002863972,6,26.0,4.981703234380678,False
77,9,472720.0,9690660.0,32.75455148576674,-2.7986478666880306,HerbaceousVegetation,0.99851376,2.208567e-05,7,30.0,4.40796634191016,False
77,10,473360.0,9690660.0,32.76030977437718,-2.798649063578174,HerbaceousVegetation,0.9416296,0.00385089,3,13.0,3.781068051246085,False
77,11,474000.0,9690660.0,32.76606806543063,-2.798650232056315,HerbaceousVegetation,0.73816884,0.020040901,6,26.0,3.159427787574025,False
77,12,474640.0,9690660.0,32.7718263588684,-2.7986513721223925,HerbaceousVegetation,0.46345073,0.13895975,10,43.0,2.5468985613164747,False
77,13,475280.0,9690660.0,32.7775846546318,-2.7986524837763507,HerbaceousVegetation,0.99307054,6.656042e-05,3,13.0,1.9520759765892715,False
77,14,475920.0,9690660.0,32.783342952662146,-2.7986535670181327,HerbaceousVegetation,0.5783598,0.0009097926,1,4.0,1.3977513924578964,False
77,15,476560.0,9690660.0,32.78910125290074,-2.7986546218476835,HerbaceousVegetation,0.9952493,0.0001458116,1,4.0,0.9570879227422201,False
77,16,477200.0,9690660.0,32.7948595552889,-2.7986556482649503,HerbaceousVegetation,0.72315633,0.0008412597,27,116.0,0.8351799977250701,False
77,17,477840.0,9690660.0,32.80061785976793,-2.7986566462698814,HerbaceousVegetation,0.9414357,0.03283202,3,13.0,1.139400704467519,False
77,18,478480.0,9690660.0,32.80637616627915,-2.798657615862425,HerbaceousVegetation,0.7175753,0.0011351395,0,0.0,1.6486789566444127,False
77,19,479120.0,9690660.0,32.81213447476385,-2.798658557042535,HerbaceousVegetation,0.99848133,1.362366e-05,0,0.0,2.2264884097661812,False
77,20,479760.0,9690660.0,32.81789278516335,-2.798659469810161,HerbaceousVegetation,0.75013447,0.0013954707,0,0.0,2.831176253002304,False
77,21,480400.0,9690660.0,32.82365109741898,-2.798660354165257,HerbaceousVegetation,0.992667,2.9822637e-05,20,86.0,3.4486326728582153,False
77,22,481040.0,9690660.0,32.82940941147202,-2.798661210107781,HerbaceousVegetation,0.97358173,0.0003890065,14,60.0,4.073054830105559,False
77,23,481680.0,9690660.0,32.835167727263794,-2.7986620376376874,HerbaceousVegetation,0.9636155,0.0003207732,1,4.0,4.701668213069406,False
77,24,482320.0,9690660.0,32.8409260447356,-2.798662836754935,Pasture,0.3311862,0.0017275985,10,43.0,5.33299093591282,True
77,25,482960.0,9690660.0,32.84668436382877,-2.798663607459484,AnnualCrop,0.78677386,0.0022628605,8,34.0,5.966162976257799,True
77,26,483600.0,9690660.0,32.852442684484586,-2.7986643497512937,AnnualCrop,0.54867136,0.05076383,7,30.0,6.6006521644463545,True
77,27,484240.0,9690660.0,32.858201006644386,-2.798665063630328,SeaLake,0.99994004,8.070237e-07,0,0.0,7.236112031522962,False
77,28,484880.0,9690660.0,32.86395933024945,-2.798665749096551,SeaLake,0.9992217,1.2439432e-05,0,0.0,7.768286535588167,False
77,29,485520.0,9690660.0,32.869717655241104,-2.798666406149928,SeaLake,0.99980867,2.1572644e-06,0,0.0,7.8771110895298895,False
77,30,486160.0,9690660.0,32.87547598156066,-2.798667034790425,SeaLake,0.99421173,0.00022579507,3,13.0,7.920145355096992,True
77,31,486800.0,9690660.0,32.88123430914941,-2.798667635018011,SeaLake,0.8190436,0.009501932,0,0.0,8.014220222512863,False
77,32,487440.0,9690660.0,32.88699263794869,-2.798668206832656,SeaLake,0.99807715,2.4900699e-05,0,0.0,8.15757004897928,False
77,33,488080.0,9690660.0,32.89275096789978,-2.79866875023433,SeaLake,0.99956757,1.099065e-06,0,0.0,8.347656703115764,False
77,34,488720.0,9690660.0,32.898509298944,-2.7986692652230056,SeaLake,0.99955827,3.1415843e-06,0,0.0,8.581374934248196,False
77,35,489360.0,9690660.0,32.90426763102267,-2.7986697517986583,SeaLake,0.99749374,3.5502715e-05,1,4.0,8.6113069528192,True
77,36,490000.0,9690660.0,32.91002596407708,-2.798670209961262,HerbaceousVegetation,0.922136,0.011463862,0,0.0,8.302260043330422,False
77,37,490640.0,9690660.0,32.91578429804856,-2.7986706397107937,SeaLake,0.9994592,1.63323e-05,0,0.0,8.032411606640276,False
77,38,491280.0,9690660.0,32.92154263287839,-2.7986710410472324,SeaLake,0.9967174,4.2978227e-05,0,0.0,7.701855492981343,False
77,39,491920.0,9690660.0,32.9273009685079,-2.798671413970557,SeaLake,0.9974904,3.180918e-05,0,0.0,7.0739615007403955,False
77,40,492560.0,9690660.0,32.93305930487839,-2.7986717584807503,SeaLake,0.99696666,3.588207e-05,0,0.0,6.448448231407906,False
77,41,493200.0,9690660.0,32.93881764193117,-2.798672074577793,SeaLake,0.9987103,1.7243356e-05,0,0.0,5.826082549392703,False
77,42,493840.0,9690660.0,32.94457597960756,-2.79867236226167,SeaLake,0.9139904,1.2741065e-05,7,30.0,5.2079930060944415,True
77,43,494480.0,9690660.0,32.95033431784885,-2.798672621532366,SeaLake,0.23285374,0.06571691,21,90.0,4.595905180779849,False
77,44,495120.0,9690660.0,32.95609265659636,-2.798672852389869,HerbaceousVegetation,0.9685467,0.001337985,2,9.0,3.9925803323050983,False
77,45,495760.0,9690660.0,32.96185099579139,-2.798673054834167,SeaLake,0.47823286,0.0097440155,0,0.0,3.40268291045462,False
77,46,496400.0,9690660.0,32.96760933537526,-2.798673228865249,River,0.72348624,0.020094233,5,22.0,2.83460830950069,False
77,47,497040.0,9690660.0,32.97336767528927,-2.798673374483108,HerbaceousVegetation,0.99520594,7.7218676e-05,0,0.0,2.304551485100907,False
77,48,497680.0,9690660.0,32.979126015474726,-2.7986734916877345,HerbaceousVegetation,0.9994117,3.1014435e-05,0,0.0,1.8455651781151574,False
77,49,498320.0,9690660.0,32.984884355872936,-2.798673580479124,HerbaceousVegetation,0.56802845,0.27755517,1,4.0,1.5233069637672074,False
77,50,498960.0,9690660.0,32.99064269642522,-2.798673640857272,HerbaceousVegetation,0.55692536,0.024171634,9,39.0,1.4331843513840445,False
77,51,499600.0,9690660.0,32.99640103707287,-2.798673672822174,HerbaceousVegetation,0.9385478,0.0011032287,23,99.0,1.6145496784684392,False
77,52,500240.0,9690660.0,33.00215937775721,-2.7986736763738294,HerbaceousVegetation,0.9991812,5.616868e-05,8,34.0,1.994673894006982,False
77,53,500880.0,9690660.0,33.007917718419534,-2.798673651512239,HerbaceousVegetation,0.97964966,0.0024806652,11,47.0,2.4839237553965727,False
77,54,501520.0,9690660.0,33.01367605900116,-2.7986735982374022,HerbaceousVegetation,0.99821943,6.688708e-05,6,26.0,3.0298895197372873,False
77,55,502160.0,9690660.0,33.0194343994434,-2.798673516549323,HerbaceousVegetation,0.935927,0.018534739,0,0.0,3.6069077865956434,False
77,56,502800.0,9690660.0,33.02519273968754,-2.798673406448005,HerbaceousVegetation,0.7186924,0.00702957,10,43.0,3.628533860225573,False
77,57,503440.0,9690660.0,33.030951079674914,-2.7986732679334545,HerbaceousVegetation,0.60173875,0.006820456,2,9.0,3.173129841149383,False
77,58,504080.0,9690660.0,33.03670941934682,-2.7986731010056767,HerbaceousVegetation,0.9866251,0.002091805,6,26.0,2.791137403063833,False
77,59,504720.0,9690660.0,33.04246775864456,-2.7986729056646817,HerbaceousVegetation,0.9750955,0.0036836162,6,26.0,2.5162160115481202,False
77,60,505360.0,9690660.0,33.04822609750945,-2.7986726819104795,HerbaceousVegetation,0.75331396,0.0036282851,14,60.0,2.385673496260613,False
77,61,506000.0,9690660.0,33.0539844358828,-2.79867242974308,HerbaceousVegetation,0.93180466,0.011060442,9,39.0,2.422959563168471,False
77,62,506640.0,9690660.0,33.05974277370591,-2.798672149162497,Pasture,0.89511013,0.004567942,20,86.0,2.6209212232989296,False
77,63,507280.0,9690660.0,33.0655011109201,-2.798671840168744,HerbaceousVegetation,0.97422993,0.00010251267,3,13.0,2.9473586603479345,False
77,64,507920.0,9690660.0,33.071259447466666,-2.7986715027618376,HerbaceousVegetation,0.76259434,0.13206257,11,47.0,3.3650881246584285,False
77,65,508560.0,9690660.0,33.07701778328693,-2.798671136941794,HerbaceousVegetation,0.9557454,0.0012503666,5,22.0,2.9785020742347417,False
77,66,509200.0,9690660.0,33.08277611832219,-2.7986707427086315,HerbaceousVegetation,0.6794671,0.038409635,15,64.0,2.3428265729351043,False
77,67,509840.0,9690660.0,33.08853445251375,-2.798670320062372,HerbaceousVegetation,0.45455703,0.0806515,0,0.0,1.7103795179670018,False
77,68,510480.0,9690660.0,33.09429278580293,-2.7986698690030334,HerbaceousVegetation,0.9902117,0.00014765357,11,47.0,1.08681177768334,False
77,69,511120.0,9690660.0,33.10005111813103,-2.798669389530641,HerbaceousVegetation,0.87331516,0.082670726,12,52.0,0.5060845628364976,False
77,70,511760.0,9690660.0,33.10580944943937,-2.7986688816452188,HerbaceousVegetation,0.98894686,0.00058626774,31,133.0,0.3876639387041264,False
77,71,512400.0,9690660.0,33.11156777966925,-2.798668345346792,HerbaceousVegetation,0.9372358,0.0021889831,2,9.0,0.9293250636896566,False
77,72,513040.0,9690660.0,33.11732610876197,-2.798667780635387,HerbaceousVegetation,0.957224,3.1650266e-05,5,22.0,1.547968610350989,False
77,73,513680.0,9690660.0,33.123084436658864,-2.798667187511033,HerbaceousVegetation,0.9483221,0.041531593,0,0.0,2.1789833783813406,False
77,74,514320.0,9690660.0,33.128842763301215,-2.798666565973761,HerbaceousVegetation,0.82832754,0.0027645498,27,116.0,2.8140594002068164,False
77,75,514960.0,9690660.0,33.13460108863035,-2.798665916023601,HerbaceousVegetation,0.6577011,0.02304348,3,13.0,3.450955237687463,False
77,76,515600.0,9690660.0,33.14035941258757,-2.7986652376605865,HerbaceousVegetation,0.9481654,0.02329614,11,47.0,4.088820587547554,False
77,77,516240.0,9690660.0,33.14611773511418,-2.798664530884752,HerbaceousVegetation,0.71439785,0.18023527,57,245.0,4.727263007468794,False
77,78,516880.0,9690660.0,33.151876056151494,-2.798663795696132,HerbaceousVegetation,0.97250867,3.279122e-06,10,43.0,4.983258444916989,False
77,79,517520.0,9690660.0,33.15763437564083,-2.7986630320947645,HerbaceousVegetation,0.9627182,0.0023509075,23,99.0,4.90952319383788,False
77,80,518160.0,9690660.0,33.16339269352348,-2.7986622400806875,HerbaceousVegetation,0.44050616,0.1540436,19,82.0,4.918655431398678,False
77,81,518800.0,9690660.0,33.169151009740766,-2.7986614196539423,HerbaceousVegetation,0.92428374,0.017936694,34,146.0,5.010202043313555,True
77,82,519440.0,9690660.0,33.174909324233994,-2.798660570814569,HerbaceousVegetation,0.976983,1.7863927e-05,0,0.0,5.179795148151994,False
77,83,520080.0,9690660.0,33.18066763694447,-2.798659693562611,HerbaceousVegetation,0.9789863,0.0020933973,24,103.0,5.420113563276562,True
77,84,520720.0,9690660.0,33.18642594781351,-2.798658787898114,HerbaceousVegetation,0.960236,0.017235978,20,86.0,5.722253428572538,True
77,85,521360.0,9690660.0,33.19218425678242,-2.798657853821121,HerbaceousVegetation,0.8936595,0.009138526,25,108.0,6.077000704525694,True
78,0,466960.0,9690020.0,32.70272554763217,-2.804425879556917,HerbaceousVegetation,0.9945163,9.665435e-05,3,13.0,3.3291446841028765,False
78,1,467600.0,9690020.0,32.708483839899195,-2.8044273351620617,HerbaceousVegetation,0.92876476,0.01600063,20,86.0,3.3853639058640135,False
78,2,468240.0,9690020.0,32.714242135137496,-2.80442876229693,HerbaceousVegetation,0.93696725,0.036643896,32,138.0,3.5577202282589977,False
78,3,468880.0,9690020.0,32.7200004332884,-2.804430160961448,HerbaceousVegetation,0.90951884,0.00029281972,0,0.0,3.8305688441796297,False
78,4,469520.0,9690020.0,32.725758734293194,-2.804431531155545,PermanentCrop,0.5157433,0.048391066,0,0.0,4.1842970876165175,False
78,5,470160.0,9690020.0,32.7315170380932,-2.8044328728791537,HerbaceousVegetation,0.89739454,0.00071618165,0,0.0,4.600285487322768,False
78,6,470800.0,9690020.0,32.73727534462973,-2.8044341861322044,HerbaceousVegetation,0.99866116,0.0002111401,4,17.0,5.063211531459938,True
78,7,471440.0,9690020.0,32.74303365384409,-2.8044354709146315,HerbaceousVegetation,0.93815786,0.0029285674,0,0.0,5.561366330295577,False
78,8,472080.0,9690020.0,32.74879196567759,-2.8044367272263697,HerbaceousVegetation,0.43237123,0.008362376,0,0.0,4.974017416449964,False
78,9,472720.0,9690020.0,32.754550280071534,-2.804437955067356,HerbaceousVegetation,0.9941577,0.000113957576,9,39.0,4.334507768580949,False
78,10,473360.0,9690020.0,32.76030859696725,-2.804439154437528,HerbaceousVegetation,0.9865747,0.00018589721,15,64.0,3.6951679167027893,False
78,11,474000.0,9690020.0,32.76606691630602,-2.804440325336825,HerbaceousVegetation,0.90726185,0.0021966775,15,64.0,3.0561044271049806,False
78,12,474640.0,9690020.0,32.77182523802918,-2.804441467765188,HerbaceousVegetation,0.8062465,0.054653388,3,13.0,2.417536474618675,False
78,13,475280.0,9690020.0,32.77758356207802,-2.8044425817225607,HerbaceousVegetation,0.8892213,0.0032236725,11,47.0,1.7799974558556884,False
78,14,475920.0,9690020.0,32.78334188839387,-2.804443667208884,HerbaceousVegetation,0.99749076,0.0005175733,1,4.0,1.1452070902652294,False
78,15,476560.0,9690020.0,32.789100216918015,-2.8044447242241057,HerbaceousVegetation,0.82724774,0.00039460754,12,52.0,0.5232662958138841,False
78,16,477200.0,9690020.0,32.79485854759178,-2.8044457527681708,HerbaceousVegetation,0.9990233,9.453597e-06,40,172.0,0.23519343756961728,False
78,17,477840.0,9690020.0,32.800616880356465,-2.804446752841028,HerbaceousVegetation,0.7592125,0.0010305058,0,0.0,0.8099532639707329,False
78,18,478480.0,9690020.0,32.80637521515338,-2.8044477244426265,HerbaceousVegetation,0.9859707,0.00064056745,1,4.0,1.4408097121264398,False
78,19,479120.0,9690020.0,32.81213355192384,-2.8044486675729168,HerbaceousVegetation,0.9958769,3.4105335e-05,5,22.0,2.0772676677065247,False
78,20,479760.0,9690020.0,32.81789189060915,-2.804449582231852,HerbaceousVegetation,0.9961325,1.3372384e-05,12,52.0,2.7153911872951078,False
78,21,480400.0,9690020.0,32.82365023115061,-2.804450468419387,HerbaceousVegetation,0.7071888,0.004394049,136,585.0,3.354229812755972,False
78,22,481040.0,9690020.0,32.829408573489545,-2.8044513261354744,HerbaceousVegetation,0.9987398,6.0456176e-05,12,52.0,3.993440368093906,False
78,23,481680.0,9690020.0,32.83516691756724,-2.8044521553800723,HerbaceousVegetation,0.9931217,0.0001455321,2,9.0,4.632868907088029,False
78,24,482320.0,9690020.0,32.840925263325026,-2.80445295615314,HerbaceousVegetation,0.954197,0.00041866995,11,47.0,5.272436120713465,True
78,25,482960.0,9690020.0,32.846683610704204,-2.8044537284546336,HerbaceousVegetation,0.9338952,0.0013070358,14,60.0,5.912097003918753,True
78,26,483600.0,9690020.0,32.85244195964607,-2.804454472284517,Pasture,0.5531198,0.00024142003,4,17.0,6.551824121608128,True
78,27,484240.0,9690020.0,32.85820031009195,-2.804455187642752,River,0.9341833,3.667291e-05,3,13.0,7.191599798183096,True
78,28,484880.0,9690020.0,32.86395866198315,-2.8044558745293022,SeaLake,0.9994419,7.144285e-06,0,0.0,7.831412132812841,False
78,29,485520.0,9690020.0,32.86971701526095,-2.8044565329441338,SeaLake,0.9999145,7.3739716e-06,0,0.0,8.471252819430502,False
78,30,486160.0,9690020.0,32.87547536986669,-2.8044571628872115,SeaLake,0.5339137,0.00017114752,10,43.0,8.556715661092431,True
78,31,486800.0,9690020.0,32.88123372574167,-2.8044577643585047,HerbaceousVegetation,0.9913112,0.0013244572,1,4.0,8.643865236909594,True
78,32,487440.0,9690020.0,32.88699208282719,-2.804458337357984,SeaLake,0.9905957,0.0003857563,0,0.0,8.77693736806432,False
78,33,488080.0,9690020.0,32.89275044106456,-2.804458881885618,SeaLake,0.9999672,1.5483664e-07,0,0.0,8.953884793317005,False
78,34,488720.0,9690020.0,32.898508800395085,-2.8044593979413825,SeaLake,0.9998983,2.0080322e-06,0,0.0,9.172168566978216,False
78,35,489360.0,9690020.0,32.90426716076007,-2.8044598855252483,SeaLake,0.7958662,0.00021060086,2,9.0,9.167137683730584,True
78,36,490000.0,9690020.0,32.91002552210084,-2.8044603446371923,HerbaceousVegetation,0.99912506,4.1074586e-06,6,26.0,8.877461782732826,True
78,37,490640.0,9690020.0,32.91578388435869,-2.8044607752771915,SeaLake,0.9967585,0.00043074274,0,0.0,8.24597737056853,False
78,38,491280.0,9690020.0,32.92154224747491,-2.804461177445224,SeaLake,0.9980294,2.32872e-05,0,0.0,7.609158696933501,False
78,39,491920.0,9690020.0,32.927300611390834,-2.804461551141269,SeaLake,0.9986357,1.7017448e-05,0,0.0,6.972922583415736,False
78,40,492560.0,9690020.0,32.93305897604777,-2.8044618963653067,SeaLake,0.9982956,2.0984222e-05,0,0.0,6.337444487606942,False
78,41,493200.0,9690020.0,32.938817341386994,-2.8044622131173216,SeaLake,0.9995214,5.8895007e-06,0,0.0,5.702977810994011,False
78,42,493840.0,9690020.0,32.94457570734984,-2.8044625013972966,HerbaceousVegetation,0.592141,4.54225e-05,1,4.0,5.069902286226085,True
78,43,494480.0,9690020.0,32.95033407387761,-2.804462761205217,HerbaceousVegetation,0.77909684,0.0014061327,8,34.0,4.43881318271798,False
78,44,495120.0,9690020.0,32.95609244091162,-2.804462992541072,HerbaceousVegetation,0.9694009,0.002861802,33,142.0,3.810697541167674,False
78,45,495760.0,9690020.0,32.961850808393145,-2.804463195404846,HerbaceousVegetation,0.9914431,0.00020724705,15,64.0,3.187313763885161,False
78,46,496400.0,9690020.0,32.96760917626352,-2.804463369796531,HerbaceousVegetation,0.98144835,0.0022253173,10,43.0,2.5721046457409598,False
78,47,497040.0,9690020.0,32.973367544464054,-2.8044635157161184,HerbaceousVegetation,0.9620718,0.011328173,22,95.0,1.972733024976432,False
78,48,497680.0,9690020.0,32.979125912936034,-2.8044636331636004,HerbaceousVegetation,0.97799236,0.00010075197,51,219.0,1.4095491715520605,False
78,49,498320.0,9690020.0,32.98488428162078,-2.80446372213897,HerbaceousVegetation,0.975499,0.00030125066,36,155.0,0.9493061393531256,False
78,50,498960.0,9690020.0,32.99064265045959,-2.804463782642225,Forest,0.35991728,0.03239718,19,82.0,0.796702846363669,False
78,51,499600.0,9690020.0,32.99640101939379,-2.8044638146733605,HerbaceousVegetation,0.99586225,0.00014090835,5,22.0,1.0897195531853174,False
78,52,500240.0,9690020.0,33.00215938836466,-2.804463818232376,HerbaceousVegetation,0.95121825,0.00042043062,8,34.0,1.5998256104291007,False
78,53,500880.0,9690020.0,33.00791775731353,-2.8044637933192704,HerbaceousVegetation,0.70629716,0.039044064,16,69.0,2.179586030184466,False
78,54,501520.0,9690020.0,33.013676126181686,-2.8044637399340453,HerbaceousVegetation,0.9538113,0.0013186046,8,34.0,2.785847903631086,False
78,55,502160.0,9690020.0,33.01943449491045,-2.8044636580767035,HerbaceousVegetation,0.9868062,0.00020000394,16,69.0,3.404482606998625,False
78,56,502800.0,9690020.0,33.02519286344112,-2.804463547747249,HerbaceousVegetation,0.9952424,3.0377878e-05,0,0.0,3.2451337418393544,False
78,57,503440.0,9690020.0,33.030951231715015,-2.8044634089456872,HerbaceousVegetation,0.8537689,0.0016479127,0,0.0,2.726424034594307,False
78,58,504080.0,9690020.0,33.03670959967344,-2.8044632416720257,HerbaceousVegetation,0.7381099,0.0015597803,18,77.0,2.270480792784363,False
78,59,504720.0,9690020.0,33.042467967257686,-2.8044630459262723,Residential,0.52349424,0.52349424,40,172.0,1.9224926643272064,False
78,60,505360.0,9690020.0,33.048226334409065,-2.8044628217084373,HerbaceousVegetation,0.5717118,0.0006490686,13,56.0,1.7481627665584034,False
78,61,506000.0,9690020.0,33.05398470106889,-2.8044625690185323,HerbaceousVegetation,0.9921445,0.00022310266,0,0.0,1.7987128932573817,False
78,62,506640.0,9690020.0,33.05974306717848,-2.8044622878565697,HerbaceousVegetation,0.82441646,0.11022751,0,0.0,2.057635314228338,False
78,63,507280.0,9690020.0,33.06550143267911,-2.8044619782225624,HerbaceousVegetation,0.81808543,0.07828468,38,163.0,2.459991483795983,False
78,64,507920.0,9690020.0,33.07125979751212,-2.804461640116529,HerbaceousVegetation,0.97371215,0.0003837427,7,30.0,2.9476182104095456,False
78,65,508560.0,9690020.0,33.077018161618795,-2.8044612735384846,HerbaceousVegetation,0.98410344,8.6729946e-05,6,26.0,3.110215919742081,False
78,66,509200.0,9690020.0,33.082776524940456,-2.804460878488447,HerbaceousVegetation,0.96962523,0.00069194584,6,26.0,2.5081476854538027,False
78,67,509840.0,9690020.0,33.0885348874184,-2.8044604549664385,HerbaceousVegetation,0.9431712,0.012214212,11,47.0,1.9306388985715213,False
78,68,510480.0,9690020.0,33.09429324899394,-2.804460002972478,HerbaceousVegetation,0.9470629,0.011129114,22,95.0,1.4082358826942465,False
78,69,511120.0,9690020.0,33.10005160960837,-2.8044595225065905,HerbaceousVegetation,0.9819471,0.0010820512,6,26.0,1.0286350402051407,False
78,70,511760.0,9690020.0,33.105809969203015,-2.8044590135687986,Residential,0.8897122,0.8897122,23,99.0,0.9758338949677958,False
78,71,512400.0,9690020.0,33.11156832771918,-2.8044584761591294,HerbaceousVegetation,0.8353198,0.008870885,19,82.0,1.290586508219502,False
78,72,513040.0,9690020.0,33.11732668509816,-2.8044579102776086,HerbaceousVegetation,0.9723526,0.007211155,11,47.0,1.7883442844789128,False
78,73,513680.0,9690020.0,33.12308504128128,-2.8044573159242656,HerbaceousVegetation,0.99847215,0.0006175416,15,64.0,2.3558304320257393,False
78,74,514320.0,9690020.0,33.12884339620983,-2.804456693099131,HerbaceousVegetation,0.9741057,0.00014925642,0,0.0,2.9531167889348313,False
78,75,514960.0,9690020.0,33.13460174982512,-2.804456041802235,HerbaceousVegetation,0.98129535,8.3437895e-05,25,108.0,3.565257426009931,False
78,76,515600.0,9690020.0,33.14036010206847,-2.804455362033612,HerbaceousVegetation,0.9882458,0.00032914046,7,30.0,4.1857403476982595,False
78,77,516240.0,9690020.0,33.146118452881176,-2.8044546537932944,HerbaceousVegetation,0.9049675,0.010553482,25,108.0,4.529356100513988,False
78,78,516880.0,9690020.0,33.15187680220456,-2.8044539170813194,HerbaceousVegetation,0.79948664,0.009085191,1,4.0,4.355045343880922,False
78,79,517520.0,9690020.0,33.1576351499799,-2.804453151897724,HerbaceousVegetation,0.776669,0.0014679104,26,112.0,4.270476929952264,False
78,80,518160.0,9690020.0,33.16339349614854,-2.8044523582425467,HerbaceousVegetation,0.6090812,0.00088639127,29,125.0,4.280972608093881,False
78,81,518800.0,9690020.0,33.16915184065177,-2.804451536115828,PermanentCrop,0.70961934,0.009559783,18,77.0,4.385849944223552,False
78,82,519440.0,9690020.0,33.174910183430896,-2.804450685517609,Pasture,0.635276,0.013536158,25,108.0,4.578627850703893,False
78,83,520080.0,9690020.0,33.180668524427226,-2.804449806447932,HerbaceousVegetation,0.8668589,0.051100176,19,82.0,4.848833494484727,False
78,84,520720.0,9690020.0,33.18642686358208,-2.8044488989068426,HerbaceousVegetation,0.97333556,0.0018191717,16,69.0,5.18437455429607,True
78,85,521360.0,9690020.0,33.19218520083675,-2.8044479628943866,HerbaceousVegetation,0.9847691,0.00020043242,7,30.0,5.573463266338821,True
79,0,466960.0,9689380.0,32.702724084342506,-2.8102159423917747,HerbaceousVegetation,0.99534124,8.512597e-05,0,0.0,3.969129438723457,False
79,1,467600.0,9689380.0,32.70848240495289,-2.810217401006813,HerbaceousVegetation,0.7548368,0.0056016385,51,219.0,4.016400496561267,False
79,2,468240.0,9689380.0,32.71424072853462,-2.8102188310927034,HerbaceousVegetation,0.47967207,0.0076802475,4,17.0,4.162710342578978,False
79,3,468880.0,9689380.0,32.71999905502902,-2.8102202326493724,HerbaceousVegetation,0.99774015,9.181222e-05,7,30.0,4.398186199292886,False
79,4,469520.0,9689380.0,32.72575738437739,-2.81022160567675,HerbaceousVegetation,0.9762883,0.0004049117,13,56.0,4.709471975825614,False
79,5,470160.0,9689380.0,32.73151571652103,-2.810222950174768,HerbaceousVegetation,0.9665681,0.009023782,6,26.0,5.082657841968434,True
79,6,470800.0,9689380.0,32.737274051401265,-2.8102242661433565,HerbaceousVegetation,0.9988035,1.0220579e-05,5,22.0,5.505169859864419,True
79,7,471440.0,9689380.0,32.7430323889594,-2.81022555358245,HerbaceousVegetation,0.9668072,0.00024261109,8,34.0,5.629381071386295,True
79,8,472080.0,9689380.0,32.74879072913673,-2.810226812491984,HerbaceousVegetation,0.802369,0.0008877913,0,0.0,4.991777196913274,False
79,9,472720.0,9689380.0,32.75454907187458,-2.810228042871893,HerbaceousVegetation,0.75744796,0.029050607,13,56.0,4.354876338125385,False
79,10,473360.0,9689380.0,32.76030741711425,-2.8102292447221164,HerbaceousVegetation,0.93948686,0.0017252603,1,4.0,3.719039695553867,False
79,11,474000.0,9689380.0,32.76606576479704,-2.810230418042594,HerbaceousVegetation,0.9755638,0.0077967728,5,22.0,3.084925378975386,False
79,12,474640.0,9689380.0,32.77182411486428,-2.810231562833265,HerbaceousVegetation,0.930169,0.021021288,13,56.0,2.4538689717642748,False
79,13,475280.0,9689380.0,32.777582467257254,-2.8102326790940726,HerbaceousVegetation,0.91977,7.064594e-05,1,4.0,1.8290383449584888,False
79,14,475920.0,9689380.0,32.783340821917285,-2.81023376682496,HerbaceousVegetation,0.912692,0.00013361042,2,9.0,1.220036722426632,False
79,15,476560.0,9689380.0,32.78909917878567,-2.810234826025872,HerbaceousVegetation,0.8766823,0.00084358285,8,34.0,0.6714148797953085,False
79,16,477200.0,9689380.0,32.794857537803736,-2.810235856696755,HerbaceousVegetation,0.99542326,1.0931161e-05,32,138.0,0.48198161536678835,False
79,17,477840.0,9689380.0,32.80061589891276,-2.8102368588375577,HerbaceousVegetation,0.840475,0.0005175165,0,0.0,0.9126963428723756,False
79,18,478480.0,9689380.0,32.80637426205408,-2.8102378324482293,HerbaceousVegetation,0.9956912,9.248487e-05,0,0.0,1.5009740007853698,False
79,19,479120.0,9689380.0,32.81213262716898,-2.81023877752872,HerbaceousVegetation,0.7755965,0.00019162065,0,0.0,2.119441267828545,False
79,20,479760.0,9689380.0,32.81789099419878,-2.8102396940789824,HerbaceousVegetation,0.9623829,6.0514626e-06,4,17.0,2.74778813312011,False
79,21,480400.0,9689380.0,32.823649363084776,-2.810240582098971,HerbaceousVegetation,0.9784146,0.00049900543,20,86.0,3.3805100149617555,False
79,22,481040.0,9689380.0,32.829407733768285,-2.8102414415886394,HerbaceousVegetation,0.5759169,0.0005338812,5,22.0,4.01553935331205,False
79,23,481680.0,9689380.0,32.83516610619061,-2.8102422725479457,HerbaceousVegetation,0.9975127,7.785349e-06,10,43.0,4.651931280096342,False
79,24,482320.0,9689380.0,32.84092448029306,-2.8102430749768463,HerbaceousVegetation,0.9954055,0.000112622234,15,64.0,5.289193981267828,True
79,25,482960.0,9689380.0,32.84668285601694,-2.8102438488753028,HerbaceousVegetation,0.6790592,0.00093897525,6,26.0,5.9270465923781,True
79,26,483600.0,9689380.0,32.85244123330355,-2.810244594243273,HerbaceousVegetation,0.9989273,0.00010048291,7,30.0,6.56531717778828,True
79,27,484240.0,9689380.0,32.858199612094204,-2.8102453110807226,HerbaceousVegetation,0.97175837,0.0005363391,64,275.0,7.15988831544947,True
79,28,484880.0,9689380.0,32.863957992330214,-2.810245999387613,SeaLake,0.9996782,6.7068086e-06,0,0.0,7.72747021130745,False
79,29,485520.0,9689380.0,32.86971637395287,-2.810246659163912,SeaLake,0.99772936,2.9811063e-05,0,0.0,8.30558794087319,False
79,30,486160.0,9689380.0,32.87547475690349,-2.8102472904095825,SeaLake,0.9999788,9.806788e-08,0,0.0,8.892186807558213,False
79,31,486800.0,9689380.0,32.881233141123374,-2.810247893124596,SeaLake,0.84891987,0.005888843,2,9.0,9.274927853777308,True
79,32,487440.0,9689380.0,32.886991526553835,-2.81024846730892,SeaLake,0.9999138,1.7863277e-07,0,0.0,9.399069635971628,False
79,33,488080.0,9689380.0,32.89274991313617,-2.810249012962527,SeaLake,0.99889374,1.5075674e-05,0,0.0,9.564514276789676,False
79,34,488720.0,9689380.0,32.8985083008117,-2.810249530085388,SeaLake,0.99880147,1.6856848e-05,0,0.0,9.769163560918775,False
79,35,489360.0,9689380.0,32.904266689521705,-2.810250018677477,HerbaceousVegetation,0.8100643,4.444487e-05,6,26.0,9.4893284418814,True
79,36,490000.0,9689380.0,32.910025079207514,-2.8102504787387708,HerbaceousVegetation,0.98287374,0.00014833747,14,60.0,8.849412836854755,True
79,37,490640.0,9689380.0,32.91578346981043,-2.810250910269245,SeaLake,0.8631764,2.1336566e-05,0,0.0,8.209510389559183,False
79,38,491280.0,9689380.0,32.92154186127175,-2.810251313268878,SeaLake,0.9965984,2.7730466e-05,0,0.0,7.569624436883947,False
79,39,491920.0,9689380.0,32.92730025353278,-2.8102516877376496,SeaLake,0.9988789,1.4928149e-05,0,0.0,6.9297595481128385,False
79,40,492560.0,9689380.0,32.933058646534825,-2.8102520336755408,SeaLake,0.99898905,1.5930955e-05,0,0.0,6.289922151652712,False
79,41,493200.0,9689380.0,32.938817040219206,-2.810252351082534,SeaLake,0.9998232,4.5653974e-06,0,0.0,5.650121587456496,False
79,42,493840.0,9689380.0,32.944575434527216,-2.8102526399586125,AnnualCrop,0.63572,0.0030160735,5,22.0,5.010371965456492,True
79,43,494480.0,9689380.0,32.95033382940015,-2.810252900303764,HerbaceousVegetation,0.982165,0.0002954834,18,77.0,4.370695655318817,False
79,44,495120.0,9689380.0,32.95609222477934,-2.810253132117972,HerbaceousVegetation,0.99353206,9.433882e-05,10,43.0,3.7311303636583406,False
79,45,495760.0,9689380.0,32.96185062060606,-2.810253335401227,HerbaceousVegetation,0.99740726,0.00082061806,0,0.0,3.0917449878351317,False
79,46,496400.0,9689380.0,32.96760901682165,-2.810253510153519,HerbaceousVegetation,0.9933531,0.00040049176,16,69.0,2.45268023782027,False
79,47,497040.0,9689380.0,32.973367413367384,-2.810253656374837,HerbaceousVegetation,0.90371746,0.00088228576,29,125.0,1.8142749593665597,False
79,48,497680.0,9689380.0,32.979125810184584,-2.8102537740651776,HerbaceousVegetation,0.9475457,0.009576011,31,133.0,1.1776021855342182,False
79,49,498320.0,9689380.0,32.98488420721455,-2.81025386322453,HerbaceousVegetation,0.93271756,0.0042269942,17,73.0,0.5487259667314858,False
79,50,498960.0,9689380.0,32.990642604398595,-2.8102539238528936,HerbaceousVegetation,0.43473986,0.3479167,46,198.0,0.18615441374256914,False
79,51,499600.0,9689380.0,32.99640100167802,-2.810253955950263,HerbaceousVegetation,0.5712691,0.007017036,25,108.0,0.7664246505340728,False
79,52,500240.0,9689380.0,33.002159398994124,-2.8102539595166376,HerbaceousVegetation,0.59816045,0.07434257,24,103.0,1.3997714185311514,False
79,53,500880.0,9689380.0,33.00791779628821,-2.810253934552016,HerbaceousVegetation,0.8592218,0.058128517,53,228.0,2.03728086019752,False
79,54,501520.0,9689380.0,33.01367619350161,-2.810253881056401,HerbaceousVegetation,0.9414275,0.048704427,28,120.0,2.675979555698732,False
79,55,502160.0,9689380.0,33.0194345905756,-2.810253799029795,HerbaceousVegetation,0.9754868,0.0035401627,16,69.0,3.3151802155701913,False
79,56,502800.0,9689380.0,33.02519298745149,-2.8102536884722022,HerbaceousVegetation,0.99301106,0.000790891,12,52.0,2.9520718199334315,False
79,57,503440.0,9689380.0,33.0309513840706,-2.810253549383628,HerbaceousVegetation,0.85135037,0.05866219,9,39.0,2.370068151769964,False
79,58,504080.0,9689380.0,33.03670978037422,-2.810253381764078,HerbaceousVegetation,0.97670823,0.0017318082,14,60.0,1.827270658119235,False
79,59,504720.0,9689380.0,33.042468176303665,-2.810253185613562,HerbaceousVegetation,0.9853013,0.00029699173,3,13.0,1.3710627527625106,False
79,60,505360.0,9689380.0,33.048226571800235,-2.810252960932092,HerbaceousVegetation,0.9906544,2.9881852e-05,1,4.0,1.113511601197726,False
79,61,506000.0,9689380.0,33.05398496680524,-2.810252707719675,HerbaceousVegetation,0.9961566,0.00085666374,12,52.0,1.191303110040066,False
79,62,506640.0,9689380.0,33.05974336125998,-2.810252425976328,HerbaceousVegetation,0.9549873,0.0052203946,3,13.0,1.5548948884025386,False
79,63,507280.0,9689380.0,33.065501755105764,-2.810252115702061,HerbaceousVegetation,0.94578034,0.005599895,10,43.0,2.058007076754002,False
79,64,507920.0,9689380.0,33.071260148283905,-2.8102517768968927,HerbaceousVegetation,0.92392695,0.0010789357,57,245.0,2.6215049383815328,False
79,65,508560.0,9689380.0,33.07701854073569,-2.81025140956084,HerbaceousVegetation,0.9801455,0.00014727988,11,47.0,3.2137801972051503,False
79,66,509200.0,9689380.0,33.08277693240244,-2.8102510136939207,HerbaceousVegetation,0.92326343,0.002850436,33,142.0,2.8128230078061596,False
79,67,509840.0,9689380.0,33.08853532322546,-2.8102505892961545,HerbaceousVegetation,0.76120347,0.008093373,32,138.0,2.3126899960595404,False
79,68,510480.0,9689380.0,33.094293713146044,-2.810250136367564,HerbaceousVegetation,0.97566503,0.002791154,7,30.0,1.8984985547806104,False
79,69,511120.0,9689380.0,33.10005210210551,-2.8102496549081715,HerbaceousVegetation,0.9593659,0.0025885664,6,26.0,1.6368440692791277,False
79,70,511760.0,9689380.0,33.10581049004516,-2.8102491449180005,HerbaceousVegetation,0.97438824,0.0068340637,26,112.0,1.604188346723801,False
79,71,512400.0,9689380.0,33.11156887690629,-2.810248606397077,HerbaceousVegetation,0.9926307,5.566719e-05,3,13.0,1.8129484262919973,False
79,72,513040.0,9689380.0,33.117327262630226,-2.81024803934543,HerbaceousVegetation,0.9465393,0.0048881606,11,47.0,2.195300376036231,False
79,73,513680.0,9689380.0,33.123085647158256,-2.8102474437630867,HerbaceousVegetation,0.94551253,0.038539987,13,56.0,2.677891985434626,False
79,74,514320.0,9689380.0,33.128844030431694,-2.810246819650077,HerbaceousVegetation,0.88502485,0.004136309,43,185.0,3.2159084611171993,False
79,75,514960.0,9689380.0,33.13460241239184,-2.8102461670064325,HerbaceousVegetation,0.91188276,0.0019386323,23,99.0,3.785793044385203,False
79,76,515600.0,9689380.0,33.14036079298001,-2.810245485832187,HerbaceousVegetation,0.99560636,8.5802894e-05,33,142.0,4.223229645862285,False
79,77,516240.0,9689380.0,33.14611917213751,-2.810244776127374,HerbaceousVegetation,0.8916548,0.0025454373,24,103.0,3.932915191519606,False
79,78,516880.0,9689380.0,33.15187754980563,-2.810244037892029,HerbaceousVegetation,0.9461171,2.0437754e-05,2,9.0,3.730841080196436,False
79,79,517520.0,9689380.0,33.1576359259257,-2.8102432711261915,HerbaceousVegetation,0.77215815,0.11270701,31,133.0,3.6317665711987774,False
79,80,518160.0,9689380.0,33.16339430043901,-2.8102424758298974,HerbaceousVegetation,0.902222,0.014202569,1,4.0,3.6441023160268893,False
79,81,518800.0,9689380.0,33.169152673286874,-2.8102416520031888,HerbaceousVegetation,0.9608198,0.0007177702,10,43.0,3.766753901128683,False
79,82,519440.0,9689380.0,33.174911044410585,-2.8102407996461074,HerbaceousVegetation,0.88821465,0.0012774364,4,17.0,3.9895599022528496,False
79,83,520080.0,9689380.0,33.18066941375147,-2.8102399187586946,HerbaceousVegetation,0.9121839,0.0018740391,15,64.0,4.296968870687729,False
79,84,520720.0,9689380.0,33.18642778125082,-2.810239009340996,HerbaceousVegetation,0.88545203,0.0034711838,19,82.0,4.672311498354428,False
79,85,521360.0,9689380.0,33.19218614684995,-2.810238071393058,HerbaceousVegetation,0.8971215,0.02780738,28,120.0,5.100612512203863,True
80,0,466960.0,9688740.0,32.7027226180228,-2.8160060046504265,Pasture,0.44773623,0.0037244728,19,82.0,4.609118427095568,False
80,1,467600.0,9688740.0,32.70848096703523,-2.8160074662753853,PermanentCrop,0.3375354,0.0035850005,4,17.0,4.649887861274542,False
80,2,468240.0,9688740.0,32.714239319019086,-2.8160088993123265,PermanentCrop,0.8275131,0.004813804,3,13.0,4.776833843652587,False
80,3,468880.0,9688740.0,32.71999767391567,-2.8160103037611743,HerbaceousVegetation,0.6973159,0.2813739,9,39.0,4.98337496254307,False
80,4,469520.0,9688740.0,32.7257560316663,-2.81601167962186,HerbaceousVegetation,0.98719734,0.005090671,1,4.0,5.2601435783386705,True
80,5,470160.0,9688740.0,32.73151439221228,-2.816013026894312,HerbaceousVegetation,0.72951925,0.0087881535,6,26.0,5.596730734292472,True
80,6,470800.0,9688740.0,32.73727275549491,-2.816014345578465,HerbaceousVegetation,0.68345255,0.0030489971,6,26.0,5.983049336217308,True
80,7,471440.0,9688740.0,32.743031121455495,-2.8160156356742503,HerbaceousVegetation,0.9498903,0.00042487495,4,17.0,5.71717776279154,True
80,8,472080.0,9688740.0,32.748789490035364,-2.816016897181602,HerbaceousVegetation,0.9241812,0.00019869473,7,30.0,5.090582472379668,True
80,9,472720.0,9688740.0,32.754547861175794,-2.81601813010046,HerbaceousVegetation,0.74221426,0.00943489,6,26.0,4.467788966014413,False
80,10,473360.0,9688740.0,32.76030623481812,-2.8160193344307585,HerbaceousVegetation,0.99242496,2.4756377e-05,8,34.0,3.850642359604585,False
80,11,474000.0,9688740.0,32.76606461090362,-2.8160205101724385,HerbaceousVegetation,0.9096538,0.0024149383,0,0.0,3.2423687202911076,False
80,12,474640.0,9688740.0,32.771822989373625,-2.816021657325438,HerbaceousVegetation,0.9753642,0.001670899,9,39.0,2.6490872494244546,False
80,13,475280.0,9688740.0,32.77758137016943,-2.8160227758897034,HerbaceousVegetation,0.9154841,6.3522915e-05,4,17.0,2.083643825562386,False
80,14,475920.0,9688740.0,32.78333975323234,-2.8160238658651746,HerbaceousVegetation,0.9792933,0.00038292643,4,17.0,1.5762867532734277,False
80,15,476560.0,9688740.0,32.78909813850366,-2.8160249272517985,HerbaceousVegetation,0.9602096,0.0076884627,9,39.0,1.2029082530626822,False
80,16,477200.0,9688740.0,32.79485652592471,-2.8160259600495205,HerbaceousVegetation,0.95422304,6.2075505e-06,0,0.0,1.1083756592542728,False
80,17,477840.0,9688740.0,32.80061491543678,-2.816026964258288,HerbaceousVegetation,0.9924552,2.7074055e-05,1,4.0,1.352481030834952,False
80,18,478480.0,9688740.0,32.80637330698118,-2.8160279398780514,HerbaceousVegetation,0.9003482,0.00060534687,2,9.0,1.8025296878302461,False
80,19,479120.0,9688740.0,32.81213170049922,-2.8160288869087604,HerbaceousVegetation,0.9884509,0.00016553781,12,52.0,2.342695373336114,False
80,20,479760.0,9688740.0,32.817890095932206,-2.816029805350368,HerbaceousVegetation,0.60715044,0.0006547089,4,17.0,2.923444877022904,False
80,21,480400.0,9688740.0,32.823648493221434,-2.816030695202828,HerbaceousVegetation,0.98585665,9.640368e-06,1,4.0,3.5247749269609394,False
80,22,481040.0,9688740.0,32.82940689230822,-2.8160315564660947,HerbaceousVegetation,0.9303558,0.008931427,0,0.0,4.137722395530363,False
80,23,481680.0,9688740.0,32.83516529313386,-2.816032389140125,HerbaceousVegetation,0.9599862,0.00047500536,0,0.0,4.654888657668044,False
80,24,482320.0,9688740.0,32.84092369563967,-2.816033193224876,HerbaceousVegetation,0.99750084,8.912005e-07,9,39.0,5.1808284658170995,True
80,25,482960.0,9688740.0,32.846682099766944,-2.8160339687203075,HerbaceousVegetation,0.86307025,0.0004155771,10,43.0,5.730024325354554,True
80,26,483600.0,9688740.0,32.85244050545699,-2.8160347156263805,HerbaceousVegetation,0.99987423,9.860985e-07,0,0.0,6.296393725466115,False
80,27,484240.0,9688740.0,32.85819891265112,-2.816035433943058,HerbaceousVegetation,0.9835478,1.3846924e-05,14,60.0,6.8756940830016005,True
80,28,484880.0,9688740.0,32.86395732129063,-2.816036123670304,SeaLake,0.9996427,4.3186387e-06,0,0.0,7.464915558796186,False
80,29,485520.0,9688740.0,32.86971573131683,-2.8160367848080807,SeaLake,0.9991393,1.27127005e-05,0,0.0,8.061883122254473,False
80,30,486160.0,9688740.0,32.87547414267102,-2.8160374173563576,SeaLake,0.9959987,5.105181e-05,0,0.0,8.664995940785298,False
80,31,486800.0,9688740.0,32.88123255529451,-2.816038021315101,SeaLake,0.9970458,3.8573355e-05,0,0.0,9.273055043013594,False
80,32,487440.0,9688740.0,32.88699096912861,-2.8160385966842827,SeaLake,0.9975829,3.1918065e-05,0,0.0,9.885147697818883,False
80,33,488080.0,9688740.0,32.8927493841146,-2.816039143463872,SeaLake,0.99841344,2.3561712e-05,0,0.0,10.178753057709649,False
80,34,488720.0,9688740.0,32.89850780019382,-2.81603966165384,SeaLake,0.9994724,6.352423e-06,0,0.0,10.140065041165206,False
80,35,489360.0,9688740.0,32.904266217307544,-2.816040151254162,River,0.73195463,0.00031462216,0,0.0,9.500866924562787,False
80,36,490000.0,9688740.0,32.91002463539709,-2.8160406122648145,HerbaceousVegetation,0.9521419,0.0005051309,5,22.0,8.86178456054093,True
80,37,490640.0,9688740.0,32.91578305440376,-2.816041044685772,HerbaceousVegetation,0.3933828,0.005626904,2,9.0,8.222844938136195,True
80,38,491280.0,9688740.0,32.92154147426887,-2.8160414485170144,SeaLake,0.99915004,4.7801772e-05,0,0.0,7.584084134279002,False
80,39,491920.0,9688740.0,32.927299894933704,-2.8160418237585194,SeaLake,0.9991986,1.0428702e-05,0,0.0,6.9455514853043105,False
80,40,492560.0,9688740.0,32.93305831633957,-2.8160421704102703,SeaLake,0.99994445,3.5716187e-07,0,0.0,6.307316284617678,False
80,41,493200.0,9688740.0,32.93881673842778,-2.8160424884722475,River,0.495355,0.009719019,14,60.0,5.669478987825405,True
80,42,493840.0,9688740.0,32.94457516113964,-2.8160427779444364,HerbaceousVegetation,0.45387316,0.4021727,9,39.0,5.03219090184228,True
80,43,494480.0,9688740.0,32.95033358441645,-2.816043038826821,HerbaceousVegetation,0.97076446,0.0002837096,4,17.0,4.39569090721523,False
80,44,495120.0,9688740.0,32.956092008199505,-2.8160432711193897,Pasture,0.74484324,0.011451309,0,0.0,3.760379213718357,False
80,45,495760.0,9688740.0,32.961850432430126,-2.8160434748221297,HerbaceousVegetation,0.9294607,0.0008315454,6,26.0,3.1269801902403422,False
80,46,496400.0,9688740.0,32.967608857049605,-2.8160436499350308,HerbaceousVegetation,0.98678315,0.0044353264,73,314.0,2.496949817146104,False
80,47,497040.0,9688740.0,32.97336728199925,-2.816043796458085,AnnualCrop,0.688128,0.0079374695,29,125.0,1.8736893201746119,False
80,48,497680.0,9688740.0,32.97912570722036,-2.816043914391284,HerbaceousVegetation,0.9828128,0.0006876084,9,39.0,1.2672272675912695,False
80,49,498320.0,9688740.0,32.98488413265425,-2.8160440037346213,HerbaceousVegetation,0.8960262,0.0003872193,15,64.0,0.7212615523631295,False
80,50,498960.0,9688740.0,32.990642558242214,-2.8160440644880937,HerbaceousVegetation,0.97583777,0.00019744334,5,22.0,0.5037573881420572,False
80,51,499600.0,9688740.0,32.99640098392556,-2.816044096651698,HerbaceousVegetation,0.8731475,0.069812685,4,17.0,0.8980672498750544,False
80,52,500240.0,9688740.0,33.00215940964559,-2.816044100225432,HerbaceousVegetation,0.9966845,9.521591e-05,8,34.0,1.4759668236408905,False
80,53,500880.0,9688740.0,33.00791783534361,-2.8160440752092946,HerbaceousVegetation,0.98360485,0.0011695783,6,26.0,2.0903663180598313,False
80,54,501520.0,9688740.0,33.01367626096093,-2.816044021603289,HerbaceousVegetation,0.61143786,0.32501975,15,64.0,2.7166127112397622,False
80,55,502160.0,9688740.0,33.019434686438835,-2.8160439394074177,HerbaceousVegetation,0.8826207,0.034514505,19,82.0,3.348064799561067,False
80,56,502800.0,9688740.0,33.02519311171864,-2.816043828621684,HerbaceousVegetation,0.95323795,0.0012714961,11,47.0,2.7780862221439198,False
80,57,503440.0,9688740.0,33.03095153674166,-2.816043689246093,HerbaceousVegetation,0.9920521,6.280887e-05,7,30.0,2.1494785580821887,False
80,58,504080.0,9688740.0,33.03670996144918,-2.8160435212806525,HerbaceousVegetation,0.9728233,0.0002672812,3,13.0,1.5303441069394474,False
80,59,504720.0,9688740.0,33.04246838578252,-2.816043324725372,HerbaceousVegetation,0.99722254,4.5650054e-06,5,22.0,0.9395999678764925,False
80,60,505360.0,9688740.0,33.04822680968297,-2.816043099580259,HerbaceousVegetation,0.94231826,0.0115772225,79,340.0,0.49289259846615235,False
80,61,506000.0,9688740.0,33.053985233091844,-2.816042845845327,HerbaceousVegetation,0.9768794,0.003940939,77,331.0,0.6497985284778088,False
80,62,506640.0,9688740.0,33.05974365595044,-2.8160425635205883,HerbaceousVegetation,0.9826109,0.00040017653,17,73.0,1.191945108468144,False
80,63,507280.0,9688740.0,33.06550207820007,-2.8160422526060565,HerbaceousVegetation,0.9076024,0.013102913,0,0.0,1.7995633235844595,False
80,64,507920.0,9688740.0,33.07126049978203,-2.816041913101748,Residential,0.7632282,0.7632282,117,503.0,2.423906592585522,False
80,65,508560.0,9688740.0,33.07701892063763,-2.8160415450076792,HerbaceousVegetation,0.4474633,0.103702046,56,241.0,3.054737007267363,False
80,66,509200.0,9688740.0,33.08277734070816,-2.816041148323869,HerbaceousVegetation,0.9274815,0.040613856,38,163.0,3.2175055142827826,False
80,67,509840.0,9688740.0,33.08853575993494,-2.8160407230503384,HerbaceousVegetation,0.83090776,0.028499776,18,77.0,2.79086070578062,False
80,68,510480.0,9688740.0,33.094294178259275,-2.816040269187108,HerbaceousVegetation,0.99635077,0.00071165175,11,47.0,2.4585900885874588,False
80,69,511120.0,9688740.0,33.10005259562246,-2.816039786734201,HerbaceousVegetation,0.98512775,0.00026743987,11,47.0,2.262659269163317,False
80,70,511760.0,9688740.0,33.105811011965805,-2.816039275691641,HerbaceousVegetation,0.67416865,0.27468508,19,82.0,2.2391491046736625,False
80,71,512400.0,9688740.0,33.11156942723061,-2.816038736059455,HerbaceousVegetation,0.99117976,0.0020397387,19,82.0,2.393146559989808,False
80,72,513040.0,9688740.0,33.11732784135818,-2.8160381678376694,HerbaceousVegetation,0.93442845,0.027326457,5,22.0,2.694385310645313,False
80,73,513680.0,9688740.0,33.12308625428983,-2.816037571026313,Residential,0.72317135,0.72317135,0,0.0,3.100237724248163,False
80,74,514320.0,9688740.0,33.128844665966845,-2.8160369456254166,HerbaceousVegetation,0.6520449,0.20772448,4,17.0,3.575253234594945,False
80,75,514960.0,9688740.0,33.13460307633055,-2.816036291635012,HerbaceousVegetation,0.9781942,1.8468365e-05,21,90.0,4.095436171656421,False
80,76,515600.0,9688740.0,33.14036148532223,-2.8160356090551306,HerbaceousVegetation,0.84036237,0.028196497,4,17.0,3.6888512927620836,False
80,77,516240.0,9688740.0,33.14611989288321,-2.816034897885808,HerbaceousVegetation,0.93480647,0.00039766284,24,103.0,3.352577683232427,False
80,78,516880.0,9688740.0,33.151878298954784,-2.81603415812708,HerbaceousVegetation,0.9920317,8.465703e-05,0,0.0,3.1130580438057565,False
80,79,517520.0,9688740.0,33.15763670347825,-2.816033389778984,HerbaceousVegetation,0.8955616,0.0039736265,0,0.0,2.993607129551127,False
80,80,518160.0,9688740.0,33.16339510639493,-2.8160325928415584,HerbaceousVegetation,0.85686576,0.037498888,16,69.0,3.008560604025611,False
80,81,518800.0,9688740.0,33.169153507646115,-2.8160317673148447,HerbaceousVegetation,0.94254446,0.0069840974,28,120.0,3.1560085820685853,False
80,82,519440.0,9688740.0,33.17491190717311,-2.8160309131988828,HerbaceousVegetation,0.9693847,0.0023226622,10,43.0,3.418851186010613,False
80,83,520080.0,9688740.0,33.18067030491724,-2.816030030493718,HerbaceousVegetation,0.94292754,0.0037819282,19,82.0,3.773048726703883,False
80,84,520720.0,9688740.0,33.18642870081978,-2.816029119199393,HerbaceousVegetation,0.7249316,0.0037934175,41,176.0,4.195527375202956,False
80,85,521360.0,9688740.0,33.19218709482206,-2.816028179315954,HerbaceousVegetation,0.9225697,0.0056659565,14,60.0,4.667783544475153,False
81,0,466960.0,9688100.0,32.70272114867298,-2.8217960663316872,HerbaceousVegetation,0.6697661,7.003602e-05,14,60.0,5.249110100640172,True
81,1,467600.0,9688100.0,32.70847952614615,-2.8217975309665966,AnnualCrop,0.48338044,0.0005142097,0,0.0,5.284944777013197,False
81,2,468240.0,9688100.0,32.71423790659082,-2.821798966954616,HerbaceousVegetation,0.9189368,0.010480095,19,82.0,5.396973757905024,True
81,3,468880.0,9688100.0,32.719996289948284,-2.821800374295669,HerbaceousVegetation,0.8658208,0.0015919392,27,116.0,5.580610198800118,True
81,4,469520.0,9688100.0,32.725754676159866,-2.821801752989688,HerbaceousVegetation,0.97745466,2.6572441e-05,6,26.0,5.829090378299885,True
81,5,470160.0,9688100.0,32.73151306516687,-2.821803103036602,HerbaceousVegetation,0.97255015,0.0011977552,14,60.0,6.1345398430383264,True
81,6,470800.0,9688100.0,32.73727145691059,-2.821804424436344,HerbaceousVegetation,0.96878403,0.00046294235,8,34.0,6.487896697628038,True
81,7,471440.0,9688100.0,32.74302985133233,-2.8218057171888464,HerbaceousVegetation,0.86981463,0.0086552,2,9.0,5.873798761945614,True
81,8,472080.0,9688100.0,32.748788248373415,-2.8218069812940434,Pasture,0.8438268,0.015424598,3,13.0,5.265873169055144,True
81,9,472720.0,9688100.0,32.75454664797513,-2.8218082167518714,Residential,0.5271322,0.5271322,2,9.0,4.666532820983465,False
81,10,473360.0,9688100.0,32.7603050500788,-2.8218094235622684,HerbaceousVegetation,0.79217035,0.0031929761,25,108.0,4.079563322962021,False
81,11,474000.0,9688100.0,32.76606345462571,-2.821810601725174,HerbaceousVegetation,0.98183507,3.746577e-05,4,17.0,3.511174339561902,False
81,12,474640.0,9688100.0,32.77182186155717,-2.8218117512405265,HerbaceousVegetation,0.9880364,0.00023108347,4,17.0,2.97204535287384,False
81,13,475280.0,9688100.0,32.7775802708145,-2.82181287210827,HerbaceousVegetation,0.91494966,0.013856363,6,26.0,2.481322614308752,False
81,14,475920.0,9688100.0,32.783338682338986,-2.8218139643283475,HerbaceousVegetation,0.6633967,0.012344651,9,39.0,2.073661074771152,False
81,15,476560.0,9688100.0,32.789097096071934,-2.8218150279007026,HerbaceousVegetation,0.9873835,3.347282e-05,0,0.0,1.8062055779346047,False
81,16,477200.0,9688100.0,32.794855511954665,-2.821816062825283,HerbaceousVegetation,0.6395821,0.09774187,6,26.0,1.7446738739670256,False
81,17,477840.0,9688100.0,32.80061392992847,-2.8218170691020354,HerbaceousVegetation,0.7695253,0.00047585982,7,30.0,1.909082309185264,False
81,18,478480.0,9688100.0,32.80637234993465,-2.8218180467309097,HerbaceousVegetation,0.9813111,0.00010791065,7,30.0,2.2184185727515926,False
81,19,479120.0,9688100.0,32.812130771914525,-2.8218189957118565,HerbaceousVegetation,0.9425532,0.0005545067,11,47.0,2.449158251494453,False
81,20,479760.0,9688100.0,32.817889195809386,-2.8218199160448263,HerbaceousVegetation,0.95303875,0.002585081,12,52.0,2.8097279793242476,False
81,21,480400.0,9688100.0,32.82364762156054,-2.821820807729775,HerbaceousVegetation,0.9942062,1.5974249e-05,6,26.0,3.2572943518711464,False
81,22,481040.0,9688100.0,32.82940604910929,-2.8218216707666564,AnnualCrop,0.78340083,0.18740371,1,4.0,3.7609256402733924,False
81,23,481680.0,9688100.0,32.83516447839694,-2.821822505155426,SeaLake,0.82246876,0.015556534,0,0.0,4.30097161680939,False
81,24,482320.0,9688100.0,32.8409229093648,-2.821823310896043,HerbaceousVegetation,0.67967814,0.009377859,15,64.0,4.865321369193831,False
81,25,482960.0,9688100.0,32.84668134195417,-2.821824087988466,HerbaceousVegetation,0.9891971,4.7650225e-05,14,60.0,5.446425176431628,True
81,26,483600.0,9688100.0,32.852439776106344,-2.821824836432657,HerbaceousVegetation,0.93908757,0.0023701026,0,0.0,6.039448847320625,False
81,27,484240.0,9688100.0,32.85819821176264,-2.821825556228576,HerbaceousVegetation,0.5187929,0.0013968243,0,0.0,6.641200008758702,False
81,28,484880.0,9688100.0,32.86395664886435,-2.821826247376188,SeaLake,0.9988268,1.893087e-05,0,0.0,7.249505688891536,False
81,29,485520.0,9688100.0,32.869715087352795,-2.8218269098754583,SeaLake,0.99858236,1.9281679e-05,0,0.0,7.862844772104108,False
81,30,486160.0,9688100.0,32.87547352716925,-2.8218275437263527,SeaLake,0.9973998,3.3666303e-05,0,0.0,8.480125181100751,False
81,31,486800.0,9688100.0,32.881231968255044,-2.82182814892884,SeaLake,0.99598724,5.130267e-05,0,0.0,9.100544943247804,False
81,32,487440.0,9688100.0,32.88699041055147,-2.821828725482889,SeaLake,0.9987891,1.8683722e-05,0,0.0,9.723503146552037,False
81,33,488080.0,9688100.0,32.89274885399983,-2.8218292733884693,SeaLake,0.9989366,1.5762718e-05,0,0.0,10.348541376345823,False
81,34,488720.0,9688100.0,32.898507298541425,-2.821829792645556,SeaLake,0.9998611,1.3469428e-06,0,0.0,10.19113522034776,False
81,35,489360.0,9688100.0,32.904265744117566,-2.8218302832541213,HerbaceousVegetation,0.8413549,0.091542155,1,4.0,9.555354015346738,True
81,36,490000.0,9688100.0,32.910024190669546,-2.8218307452141413,HerbaceousVegetation,0.89625126,0.00084079866,4,17.0,8.920176211140308,True
81,37,490640.0,9688100.0,32.91578263813867,-2.821831178525591,HerbaceousVegetation,0.88744015,0.0011286592,20,86.0,8.28574057746101,True
81,38,491280.0,9688100.0,32.921541086466256,-2.821831583188449,SeaLake,0.94048107,0.0029161111,0,0.0,7.652231713439835,False
81,39,491920.0,9688100.0,32.92729953559358,-2.8218319592026964,SeaLake,0.99732816,3.3862292e-05,0,0.0,7.019900531728693,False
81,40,492560.0,9688100.0,32.93305798546197,-2.8218323065683126,SeaLake,0.9993937,1.4325205e-05,0,0.0,6.389096708812226,False
81,41,493200.0,9688100.0,32.938816436012715,-2.821832625285281,HerbaceousVegetation,0.8726429,0.009359841,9,39.0,5.7603220425376955,True
81,42,493840.0,9688100.0,32.94457488718712,-2.821832915353584,HerbaceousVegetation,0.9560579,4.3350024e-05,0,0.0,5.1343220889359955,False
81,43,494480.0,9688100.0,32.95033333892649,-2.821833176773209,AnnualCrop,0.4868204,0.17932059,28,120.0,4.512251831638668,False
81,44,495120.0,9688100.0,32.95609179117212,-2.821833409544142,River,0.34815925,0.026162326,23,99.0,3.895994079989978,False
81,45,495760.0,9688100.0,32.96185024386533,-2.821833613666371,River,0.78580797,0.0016263323,71,305.0,3.288817895613467,False
81,46,496400.0,9688100.0,32.9676086969474,-2.8218337891398844,SeaLake,0.5308361,0.21154729,172,740.0,2.696864184510935,False
81,47,497040.0,9688100.0,32.97336715035965,-2.821833935964676,River,0.59500563,0.022450736,1,4.0,2.1328454488987867,False
81,48,497680.0,9688100.0,32.979125604043375,-2.8218340541407367,HerbaceousVegetation,0.922836,0.007283818,22,95.0,1.6260943970381003,False
81,49,498320.0,9688100.0,32.98488405793987,-2.8218341436680605,HerbaceousVegetation,0.99905425,3.3038489e-06,7,30.0,1.2484135001149013,False
81,50,498960.0,9688100.0,32.99064251199045,-2.821834204546644,HerbaceousVegetation,0.99840206,6.0001344e-07,7,30.0,1.1367011684957373,False
81,51,499600.0,9688100.0,32.99640096613643,-2.821834236776483,HerbaceousVegetation,0.95327616,0.00034627065,4,17.0,1.3582499128106031,False
81,52,500240.0,9688100.0,33.002159420319074,-2.821834240357576,HerbaceousVegetation,0.63204825,0.0066540316,0,0.0,1.79354289183182,False
81,53,500880.0,9688100.0,33.00791787447972,-2.821834215289924,HerbaceousVegetation,0.99675125,1.2299614e-05,0,0.0,2.325499813810116,False
81,54,501520.0,9688100.0,33.013676328559654,-2.821834161573526,HerbaceousVegetation,0.95050085,0.00070826185,11,47.0,2.90143114052726,False
81,55,502160.0,9688100.0,33.01943478250017,-2.8218340792083865,HerbaceousVegetation,0.48611856,0.0017068255,9,39.0,3.3847751877041197,False
81,56,502800.0,9688100.0,33.02519323624259,-2.82183396819451,HerbaceousVegetation,0.9657339,0.019583134,4,17.0,2.74590569490044,False
81,57,503440.0,9688100.0,33.03095168972821,-2.8218338285319007,HerbaceousVegetation,0.9754406,0.00030058177,1,4.0,2.1077222538265987,False
81,58,504080.0,9688100.0,33.036710142898336,-2.8218336602205665,HerbaceousVegetation,0.57150215,0.013500096,8,34.0,1.471117980742907,False
81,59,504720.0,9688100.0,33.04246859569426,-2.8218334632605155,HerbaceousVegetation,0.7015667,0.08666559,0,0.0,0.8396922812877929,False
81,60,505360.0,9688100.0,33.04822704805729,-2.821833237651757,PermanentCrop,0.33311498,0.018458959,64,275.0,0.2553001003593773,False
81,61,506000.0,9688100.0,33.05398549992872,-2.8218329833943048,Residential,0.8340027,0.8340027,60,258.0,0.4944422668347825,False
81,62,506640.0,9688100.0,33.05974395124987,-2.8218327004881694,HerbaceousVegetation,0.9336658,0.005745925,13,56.0,1.1148848232987694,False
81,63,507280.0,9688100.0,33.06550240196204,-2.821832388933366,HerbaceousVegetation,0.97569776,0.006663987,15,64.0,1.749475116488125,False
81,64,507920.0,9688100.0,33.07126085200652,-2.821832048729911,Residential,0.4852653,0.4852653,132,568.0,2.3869558431609805,False
81,65,508560.0,9688100.0,33.07701930132462,-2.821831679877819,HerbaceousVegetation,0.8219384,0.11491688,134,576.0,3.025500489371892,False
81,66,509200.0,9688100.0,33.082777749857634,-2.821831282377112,HerbaceousVegetation,0.5187741,0.08740961,67,288.0,3.1450461699354566,False
81,67,509840.0,9688100.0,33.08853619754688,-2.821830856227808,HerbaceousVegetation,0.53653294,0.44027093,18,77.0,2.925197225684394,False
81,68,510480.0,9688100.0,33.09429464433365,-2.821830401429929,HerbaceousVegetation,0.9970559,0.0008325796,14,60.0,2.8357436779930705,False
81,69,511120.0,9688100.0,33.10005309015926,-2.821829917983498,HerbaceousVegetation,0.97639424,0.00784029,12,52.0,2.8888242600413854,False
81,70,511760.0,9688100.0,33.105811534964985,-2.821829405888539,HerbaceousVegetation,0.68803483,0.031830605,53,228.0,2.876344411602562,False
81,71,512400.0,9688100.0,33.11156997869216,-2.821828865145079,HerbaceousVegetation,0.91509706,0.00014067562,12,52.0,2.997785669254471,False
81,72,513040.0,9688100.0,33.11732842128207,-2.8218282957531446,HerbaceousVegetation,0.9967474,0.0016041705,13,56.0,3.243344055665027,False
81,73,513680.0,9688100.0,33.12308686267602,-2.8218276977127643,HerbaceousVegetation,0.96556,0.0024526287,0,0.0,3.587623504222238,False
81,74,514320.0,9688100.0,33.12884530281532,-2.8218270710239683,HerbaceousVegetation,0.9878527,2.4160836e-05,33,142.0,4.005247077606828,False
81,75,514960.0,9688100.0,33.134603741641264,-2.821826415686789,HerbaceousVegetation,0.90319455,0.033056792,38,163.0,3.658664485374314,False
81,76,515600.0,9688100.0,33.14036217909516,-2.821825731701259,HerbaceousVegetation,0.99882025,0.0002843266,4,17.0,3.1935527361443254,False
81,77,516240.0,9688100.0,33.14612061511831,-2.821825019067413,HerbaceousVegetation,0.9415667,0.00074421463,5,22.0,2.7983803066292694,False
81,78,516880.0,9688100.0,33.151879049652024,-2.821824277785287,HerbaceousVegetation,0.9646635,0.0002478329,0,0.0,2.5064488030929613,False
81,79,517520.0,9688100.0,33.1576374826376,-2.8218235078549188,HerbaceousVegetation,0.9462365,0.0002638991,1,4.0,2.3564462362892455,False
81,80,518160.0,9688100.0,33.163395914016334,-2.821822709276346,HerbaceousVegetation,0.5328738,0.3605492,23,99.0,2.3754140957983227,False
81,81,518800.0,9688100.0,33.16915434372954,-2.82182188204961,HerbaceousVegetation,0.8091919,0.0035058865,3,13.0,2.5595986772369175,False
81,82,519440.0,9688100.0,33.174912771718525,-2.821821026174753,HerbaceousVegetation,0.9232698,0.006863311,7,30.0,2.87744655041733,False
81,83,520080.0,9688100.0,33.18067119792458,-2.821820141651817,HerbaceousVegetation,0.86253816,0.00035649003,35,150.0,3.290448588339317,False
81,84,520720.0,9688100.0,33.18642962228901,-2.8218192284808485,HerbaceousVegetation,0.7422595,0.001605695,8,34.0,3.767440135489855,False
81,85,521360.0,9688100.0,33.19218804475314,-2.821818286661891,HerbaceousVegetation,0.53984797,0.0025273464,10,43.0,4.287115398084757,False
82,0,466960.0,9687460.0,32.70271967629296,-2.827586127434376,AnnualCrop,0.8264271,2.1792179e-05,0,0.0,5.889103583933077,False
82,1,467600.0,9687460.0,32.708478082285566,-2.827587595079264,PermanentCrop,0.9604757,3.3210752e-05,0,0.0,5.921066244328788,False
82,2,468240.0,9687460.0,32.714236491249736,-2.827589034018387,PermanentCrop,0.5377594,0.0012363124,15,64.0,6.021271453535891,True
82,3,468880.0,9687460.0,32.71999490312679,-2.827590444251676,HerbaceousVegetation,0.48174718,0.0009482483,11,47.0,6.1864039929997,True
82,4,469520.0,9687460.0,32.72575331785802,-2.8275918257790544,HerbaceousVegetation,0.79635614,0.0049374,4,17.0,6.411449041522442,True
82,5,470160.0,9687460.0,32.731511735384736,-2.827593178600457,HerbaceousVegetation,0.8564798,0.024250615,1,4.0,6.690363462434267,True
82,6,470800.0,9687460.0,32.73727015564824,-2.827594502715814,HerbaceousVegetation,0.9837273,0.001248588,18,77.0,6.687854206213572,True
82,7,471440.0,9687460.0,32.74302857858984,-2.8275957981250577,Pasture,0.8000874,0.049937375,1,4.0,6.093939794608214,True
82,8,472080.0,9687460.0,32.748787004150834,-2.827597064828124,HerbaceousVegetation,0.90909433,0.008657498,1,4.0,5.510354848560175,True
82,9,472720.0,9687460.0,32.75454543227253,-2.8275983028249474,HerbaceousVegetation,0.9721088,0.02411801,9,39.0,4.940760963029041,False
82,10,473360.0,9687460.0,32.76030386289623,-2.827599512115466,HerbaceousVegetation,0.9576787,0.0028547354,0,0.0,4.390606704150657,False
82,11,474000.0,9687460.0,32.76606229596324,-2.82760069269962,HerbaceousVegetation,0.9231931,0.0062486124,11,47.0,3.8681953889732257,False
82,12,474640.0,9687460.0,32.77182073141486,-2.8276018445773463,HerbaceousVegetation,0.7128426,0.04702468,6,26.0,3.3863909851071177,False
82,13,475280.0,9687460.0,32.7775791691924,-2.827602967748591,HerbaceousVegetation,0.9558156,5.004906e-06,0,0.0,2.9650551834250547,False
82,14,475920.0,9687460.0,32.78333760923716,-2.8276040622132945,HerbaceousVegetation,0.9071791,2.1843507e-05,0,0.0,2.5406630413153906,False
82,15,476560.0,9687460.0,32.78909605149043,-2.827605127971403,HerbaceousVegetation,0.9420169,1.6784721e-05,0,0.0,2.062804854182801,False
82,16,477200.0,9687460.0,32.79485449589354,-2.8276061650228623,HerbaceousVegetation,0.85074085,0.004060454,8,34.0,1.6954524597800664,False
82,17,477840.0,9687460.0,32.80061294238777,-2.8276071733676185,HerbaceousVegetation,0.9364011,0.00010590959,3,13.0,1.5209057236753467,False
82,18,478480.0,9687460.0,32.80637139091444,-2.8276081530056225,HerbaceousVegetation,0.9710191,0.00071369566,13,56.0,1.60341803571077,False
82,19,479120.0,9687460.0,32.81212984141484,-2.8276091039368243,HerbaceousVegetation,0.92902434,0.0030119698,0,0.0,1.9099593121783343,False
82,20,479760.0,9687460.0,32.81788829383027,-2.827610026161176,HerbaceousVegetation,0.69998294,0.010270994,0,0.0,2.3545997008219657,False
82,21,480400.0,9687460.0,32.82364674810205,-2.8276109196786297,HerbaceousVegetation,0.81080157,0.0013846523,0,0.0,2.8739406618865746,False
82,22,481040.0,9687460.0,32.82940520417146,-2.827611784489142,AnnualCrop,0.34108722,0.0061130733,1,4.0,3.434258304929784,False
82,23,481680.0,9687460.0,32.83516366197982,-2.8276126205926686,SeaLake,0.94974536,0.0005537597,0,0.0,4.018448118604164,False
82,24,482320.0,9687460.0,32.84092212146843,-2.827613427989168,River,0.9800326,3.248884e-05,6,26.0,4.6174582249163345,False
82,25,482960.0,9687460.0,32.846680582578585,-2.827614206678597,HerbaceousVegetation,0.9995012,0.0001741368,31,133.0,5.226195139466346,True
82,26,483600.0,9687460.0,32.852439045251586,-2.827614956660919,HerbaceousVegetation,0.9630449,0.00052893563,2,9.0,5.84161885205769,True
82,27,484240.0,9687460.0,32.85819750942875,-2.8276156779360946,SeaLake,0.9775671,0.0014840394,0,0.0,6.461819092921896,False
82,28,484880.0,9687460.0,32.86395597505136,-2.827616370504088,SeaLake,0.9972427,3.68813e-05,0,0.0,7.085541698881188,False
82,29,485520.0,9687460.0,32.869714442060726,-2.827617034364863,SeaLake,0.99700147,4.0140072e-05,0,0.0,7.711932075914457,False
82,30,486160.0,9687460.0,32.87547291039815,-2.8276176695183874,SeaLake,0.99725026,3.3888755e-05,0,0.0,8.340389170803268,False
82,31,486800.0,9687460.0,32.88123138000495,-2.827618275964629,SeaLake,0.9971073,3.7922076e-05,0,0.0,8.970478621421856,False
82,32,487440.0,9687460.0,32.886989850822395,-2.8276188537035574,SeaLake,0.99941725,4.98423e-06,0,0.0,9.60187908038425,False
82,33,488080.0,9687460.0,32.89274832279181,-2.8276194027351425,SeaLake,0.9367631,0.00038034236,0,0.0,10.234347905521625,False
82,34,488720.0,9687460.0,32.89850679585449,-2.827619923059356,SeaLake,0.7629878,0.0028919827,0,0.0,10.28186535215106,False
82,35,489360.0,9687460.0,32.904265269951736,-2.8276204146761734,HerbaceousVegetation,0.80942535,0.00095223787,1,4.0,9.652062390958468,True
82,36,490000.0,9687460.0,32.91002374502485,-2.827620877585569,Pasture,0.5089009,0.0017314942,20,86.0,9.023694458377086,True
82,37,490640.0,9687460.0,32.91578222101513,-2.827621311787519,SeaLake,0.9333725,0.000562104,0,0.0,8.397083717418553,False
82,38,491280.0,9687460.0,32.92154069786389,-2.827621717282004,SeaLake,0.9984474,2.187839e-05,0,0.0,7.772655160016184,False
82,39,491920.0,9687460.0,32.92729917551241,-2.8276220940689987,SeaLake,0.9983784,2.175749e-05,0,0.0,7.150980458350914,False
82,40,492560.0,9687460.0,32.93305765390201,-2.827622442148487,SeaLake,0.9978314,0.000104780556,0,0.0,6.53284584196712,False
82,41,493200.0,9687460.0,32.93881613297398,-2.8276227615204523,SeaLake,0.84266156,4.922901e-06,5,22.0,5.919360444684672,True
82,42,493840.0,9687460.0,32.94457461266964,-2.827623052184877,HerbaceousVegetation,0.85941905,0.00080031174,10,43.0,5.3121352913200495,True
82,43,494480.0,9687460.0,32.950333092930265,-2.8276233141417464,SeaLake,0.58904636,0.0008431795,6,26.0,4.71359041840489,False
82,44,495120.0,9687460.0,32.95609157369717,-2.827623547391048,SeaLake,0.99390984,9.719679e-05,0,0.0,4.12750383545174,False
82,45,495760.0,9687460.0,32.96185005491166,-2.827623751932769,SeaLake,0.99190444,0.00012761289,0,0.0,3.5600338749595153,False
82,46,496400.0,9687460.0,32.96760853651502,-2.8276239277669,SeaLake,0.9970697,5.0730567e-05,0,0.0,3.021687354782043,False
82,47,497040.0,9687460.0,32.97336701844857,-2.827624074893431,SeaLake,0.99942344,3.1060386e-05,0,0.0,2.531115909878513,False
82,48,497680.0,9687460.0,32.9791255006536,-2.827624193312356,SeaLake,0.51124656,0.019349739,0,0.0,2.1217212419237756,False
82,49,498320.0,9687460.0,32.98488398307142,-2.827624283023668,HerbaceousVegetation,0.99704546,0.00011293178,21,90.0,1.8482570999785193,False
82,50,498960.0,9687460.0,32.99064246564332,-2.827624344027364,HerbaceousVegetation,0.96917677,0.00225318,33,142.0,1.7747133815947413,False
82,51,499600.0,9687460.0,32.9964009483106,-2.827624376323438,HerbaceousVegetation,0.772936,0.0070550693,5,22.0,1.9241519862011622,False
82,52,500240.0,9687460.0,33.00215943101457,-2.8276243799118905,HerbaceousVegetation,0.9834638,0.00048098475,3,13.0,2.2526238357063333,False
82,53,500880.0,9687460.0,33.00791791369653,-2.8276243547927216,HerbaceousVegetation,0.9849203,9.075985e-05,6,26.0,2.695453101870398,False
82,54,501520.0,9687460.0,33.013676396297775,-2.8276243009659314,HerbaceousVegetation,0.99519545,0.00040521068,19,82.0,3.205592098750742,False
82,55,502160.0,9687460.0,33.01943487875962,-2.827624218431523,HerbaceousVegetation,0.987805,0.00017712741,19,82.0,3.4782377864255127,False
82,56,502800.0,9687460.0,33.02519336102334,-2.827624107189501,HerbaceousVegetation,0.9611646,0.0042990637,14,60.0,2.8603204563313285,False
82,57,503440.0,9687460.0,33.030951843030266,-2.8276239672398704,HerbaceousVegetation,0.61520743,0.018990403,9,39.0,2.254756777769316,False
82,58,504080.0,9687460.0,33.03671032472168,-2.827623798582639,HerbaceousVegetation,0.9670612,0.0066454364,13,56.0,1.6749994450404693,False
82,59,504720.0,9687460.0,33.04246880603889,-2.8276236012178133,HerbaceousVegetation,0.98316854,0.0013426187,0,0.0,1.1603956889247262,False
82,60,505360.0,9687460.0,33.04822728692319,-2.8276233751454067,HerbaceousVegetation,0.9842041,0.00056672556,0,0.0,0.8406028603712341,False
82,61,506000.0,9687460.0,33.05398576731589,-2.8276231203654287,HerbaceousVegetation,0.9262622,0.0004320194,12,52.0,0.941226956081003,False
82,62,506640.0,9687460.0,33.05974424715829,-2.827622836877891,HerbaceousVegetation,0.6048297,0.14183189,19,82.0,1.372735661678067,False
82,63,507280.0,9687460.0,33.06550272639169,-2.82762252468281,HerbaceousVegetation,0.6733704,0.16774021,54,232.0,1.9240837328016498,False
82,64,507920.0,9687460.0,33.07126120495739,-2.8276221837802,Residential,0.9937584,0.9937584,145,624.0,2.5177357337141526,False
82,65,508560.0,9687460.0,33.07701968279669,-2.827621814170079,Residential,0.9780336,0.9780336,261,1122.0,2.970932599981138,False
82,66,509200.0,9687460.0,33.08277815985088,-2.827621415852466,HerbaceousVegetation,0.41732275,0.34358272,101,434.0,2.583157740393853,False
82,67,509840.0,9687460.0,33.08853663606129,-2.8276209888273804,Residential,0.89270836,0.89270836,96,413.0,2.3104474263403327,False
82,68,510480.0,9687460.0,33.0942951113692,-2.8276205330948443,HerbaceousVegetation,0.99915934,9.89113e-06,22,95.0,2.1960944214693177,False
82,69,511120.0,9687460.0,33.10005358571591,-2.82762004865488,HerbaceousVegetation,0.6656831,0.30221954,4,17.0,2.2642204190702477,False
82,70,511760.0,9687460.0,33.105812059042734,-2.827619535507513,HerbaceousVegetation,0.752444,0.22254,12,52.0,2.4999515003816857,False
82,71,512400.0,9687460.0,33.111570531290965,-2.827618993652768,HerbaceousVegetation,0.99509794,0.0005512052,21,90.0,2.8621706626940737,False
82,72,513040.0,9687460.0,33.11732900240192,-2.827618423090673,HerbaceousVegetation,0.9929805,2.5572277e-05,10,43.0,3.309604855645553,False
82,73,513680.0,9687460.0,33.123087472316875,-2.8276178238212566,HerbaceousVegetation,0.9782662,0.0023054352,13,56.0,3.81236772867448,False
82,74,514320.0,9687460.0,33.12884594097714,-2.8276171958445504,HerbaceousVegetation,0.97999454,0.00031829916,24,103.0,3.8473923341616847,False
82,75,514960.0,9687460.0,33.13460440832403,-2.8276165391605845,HerbaceousVegetation,0.9856806,0.00013083985,15,64.0,3.285754256629931,False
82,76,515600.0,9687460.0,33.14036287429884,-2.8276158537693923,HerbaceousVegetation,0.51537156,0.002235705,0,0.0,2.7584659318101648,False
82,77,516240.0,9687460.0,33.14612133884286,-2.8276151396710087,HerbaceousVegetation,0.970416,9.84336e-06,0,0.0,2.28938584754797,False
82,78,516880.0,9687460.0,33.15187980189741,-2.827614396865471,HerbaceousVegetation,0.9961676,1.3420586e-07,1,4.0,1.921624526526592,False
82,79,517520.0,9687460.0,33.157638263403776,-2.827613625352814,Pasture,0.76783556,0.0021552343,0,0.0,1.7213930646264852,False
82,80,518160.0,9687460.0,33.16339672330327,-2.827612825133079,HerbaceousVegetation,0.92051214,0.0006472003,12,52.0,1.747268538301934,False
82,81,518800.0,9687460.0,33.1691551815372,-2.827611996206305,HerbaceousVegetation,0.99058855,0.0014729191,28,120.0,1.990452362387854,False
82,82,519440.0,9687460.0,33.17491363804685,-2.827611138572536,HerbaceousVegetation,0.97642046,0.0017071816,12,52.0,2.385383379863917,False
82,83,520080.0,9687460.0,33.180672092773534,-2.8276102522318123,HerbaceousVegetation,0.85861564,0.00049248175,32,138.0,2.870088348975797,False
82,84,520720.0,9687460.0,33.18643054565857,-2.827609337184181,Pasture,0.51040673,3.728614e-05,1,4.0,3.406458629269146,False
82,85,521360.0,9687460.0,33.192188996643225,-2.827608393429687,HerbaceousVegetation,0.68974274,0.0015177046,14,60.0,3.9736272667322288,False
83,0,466960.0,9686820.0,32.70271820088268,-2.8333761879573083,AnnualCrop,0.8236148,0.00014327308,0,0.0,6.529098344790355,False
83,1,467600.0,9686820.0,32.708476635453415,-2.8333776586122017,Residential,0.7707721,0.7707721,5,22.0,6.557942485519415,True
83,2,468240.0,9686820.0,32.71423507299579,-2.83337910050246,HerbaceousVegetation,0.50841045,0.06672638,4,17.0,6.648555789855189,True
83,3,468880.0,9686820.0,32.719993513451115,-2.833380513628008,HerbaceousVegetation,0.4648293,0.0003993667,14,60.0,6.79846883777909,True
83,4,469520.0,9686820.0,32.72575195676069,-2.8333818979887764,HerbaceousVegetation,0.9978715,5.1127686e-06,11,47.0,7.003874855084847,True
83,5,470160.0,9686820.0,32.731510402865815,-2.833383253584693,HerbaceousVegetation,0.8471469,0.0033653078,12,52.0,7.260065249922082,True
83,6,470800.0,9686820.0,32.7372688517078,-2.8333845804156903,HerbaceousVegetation,0.97045034,0.00030312012,0,0.0,6.941266758167729,False
83,7,471440.0,9686820.0,32.74302730322794,-2.833385878481701,HerbaceousVegetation,0.75135136,0.035749532,8,34.0,6.371019741358942,True
83,8,472080.0,9686820.0,32.74878575736754,-2.83338714778266,HerbaceousVegetation,0.7325343,0.011557362,13,56.0,5.815307462338204,True
83,9,472720.0,9686820.0,32.75454421406791,-2.833388388318504,HerbaceousVegetation,0.97635037,0.0064390837,8,34.0,5.278722309258882,True
83,10,473360.0,9686820.0,32.76030267327035,-2.8333896000891667,HerbaceousVegetation,0.8698784,0.01936575,6,26.0,4.68134130512642,False
83,11,474000.0,9686820.0,32.76606113491616,-2.8333907830945915,HerbaceousVegetation,0.9827489,0.00077347003,4,17.0,4.054423706523146,False
83,12,474640.0,9686820.0,32.771819598946635,-2.8333919373347167,HerbaceousVegetation,0.9544254,0.02161945,3,13.0,3.4323383820583655,False
83,13,475280.0,9686820.0,32.77757806530308,-2.8333930628094834,HerbaceousVegetation,0.9885966,1.4882833e-05,0,0.0,2.818287058815193,False
83,14,475920.0,9686820.0,32.78333653392681,-2.833394159518835,HerbaceousVegetation,0.9915794,0.00045125032,0,0.0,2.218949553914947,False
83,15,476560.0,9686820.0,32.789095004759105,-2.833395227462717,HerbaceousVegetation,0.7410689,0.0016903491,0,0.0,1.6504339731578161,False
83,16,477200.0,9686820.0,32.79485347774129,-2.833396266641074,HerbaceousVegetation,0.946295,0.008975418,20,86.0,1.159020050166367,False
83,17,477840.0,9686820.0,32.80061195281465,-2.8333972770538547,HerbaceousVegetation,0.5679437,0.001753951,7,30.0,0.8842639049637843,False
83,18,478480.0,9686820.0,32.806370429920484,-2.833398258701008,Pasture,0.687737,0.055922218,4,17.0,1.0196655483814059,False
83,19,479120.0,9686820.0,32.81212890900011,-2.8333992115824835,HerbaceousVegetation,0.76681936,0.035992216,0,0.0,1.4548927821286717,False
83,20,479760.0,9686820.0,32.817887389994816,-2.833400135698233,HerbaceousVegetation,0.94406193,0.008882658,0,0.0,2.0032244468417058,False
83,21,480400.0,9686820.0,32.82364587284591,-2.8334010310482114,HerbaceousVegetation,0.84618163,0.0005495991,0,0.0,2.5938973305353494,False
83,22,481040.0,9686820.0,32.82940435749469,-2.833401897632372,River,0.9125175,0.0012844361,1,4.0,3.203575898631491,False
83,23,481680.0,9686820.0,32.83516284388246,-2.8334027354506706,SeaLake,0.99986064,3.296396e-06,0,0.0,3.8231784833076676,False
83,24,482320.0,9686820.0,32.840921331950504,-2.8334035445030663,SeaLake,0.9995716,8.001053e-06,0,0.0,4.448560316794735,False
83,25,482960.0,9686820.0,32.84667982164015,-2.833404324789518,SeaLake,0.9996363,6.556627e-06,0,0.0,5.077586441321804,False
83,26,483600.0,9686820.0,32.85243831289268,-2.8334050763099854,SeaLake,0.99986315,2.021328e-06,0,0.0,5.709052394752494,False
83,27,484240.0,9686820.0,32.85819680564939,-2.8334057990644315,SeaLake,0.99955803,5.6214813e-06,0,0.0,6.342229452090434,False
83,28,484880.0,9686820.0,32.86395529985161,-2.8334064930528187,SeaLake,0.9981635,2.5699605e-05,0,0.0,6.9766517470701865,False
83,29,485520.0,9686820.0,32.86971379544061,-2.8334071582751124,SeaLake,0.99783933,2.4312838e-05,1,4.0,7.612007933313761,True
83,30,486160.0,9686820.0,32.8754722923577,-2.83340779473128,SeaLake,0.73105365,0.003589476,22,95.0,8.248082198533535,True
83,31,486800.0,9686820.0,32.88123079054419,-2.833408402421288,SeaLake,0.9612875,0.00011667017,68,292.0,8.884720318091052,True
83,32,487440.0,9686820.0,32.88698928994136,-2.833408981345105,SeaLake,0.63878834,0.0011623717,0,0.0,9.521809192986073,False
83,33,488080.0,9686820.0,32.89274779049053,-2.833409531502705,HerbaceousVegetation,0.82254606,0.0005680029,0,0.0,10.159264022780796,False
83,34,488720.0,9686820.0,32.89850629213299,-2.833410052894057,Forest,0.44117582,0.021798367,1,4.0,10.411218620320886,True
83,35,489360.0,9686820.0,32.90426479481004,-2.8334105455191363,HerbaceousVegetation,0.9973002,5.7992864e-05,22,95.0,9.78974087702564,True
83,36,490000.0,9686820.0,32.91002329846298,-2.833411009377917,SeaLake,0.9796713,0.0024692009,0,0.0,9.170811290092997,False
83,37,490640.0,9686820.0,32.91578180303312,-2.8334114444703764,SeaLake,0.999003,1.5263593e-05,0,0.0,8.554982933804583,False
83,38,491280.0,9686820.0,32.92154030846174,-2.8334118507964923,SeaLake,0.99786663,3.2597054e-05,0,0.0,7.942977167087797,False
83,39,491920.0,9686820.0,32.92729881469017,-2.833412228356244,SeaLake,0.9966353,4.5832432e-05,0,0.0,7.335750783394193,False
83,40,492560.0,9686820.0,32.93305732165968,-2.833412577149612,SeaLake,0.9981433,3.12023e-05,0,0.0,6.734596709177095,False
83,41,493200.0,9686820.0,32.93881582931158,-2.8334128971765806,SeaLake,0.9989973,1.5668773e-05,0,0.0,6.141298406237023,False
83,42,493840.0,9686820.0,32.94457433758718,-2.8334131884371314,SeaLake,0.99911314,1.2895685e-05,0,0.0,5.558372009288315,False
83,43,494480.0,9686820.0,32.95033284642776,-2.8334134509312507,SeaLake,0.9968495,5.0248982e-05,0,0.0,4.9894541457789,False
83,44,495120.0,9686820.0,32.95609135577464,-2.833413684658925,SeaLake,0.9986203,2.0282898e-05,0,0.0,4.439933102201056,False
83,45,495760.0,9686820.0,32.96184986556911,-2.833413889620142,SeaLake,0.99413997,8.385448e-05,0,0.0,3.917978972788283,False
83,46,496400.0,9686820.0,32.96760837575246,-2.8334140658148934,SeaLake,0.99643797,4.566465e-05,0,0.0,3.436177019654483,False
83,47,497040.0,9686820.0,32.97336688626601,-2.8334142132431683,SeaLake,0.93732846,0.0007295546,0,0.0,3.013845681117731,False
83,48,497680.0,9686820.0,32.97912539705105,-2.83341433190496,Forest,0.47398326,0.050462592,0,0.0,2.6792571860092935,False
83,49,498320.0,9686820.0,32.98488390804887,-2.8334144218002613,HerbaceousVegetation,0.7579655,3.8929666e-05,11,47.0,2.4683541779843656,False
83,50,498960.0,9686820.0,32.99064241920079,-2.833414482929069,HerbaceousVegetation,0.9354653,0.0049973433,22,95.0,2.413778288733932,False
83,51,499600.0,9686820.0,32.99640093044809,-2.833414515291381,HerbaceousVegetation,0.98701024,1.739354e-07,0,0.0,2.5256838492483076,False
83,52,500240.0,9686820.0,33.00215944173208,-2.833414518887193,HerbaceousVegetation,0.98380756,9.0792884e-05,6,26.0,2.7840675612391634,False
83,53,500880.0,9686820.0,33.007917952994056,-2.8334144937165067,HerbaceousVegetation,0.9781974,0.001642561,31,133.0,3.1531231286986903,False
83,54,501520.0,9686820.0,33.01367646417532,-2.833414439779322,HerbaceousVegetation,0.98874575,0.0009392899,34,146.0,3.598963565240006,False
83,55,502160.0,9686820.0,33.019434975217166,-2.833414357075644,HerbaceousVegetation,0.99625325,0.00029198272,2,9.0,3.682223937587045,False
83,56,502800.0,9686820.0,33.0251934860609,-2.8334142456054745,HerbaceousVegetation,0.90047413,0.0020392153,9,39.0,3.105167972997315,False
83,57,503440.0,9686820.0,33.03095199664783,-2.833414105368819,HerbaceousVegetation,0.95642525,0.0262334,3,13.0,2.5582343822483233,False
83,58,504080.0,9686820.0,33.036710506919235,-2.8334139363656865,Residential,0.9220538,0.9220538,0,0.0,2.065492233949737,False
83,59,504720.0,9686820.0,33.04246901681643,-2.833413738596085,HerbaceousVegetation,0.5162135,0.001955819,0,0.0,1.675456111778486,False
83,60,505360.0,9686820.0,33.048227526280705,-2.8334135120600235,HerbaceousVegetation,0.9726,0.000649719,4,17.0,1.4721576669925993,False
83,61,506000.0,9686820.0,33.05398603525337,-2.833413256757515,HerbaceousVegetation,0.98790854,0.0002482699,14,60.0,1.531843076321561,False
83,62,506640.0,9686820.0,33.05974454367571,-2.8334129726885697,HerbaceousVegetation,0.81061304,0.018233487,41,176.0,1.8289445657163896,False
83,63,507280.0,9686820.0,33.06550305148904,-2.833412659853205,PermanentCrop,0.64084244,0.004684829,7,30.0,2.27216487924022,False
83,64,507920.0,9686820.0,33.07126155863465,-2.833412318251435,HerbaceousVegetation,0.7340298,0.07001031,45,194.0,2.792781454471856,False
83,65,508560.0,9686820.0,33.07702006505385,-2.8334119478832767,Residential,0.9149048,0.9149048,206,886.0,2.535158577754393,False
83,66,509200.0,9686820.0,33.082778570687935,-2.833411548748751,HerbaceousVegetation,0.45774344,0.2760392,119,512.0,2.06719433350802,False
83,67,509840.0,9686820.0,33.08853707547819,-2.833411120847875,HerbaceousVegetation,0.5596042,0.31704247,180,774.0,1.714279968562212,False
83,68,510480.0,9686820.0,33.094295579365934,-2.8334106641806724,Residential,0.9580013,0.9580013,103,443.0,1.5567335060117549,False
83,69,511120.0,9686820.0,33.100054082292466,-2.833410178747166,HerbaceousVegetation,0.88134277,0.06156338,4,17.0,1.6514486388821303,False
83,70,511760.0,9686820.0,33.10581258419907,-2.83340966454738,HerbaceousVegetation,0.99513924,0.0002734534,14,60.0,1.9622298552900554,False
83,71,512400.0,9686820.0,33.11157108502707,-2.83340912158134,HerbaceousVegetation,0.9629607,0.0046663675,22,95.0,2.406784037490199,False
83,72,513040.0,9686820.0,33.117329584717744,-2.8334085498490738,HerbaceousVegetation,0.9930999,0.00033361526,8,34.0,2.924734654843686,False
83,73,513680.0,9686820.0,33.1230880832124,-2.83340794935061,HerbaceousVegetation,0.9993144,2.11505e-06,10,43.0,3.4834948255121043,False
83,74,514320.0,9686820.0,33.128846580452354,-2.8334073200859806,HerbaceousVegetation,0.9601283,0.0004914628,41,176.0,3.609983793784746,False
83,75,514960.0,9686820.0,33.13460507637888,-2.833406662055215,HerbaceousVegetation,0.7312516,0.00046693435,15,64.0,3.004286313483474,False
83,76,515600.0,9686820.0,33.14036357093329,-2.833405975258348,PermanentCrop,0.37688276,0.010644864,13,56.0,2.416338038309155,False
83,77,516240.0,9686820.0,33.14612206405688,-2.8334052596954127,HerbaceousVegetation,0.96078515,2.2533406e-05,0,0.0,1.8630198005859597,False
83,78,516880.0,9686820.0,33.151880555690965,-2.833404515366448,HerbaceousVegetation,0.99766845,5.5658766e-05,6,26.0,1.3864328470470402,False
83,79,517520.0,9686820.0,33.15763904577683,-2.8334037422714884,HerbaceousVegetation,0.46643388,0.005670102,3,13.0,1.0921306246812126,False
83,80,518160.0,9686820.0,33.163397534255786,-2.833402940410575,Pasture,0.8201343,4.4696917e-05,0,0.0,1.1324762970421012,False
83,81,518800.0,9686820.0,33.16915602106913,-2.8334021097837483,HerbaceousVegetation,0.903543,0.01414117,5,22.0,1.4803566547821518,False
83,82,519440.0,9686820.0,33.17491450615815,-2.8334012503910486,HerbaceousVegetation,0.5460972,0.019000025,28,120.0,1.9798002645098867,False
83,83,520080.0,9686820.0,33.18067298946417,-2.833400362232521,HerbaceousVegetation,0.7872307,0.011843958,19,82.0,2.5430222864436383,False
83,84,520720.0,9686820.0,33.18643147092848,-2.8333994453082094,HerbaceousVegetation,0.93238413,0.0009976379,7,30.0,3.1358436841374355,False
83,85,521360.0,9686820.0,33.19218995049237,-2.833398499618161,HerbaceousVegetation,0.8438558,0.00030490782,38,163.0,3.7439987071672594,False
84,0,466960.0,9686180.0,32.702716722442055,-2.8391662478993007,AnnualCrop,0.5504947,9.458216e-05,0,0.0,7.169094041062294,False
84,1,467600.0,9686180.0,32.70847518564962,-2.8391677215642304,HerbaceousVegetation,0.59428006,0.0001293488,0,0.0,7.195373083936044,False
84,2,468240.0,9686180.0,32.71423365182889,-2.83916916640565,HerbaceousVegetation,0.5374594,0.00051087,5,22.0,7.278054565917166,True
84,3,468880.0,9686180.0,32.719992120921184,-2.839170582423487,HerbaceousVegetation,0.99548584,2.56616e-05,20,86.0,7.415252032932132,True
84,4,469520.0,9686180.0,32.7257505928678,-2.8391719696176683,HerbaceousVegetation,0.7846154,0.00011755398,27,116.0,7.604015199836237,True
84,5,470160.0,9686180.0,32.731509067610034,-2.8391733279881257,HerbaceousVegetation,0.7867106,0.05778139,6,26.0,7.801581006166575,True
84,6,470800.0,9686180.0,32.7372675450892,-2.839174657534789,HerbaceousVegetation,0.99733347,0.00022889422,21,90.0,7.162495664268111,True
84,7,471440.0,9686180.0,32.743026025246586,-2.8391759582575933,HerbaceousVegetation,0.913006,0.002594331,3,13.0,6.522878146768774,True
84,8,472080.0,9686180.0,32.7487845080235,-2.83917723015647,HerbaceousVegetation,0.98464787,2.779648e-05,41,176.0,5.883343819166766,True
84,9,472720.0,9686180.0,32.75454299336124,-2.8391784732313563,HerbaceousVegetation,0.997248,0.00011459636,35,150.0,5.243923118378258,True
84,10,473360.0,9686180.0,32.76030148120111,-2.8391796874821904,HerbaceousVegetation,0.8385554,0.01629301,7,30.0,4.604663380573665,False
84,11,474000.0,9686180.0,32.76605997148441,-2.839180872908908,HerbaceousVegetation,0.9862141,0.0004496949,17,73.0,3.9656424479937993,False
84,12,474640.0,9686180.0,32.77181846415243,-2.8391820295114525,HerbaceousVegetation,0.98616374,0.001066591,9,39.0,3.3269979263991747,False
84,13,475280.0,9686180.0,32.777576959146494,-2.839183157289764,HerbaceousVegetation,0.99463433,1.5757463e-05,0,0.0,2.6889980251384635,False
84,14,475920.0,9686180.0,32.78333545640788,-2.839184256243785,HerbaceousVegetation,0.7217459,0.0009039525,0,0.0,2.05224402938167,False
84,15,476560.0,9686180.0,32.7890939558779,-2.8391853263734617,HerbaceousVegetation,0.465437,0.019765994,47,202.0,1.418414866344422,False
84,16,477200.0,9686180.0,32.79485245749786,-2.839186367678737,HerbaceousVegetation,0.99163145,2.4294784e-05,26,112.0,0.7945413205120406,False
84,17,477840.0,9686180.0,32.80061096120904,-2.839187380159561,HerbaceousVegetation,0.9612507,0.035261314,62,267.0,0.2643692246370031,False
84,18,478480.0,9686180.0,32.80636946695275,-2.839188363815883,HerbaceousVegetation,0.9324113,0.007269411,9,39.0,0.5724388734784903,False
84,19,479120.0,9686180.0,32.812127974670304,-2.8391893186476507,HerbaceousVegetation,0.98312235,0.00034122507,0,0.0,1.1851925754085182,False
84,20,479760.0,9686180.0,32.81788648430298,-2.8391902446548176,HerbaceousVegetation,0.9802136,7.074488e-05,30,129.0,1.8168314775282897,False
84,21,480400.0,9686180.0,32.82364499579209,-2.839191141837336,HerbaceousVegetation,0.99876404,1.0111168e-05,28,120.0,2.452808960084699,False
84,22,481040.0,9686180.0,32.82940350907893,-2.8391920101951613,HerbaceousVegetation,0.913271,0.0004816562,0,0.0,3.0904476976007755,False
84,23,481680.0,9686180.0,32.8351620241048,-2.8391928497282497,SeaLake,0.99979913,3.9318284e-06,0,0.0,3.728895566858917,False
84,24,482320.0,9686180.0,32.840920540811,-2.839193660436558,SeaLake,0.9995935,6.104797e-06,0,0.0,4.367797766091539,False
84,25,482960.0,9686180.0,32.84667905913882,-2.839194442320047,SeaLake,0.9989999,1.3459257e-05,0,0.0,5.006980377673592,False
84,26,483600.0,9686180.0,32.852437579029576,-2.8391951953786747,SeaLake,0.99891114,1.386719e-05,0,0.0,5.6463481719906845,False
84,27,484240.0,9686180.0,32.85819610042456,-2.8391959196124046,SeaLake,0.9995255,6.821207e-06,0,0.0,6.285844641436559,False
84,28,484880.0,9686180.0,32.863954623265066,-2.8391966150212,SeaLake,0.9996751,3.412401e-06,0,0.0,6.925434140413931,False
84,29,485520.0,9686180.0,32.8697131474924,-2.839197281605025,HerbaceousVegetation,0.9500428,0.00041061005,3,13.0,7.56509307346215,True
84,30,486160.0,9686180.0,32.875471673047855,-2.839197919363847,Forest,0.5062304,0.0022170483,4,17.0,8.20480520104403,True
84,31,486800.0,9686180.0,32.88123019987273,-2.839198528297633,HerbaceousVegetation,0.9976809,8.767279e-06,15,64.0,8.844558980752705,True
84,32,487440.0,9686180.0,32.88698872790834,-2.839199108406352,HerbaceousVegetation,0.92110455,0.010479192,2,9.0,9.48434598382764,True
84,33,488080.0,9686180.0,32.89274725709595,-2.8391996596899767,HerbaceousVegetation,0.9482918,0.00028024672,0,0.0,10.124159911710285,False
84,34,488720.0,9686180.0,32.8985057873769,-2.839200182148477,HerbaceousVegetation,0.96921206,0.001283554,1,4.0,10.577778178826978,True
84,35,489360.0,9686180.0,32.904264318692455,-2.839200675781828,HerbaceousVegetation,0.9265208,9.555251e-05,12,52.0,9.966691752013736,True
84,36,490000.0,9686180.0,32.91002285098392,-2.839201140590002,HerbaceousVegetation,0.899644,4.136206e-05,0,0.0,9.359471019178866,False
84,37,490640.0,9686180.0,32.91578138419261,-2.839201576572979,SeaLake,0.99975604,1.526861e-06,0,0.0,8.756920179951369,False
84,38,491280.0,9686180.0,32.92153991825982,-2.8392019837307347,SeaLake,0.9974541,3.3847453e-05,0,0.0,8.160073793614243,False
84,39,491920.0,9686180.0,32.92729845312683,-2.8392023620632507,SeaLake,0.9957055,5.117691e-05,0,0.0,7.570281209864029,False
84,40,492560.0,9686180.0,32.933056988734954,-2.839202711570505,SeaLake,0.99775547,3.601063e-05,0,0.0,6.989328356545486,False
84,41,493200.0,9686180.0,32.93881552502548,-2.8392030322524824,SeaLake,0.99926966,1.0935248e-05,0,0.0,6.419615576870725,False
84,42,493840.0,9686180.0,32.944574061939726,-2.8392033241091656,SeaLake,0.9985858,2.2564367e-05,0,0.0,5.864419616124999,False
84,43,494480.0,9686180.0,32.95033259941897,-2.83920358714054,SeaLake,0.9986522,2.3382876e-05,0,0.0,5.328280277273534,False
84,44,495120.0,9686180.0,32.95609113740451,-2.839203821346592,SeaLake,0.998692,2.0802132e-05,0,0.0,4.817564113986712,False
84,45,495760.0,9686180.0,32.96184967583767,-2.83920402672731,SeaLake,0.99865305,2.1641838e-05,0,0.0,4.341252961019779,False
84,46,496400.0,9686180.0,32.96760821465971,-2.8392042032826845,SeaLake,0.9976802,3.2266053e-05,0,0.0,3.9119343745458504,False
84,47,497040.0,9686180.0,32.97336675381196,-2.839204351012705,SeaLake,0.9804416,0.00011485633,0,0.0,3.546714512044051,False
84,48,497680.0,9686180.0,32.979125293235704,-2.839204469917365,HerbaceousVegetation,0.9881296,0.00011825561,4,17.0,3.267160404561476,False
84,49,498320.0,9686180.0,32.98488383287224,-2.839204559996659,HerbaceousVegetation,0.90258276,0.011661284,0,0.0,3.0965610583879566,False
84,50,498960.0,9686180.0,32.99064237266287,-2.8392046212505813,HerbaceousVegetation,0.9998715,7.3619157e-07,23,99.0,3.0532349512468206,False
84,51,499600.0,9686180.0,32.996400912548886,-2.839204653679129,HerbaceousVegetation,0.9419417,0.0013655762,13,56.0,3.1424507866799782,False
84,52,500240.0,9686180.0,33.002159452471595,-2.839204657282301,HerbaceousVegetation,0.8702947,0.0056226333,3,13.0,3.3536473019529125,False
84,53,500880.0,9686180.0,33.00791799237229,-2.839204632060098,HerbaceousVegetation,0.9600417,0.004962796,18,77.0,3.665801891140121,False
84,54,501520.0,9686180.0,33.01367653219227,-2.839204578012519,HerbaceousVegetation,0.9115428,0.003948132,32,138.0,4.055669708479344,False
84,55,502160.0,9686180.0,33.01943507187284,-2.839204495139567,HerbaceousVegetation,0.9597961,0.0101574445,34,146.0,3.9797748873723795,False
84,56,502800.0,9686180.0,33.02519361135528,-2.8392043834412486,HerbaceousVegetation,0.9134767,0.0065588793,15,64.0,3.4528109082527303,False
84,57,503440.0,9686180.0,33.0309521505809,-2.839204242917567,HerbaceousVegetation,0.954789,0.00010413008,16,69.0,2.970588861175214,False
84,58,504080.0,9686180.0,33.036710689491,-2.8392040735685304,HerbaceousVegetation,0.9925654,1.41293785e-05,29,125.0,2.558533407272116,False
84,59,504720.0,9686180.0,33.04246922802688,-2.839203875394147,HerbaceousVegetation,0.9876853,0.0003325934,34,146.0,2.2554352595711267,False
84,60,505360.0,9686180.0,33.048227766129834,-2.8392036483944274,HerbaceousVegetation,0.42605945,0.07362945,3,13.0,2.1088108554599874,False
84,61,506000.0,9686180.0,33.053986303741155,-2.839203392569382,HerbaceousVegetation,0.99411607,0.004134058,13,56.0,2.1509017267404604,False
84,62,506640.0,9686180.0,33.05974484080215,-2.8392031079190256,HerbaceousVegetation,0.4661444,0.45852202,17,73.0,2.3716815241689395,False
84,63,507280.0,9686180.0,33.06550337725411,-2.83920279444337,HerbaceousVegetation,0.5491944,0.2476517,13,56.0,2.7281070847885562,False
84,64,507920.0,9686180.0,33.07126191303834,-2.839202452142432,HerbaceousVegetation,0.9114691,0.009604313,47,202.0,2.7963823266797183,False
84,65,508560.0,9686180.0,33.077020448096135,-2.839202081016231,Residential,0.9997964,0.9997964,404,1737.0,2.2015488900073663,False
84,66,509200.0,9686180.0,33.082778982368794,-2.839201681064784,Residential,0.81738657,0.81738657,458,1969.0,1.6410609108801106,False
84,67,509840.0,9686180.0,33.08853751579761,-2.8392012522881096,HerbaceousVegetation,0.8939485,0.08183278,197,847.0,1.1655660905090925,False
84,68,510480.0,9686180.0,33.0942960483239,-2.8392007946862323,Residential,0.9910267,0.9910267,120,516.0,0.9182634205230227,False
84,69,511120.0,9686180.0,33.10005457988893,-2.839200308259173,HerbaceousVegetation,0.96022403,0.00085988094,0,0.0,1.0710140557418621,False
84,70,511760.0,9686180.0,33.105813110434035,-2.8391997930069586,HerbaceousVegetation,0.96046203,0.009802487,32,138.0,1.50669655396255,False
84,71,512400.0,9686180.0,33.11157163990049,-2.8391992489296123,HerbaceousVegetation,0.7892481,0.014122835,24,103.0,2.0524127031005763,False
84,72,513040.0,9686180.0,33.1173301682296,-2.8391986760271646,HerbaceousVegetation,0.3448011,0.14660928,6,26.0,2.6403231656695705,False
84,73,513680.0,9686180.0,33.12308869536266,-2.839198074299642,PermanentCrop,0.82519215,0.0005336905,2,9.0,3.2467656364962783,False
84,74,514320.0,9686180.0,33.128847221240974,-2.8391974437470755,HerbaceousVegetation,0.35382918,0.026415521,7,30.0,3.475735635777111,False
84,75,514960.0,9686180.0,33.13460574580584,-2.839196784369498,PermanentCrop,0.64119214,0.00051308406,23,99.0,2.8415649687815576,False
84,76,515600.0,9686180.0,33.14036426899855,-2.8391960961669422,HerbaceousVegetation,0.92164356,9.6930584e-05,23,99.0,2.2107565975932646,False
84,77,516240.0,9686180.0,33.14612279076042,-2.839195379139442,PermanentCrop,0.5490773,0.0013400547,0,0.0,1.5873241621665568,False
84,78,516880.0,9686180.0,33.15188131103274,-2.839194633287036,HerbaceousVegetation,0.75011283,0.0012424024,44,189.0,0.9853685898146819,False
84,79,517520.0,9686180.0,33.1576398297568,-2.839193858609759,Residential,0.9881202,0.9881202,37,159.0,0.49143109363265614,False
84,80,518160.0,9686180.0,33.163398346873905,-2.839193055107652,Residential,0.3385579,0.3385579,11,47.0,0.575549982003824,False
84,81,518800.0,9686180.0,33.169156862325366,-2.8391922227807544,HerbaceousVegetation,0.7525717,0.03546686,23,99.0,1.1136476299890443,False
84,82,519440.0,9686180.0,33.17491537605246,-2.839191361629109,HerbaceousVegetation,0.99129933,2.3448125e-05,11,47.0,1.7225028857215898,False
84,83,520080.0,9686180.0,33.180673887996505,-2.8391904716527594,HerbaceousVegetation,0.8270992,0.0005200246,2,9.0,2.347893976982358,False
84,84,520720.0,9686180.0,33.186432398098795,-2.839189552851751,HerbaceousVegetation,0.98924935,0.0002391764,8,34.0,2.979495941091524,False
84,85,521360.0,9686180.0,33.192190906300624,-2.8391886052261284,HerbaceousVegetation,0.98075885,0.0008339893,21,90.0,3.6140539562673517,False
85,0,466960.0,9685540.0,32.702715240971024,-2.8449563072591704,PermanentCrop,0.7496574,0.0010389184,0,0.0,7.809090442762566,False
85,1,467600.0,9685540.0,32.708473732874104,-2.844957783934164,Highway,0.36175925,0.064196445,0,0.0,7.833222707843946,False
85,2,468240.0,9685540.0,32.71423222774897,-2.8449592317267736,Highway,0.7795518,3.871646e-05,2,9.0,7.909239055567764,True
85,3,468880.0,9685540.0,32.71999072553694,-2.8449606506369265,PermanentCrop,0.64875615,0.025423033,24,103.0,8.035667171153547,True
85,4,469520.0,9685540.0,32.72574922617929,-2.8449620406645497,Pasture,0.45952335,0.022436926,40,172.0,8.210178520165762,True
85,5,470160.0,9685540.0,32.731507729617334,-2.844963401809574,PermanentCrop,0.4121356,0.030817496,29,125.0,7.80904074755912,True
85,6,470800.0,9685540.0,32.73726623579237,-2.84496473407193,HerbaceousVegetation,0.9802713,0.0016282363,15,64.0,7.169972982792394,True
85,7,471440.0,9685540.0,32.7430247446457,-2.844966037451551,Residential,0.52190363,0.52190363,11,47.0,6.531087792313545,True
85,8,472080.0,9685540.0,32.74878325611862,-2.8449673119483707,Pasture,0.8940593,0.017032636,0,0.0,5.892444562984124,False
85,9,472720.0,9685540.0,32.75454177015244,-2.8449685575623263,HerbaceousVegetation,0.995919,7.431935e-05,14,60.0,5.254131527167484,True
85,10,473360.0,9685540.0,32.760300286688434,-2.8449697742933515,HerbaceousVegetation,0.87955517,0.045901828,20,86.0,4.616285658590624,False
85,11,474000.0,9685540.0,32.766058805667925,-2.8449709621413883,HerbaceousVegetation,0.99253255,9.610101e-06,9,39.0,3.9791316211761103,False
85,12,474640.0,9685540.0,32.7718173270322,-2.8449721211063737,HerbaceousVegetation,0.977603,0.000112026515,7,30.0,3.3430650061848595,False
85,13,475280.0,9685540.0,32.77757585072257,-2.8449732511882515,HerbaceousVegetation,0.9988764,5.812705e-06,7,30.0,2.7088519362475183,False
85,14,475920.0,9685540.0,32.78333437668033,-2.844974352386964,HerbaceousVegetation,0.96380776,0.008387017,4,17.0,2.078190075389179,False
85,15,476560.0,9685540.0,32.78909290484677,-2.844975424702454,HerbaceousVegetation,0.8685657,0.0014061077,7,30.0,1.4557022931836832,False
85,16,477200.0,9685540.0,32.7948514351632,-2.8449764681346705,HerbaceousVegetation,0.67474836,0.059857775,95,408.0,0.8593394808307059,False
85,17,477840.0,9685540.0,32.8006099675709,-2.844977482683557,HerbaceousVegetation,0.9754598,0.001462838,174,748.0,0.4207844106529375,False
85,18,478480.0,9685540.0,32.80636850201119,-2.844978468349065,HerbaceousVegetation,0.85062736,0.0036323678,36,155.0,0.6594351349319301,False
85,19,479120.0,9685540.0,32.812127038425366,-2.8449794251311444,HerbaceousVegetation,0.9655429,0.00019882478,16,69.0,1.2295730454579938,False
85,20,479760.0,9685540.0,32.81788557675471,-2.844980353029745,River,0.5474547,0.0050437497,75,322.0,1.8460891232687002,False
85,21,480400.0,9685540.0,32.823644116940535,-2.844981252044823,SeaLake,0.6702874,0.0022624992,23,99.0,2.474558592554468,False
85,22,481040.0,9685540.0,32.82940265892414,-2.8449821221763307,SeaLake,0.999627,9.097671e-07,0,0.0,3.107737988460305,False
85,23,481680.0,9685540.0,32.83516120264681,-2.8449829634242234,SeaLake,0.9991331,1.5327652e-05,0,0.0,3.7432379809268683,False
85,24,482320.0,9685540.0,32.840919748049856,-2.8449837757884606,SeaLake,0.99905807,1.5355645e-05,0,0.0,4.3800486023316685,False
85,25,482960.0,9685540.0,32.84667829507457,-2.8449845592690006,SeaLake,0.99945587,1.2879236e-05,0,0.0,5.017670867615946,False
85,26,483600.0,9685540.0,32.85243684366225,-2.8449853138658043,SeaLake,0.98459333,0.0009595776,0,0.0,5.655830276153619,False
85,27,484240.0,9685540.0,32.858195393754194,-2.844986039578832,River,0.36545637,0.0028982563,2,9.0,6.294363453883964,True
85,28,484880.0,9685540.0,32.8639539452917,-2.8449867364080488,SeaLake,0.9229938,0.00038796902,0,0.0,6.93316713101049,False
85,29,485520.0,9685540.0,32.86971249821607,-2.84498740435342,HerbaceousVegetation,0.9632668,9.5708754e-05,0,0.0,7.572172848229124,False
85,30,486160.0,9685540.0,32.87547105246858,-2.844988043414908,HerbaceousVegetation,0.949726,8.4087784e-05,0,0.0,8.211333437413957,False
85,31,486800.0,9685540.0,32.88122960799056,-2.8449886535924844,HerbaceousVegetation,0.82622945,4.7509617e-05,5,22.0,8.850615345687931,True
85,32,487440.0,9685540.0,32.886988164723284,-2.8449892348861168,HerbaceousVegetation,0.9952087,4.381282e-06,4,17.0,9.48999405554402,True
85,33,488080.0,9685540.0,32.89274672260806,-2.844989787295777,HerbaceousVegetation,0.78009236,0.029090814,5,22.0,10.129451236429098,True
85,34,488720.0,9685540.0,32.89850528158618,-2.844990310821434,HerbaceousVegetation,0.9661556,0.00018596121,25,108.0,10.768972909619986,True
85,35,489360.0,9685540.0,32.90426384159895,-2.8449908054630657,HerbaceousVegetation,0.98997134,1.7418442e-05,9,39.0,10.180867473845758,True
85,36,490000.0,9685540.0,32.91002240258765,-2.8449912712206444,HerbaceousVegetation,0.9762019,0.002254615,10,43.0,9.587221484830781,True
85,37,490640.0,9685540.0,32.91578096449359,-2.8449917080941467,HerbaceousVegetation,0.99916834,2.2442033e-05,8,34.0,8.999931615206382,True
85,38,491280.0,9685540.0,32.92153952725807,-2.8449921160835507,AnnualCrop,0.8468926,0.0004474839,3,13.0,8.42032792458713,True
85,39,491920.0,9685540.0,32.92729809082238,-2.844992495188837,SeaLake,0.9998567,3.7199836e-06,0,0.0,7.850113097068872,False
85,40,492560.0,9685540.0,32.93305665512782,-2.844992845409985,SeaLake,0.9978738,6.245105e-05,0,0.0,7.2914901711490145,False
85,41,493200.0,9685540.0,32.938815220115686,-2.844993166746977,SeaLake,0.99877983,1.7612805e-05,0,0.0,6.747338897310043,False
85,42,493840.0,9685540.0,32.94457378572727,-2.8449934591997987,SeaLake,0.9994286,1.0747726e-05,0,0.0,6.221457664755387,False
85,43,494480.0,9685540.0,32.950332351903874,-2.8449937227684328,SeaLake,0.9987249,1.687376e-05,0,0.0,5.718888769117126,False
85,44,495120.0,9685540.0,32.9560909185868,-2.844993957452868,SeaLake,0.99966526,4.9653013e-06,0,0.0,5.2463360579288505,False
85,45,495760.0,9685540.0,32.96184948571733,-2.844994163253091,SeaLake,0.9973545,3.653304e-05,0,0.0,4.812649510603786,False
85,46,496400.0,9685540.0,32.967608053236766,-2.844994340169092,SeaLake,0.9978714,3.183183e-05,0,0.0,4.429260501608063,False
85,47,497040.0,9685540.0,32.97336662108641,-2.844994488200861,SeaLake,0.43088424,0.0017468118,2,9.0,4.110267858704069,False
85,48,497680.0,9685540.0,32.979125189207565,-2.8449946073483927,HerbaceousVegetation,0.87015694,2.236705e-05,3,13.0,3.8716217725245547,False
85,49,498320.0,9685540.0,32.98488375754152,-2.844994697611679,HerbaceousVegetation,0.97687554,0.0005270177,7,30.0,3.7287810915467547,False
85,50,498960.0,9685540.0,32.99064232602956,-2.8449947589907176,HerbaceousVegetation,0.9108787,0.0001068456,13,56.0,3.6928798664276967,False
85,51,499600.0,9685540.0,32.996400894613004,-2.8449947914855027,HerbaceousVegetation,0.947651,0.0035000115,20,86.0,3.766976902910009,False
85,52,500240.0,9685540.0,33.00215946323313,-2.8449947950960337,HerbaceousVegetation,0.5569809,0.06155373,28,120.0,3.944878739105667,False
85,53,500880.0,9685540.0,33.007918031831245,-2.8449947698223124,HerbaceousVegetation,0.9905748,0.00086531107,127,546.0,4.213457196345818,False
85,54,501520.0,9685540.0,33.01367660034864,-2.844994715664338,HerbaceousVegetation,0.8943658,0.00023426895,20,86.0,4.556706576534064,False
85,55,502160.0,9685540.0,33.019435168726616,-2.8449946326221123,HerbaceousVegetation,0.9984285,5.057273e-06,21,90.0,4.3517402475079585,False
85,56,502800.0,9685540.0,33.02519373690647,-2.844994520695642,HerbaceousVegetation,0.9008644,0.0009285106,0,0.0,3.875685513011838,False
85,57,503440.0,9685540.0,33.0309523048295,-2.844994379884931,HerbaceousVegetation,0.99920183,4.198311e-06,0,0.0,3.4530324657841036,False
85,58,504080.0,9685540.0,33.036710872437,-2.844994210189987,HerbaceousVegetation,0.8959232,0.046550192,57,245.0,3.1056606742766117,False
85,59,504720.0,9685540.0,33.042469439670256,-2.8449940116108188,HerbaceousVegetation,0.94349676,0.0006831038,28,120.0,2.8611227232919365,False
85,60,505360.0,9685540.0,33.04822800647059,-2.844993784147436,HerbaceousVegetation,0.9770403,0.001089781,14,60.0,2.7470198855717585,False
85,61,506000.0,9685540.0,33.05398657277927,-2.84499352779985,HerbaceousVegetation,0.9732843,0.0010508287,10,43.0,2.7794627656645967,False
85,62,506640.0,9685540.0,33.059745138537615,-2.8449932425680746,HerbaceousVegetation,0.92862284,0.016292134,20,86.0,2.9536262931699904,False
85,63,507280.0,9685540.0,33.065503703686915,-2.844992928452123,HerbaceousVegetation,0.9892424,6.4841515e-05,20,86.0,3.246783530464313,False
85,64,507920.0,9685540.0,33.07126226816846,-2.8449925854520126,HerbaceousVegetation,0.8147692,0.024441916,83,357.0,2.6568294295452364,False
85,65,508560.0,9685540.0,33.077020831923555,-2.844992213567759,Residential,0.9073419,0.9073419,188,808.0,2.0213376798109857,False
85,66,509200.0,9685540.0,33.08277939489349,-2.844991812799384,Residential,0.89452285,0.89452285,356,1531.0,1.3899889977800723,False
85,67,509840.0,9685540.0,33.088537957019575,-2.8449913831469025,Highway,0.7288621,0.10133485,526,2262.0,0.7730024657629764,False
85,68,510480.0,9685540.0,33.09429651824309,-2.844990924610341,HerbaceousVegetation,0.89396524,0.008020696,66,284.0,0.2866988144405776,False
85,69,511120.0,9685540.0,33.10005507850535,-2.84499043718972,HerbaceousVegetation,0.8260703,0.0118815685,71,305.0,0.6213369523274983,False
85,70,511760.0,9685540.0,33.10581363774764,-2.844989920885067,HerbaceousVegetation,0.96215457,0.028247172,40,172.0,1.2252618226918117,False
85,71,512400.0,9685540.0,33.11157219591125,-2.8449893756964046,HerbaceousVegetation,0.8950803,0.00024967795,11,47.0,1.8528484053769099,False
85,72,513040.0,9685540.0,33.11733075293749,-2.844988801623763,HerbaceousVegetation,0.9627386,0.00036895508,5,22.0,2.486770574956495,False
85,73,513680.0,9685540.0,33.12308930876766,-2.84498819866717,HerbaceousVegetation,0.9416199,0.00025910788,0,0.0,3.123172837297218,False
85,74,514320.0,9685540.0,33.12884786334305,-2.8449875668266564,HerbaceousVegetation,0.9994973,1.249524e-06,0,0.0,3.456688216810034,False
85,75,514960.0,9685540.0,33.13460641660495,-2.8449869061022537,Forest,0.69784063,0.00039204452,1,4.0,2.8182346762164694,False
85,76,515600.0,9685540.0,33.14036496849468,-2.844986216493995,HerbaceousVegetation,0.9431338,0.0001529926,0,0.0,2.1806879538862414,False
85,77,516240.0,9685540.0,33.14612351895351,-2.8449854980019165,HerbaceousVegetation,0.61070967,0.00013627078,0,0.0,1.5451709336575596,False
85,78,516880.0,9685540.0,33.15188206792276,-2.8449847506260544,HerbaceousVegetation,0.9449412,0.009070444,11,47.0,0.9159183785773641,False
85,79,517520.0,9685540.0,33.15764061534372,-2.844983974366445,HerbaceousVegetation,0.89957696,0.08351043,59,254.0,0.32940258555193086,False
85,80,518160.0,9685540.0,33.163399161157685,-2.844983169223127,HerbaceousVegetation,0.8222529,0.018363142,29,125.0,0.4432786924713714,False
85,81,518800.0,9685540.0,33.16915770530596,-2.844982335196144,HerbaceousVegetation,0.9045677,0.002146158,63,271.0,1.0505645791810994,False
85,82,519440.0,9685540.0,33.174916247729826,-2.844981472285536,HerbaceousVegetation,0.8082667,0.013750181,36,155.0,1.6822829342476229,False
85,83,520080.0,9685540.0,33.1806747883706,-2.8449805804913475,HerbaceousVegetation,0.9809188,5.6234472e-05,0,0.0,2.3185482109914437,False
85,84,520720.0,9685540.0,33.186433327169574,-2.8449796598136223,Pasture,0.6647695,0.00976026,16,69.0,2.956426177418008,False
85,85,521360.0,9685540.0,33.19219186406804,-2.844978710252408,HerbaceousVegetation,0.9386936,0.0019857944,20,86.0,3.595058508335196,False
